Gene,Non-unique Gene name,Annotation,GCF_000171535.2,GCF_000171415.1,GCF_000171515.1,GCF_000170215.1,GCF_000020745.1,GCF_000022165.1,GCF_000020925.1,GCF_000007545.1,GCF_000020885.1
rfbM,;rfbM,mannose-1-phosphate guanylyltransferase;mannose-1-phosphate guanylyltransferase RfbM,,IKCLMC_01942,PKJKAM_04085,ODDLKH_02578,LNHIMF_02222,AJBGEP_02245,HFCAGB_02344,GEGEGB_00834,BEJGEH_02104
group_4747,,PBP domain-containing protein,ONMMKP_03310,IKCLMC_02881,PKJKAM_03852,ODDLKH_03968,LNHIMF_03567,AJBGEP_03706,HFCAGB_03761,,BEJGEH_03557
group_4739,,Phage protein,0_refound_10,IKCLMC_00221,2_refound_32,ODDLKH_01669,4_refound_50,AJBGEP_01016,HFCAGB_01068,GEGEGB_02008,
ratA~~~ratB,;ratA;ratB,Outer membrane protein;hypothetical protein;Outer membrane protein RatA;Inverse autotransporter beta-barrel domain-containing protein;putative outer membrane protein,ONMMKP_04317,IKCLMC_01290,PKJKAM_02769,ODDLKH_03016,LNHIMF_02645;LNHIMF_02644,AJBGEP_02685;AJBGEP_02684,HFCAGB_02787,GEGEGB_00375;GEGEGB_00374;GEGEGB_00373;GEGEGB_00376,
group_4716,,hypothetical protein;Putative periplasmic protein,ONMMKP_01716,IKCLMC_02221,PKJKAM_03319,ODDLKH_00924,,AJBGEP_00458,HFCAGB_00462,GEGEGB_02549,BEJGEH_00446
group_4685,,Zinc-regulated secreted antivirulence protein C-terminal domain-containing protein,ONMMKP_00370,IKCLMC_04521,PKJKAM_04524,ODDLKH_02154,,AJBGEP_01756,HFCAGB_01610,GEGEGB_01660,BEJGEH_01400
group_4655,,hypothetical protein;Alkyl hydroperoxide reductase subunit F,ONMMKP_00503,IKCLMC_04646,PKJKAM_04652,ODDLKH_02027,LNHIMF_01598,AJBGEP_01629,,GEGEGB_01542;GEGEGB_01543,BEJGEH_01538
group_4653,,Oxaloacetate decarboxylase;Oxaloacetate decarboxylase alpha subunit,ONMMKP_01386,IKCLMC_00076,PKJKAM_00468,ODDLKH_01259,,AJBGEP_00792,HFCAGB_00847,GEGEGB_00060,BEJGEH_00768
group_4651,,hypothetical protein;Sel1 repeat family protein;Putative periplasmic protein,ONMMKP_01717,IKCLMC_02220,PKJKAM_03320,ODDLKH_00923,,AJBGEP_00457,HFCAGB_00461,GEGEGB_02550;GEGEGB_02551;GEGEGB_02552,BEJGEH_00445
group_4648,,HTH lysR-type domain-containing protein,,IKCLMC_03197,PKJKAM_02091,ODDLKH_00507,LNHIMF_00032,AJBGEP_00032,HFCAGB_00033,GEGEGB_00035,BEJGEH_00033
group_4644,,hypothetical protein;putative HTH-type transcriptional regulator STM3175,ONMMKP_03654,IKCLMC_03698;IKCLMC_03699,PKJKAM_01913,ODDLKH_03603,,AJBGEP_03343,HFCAGB_03399,GEGEGB_03250,BEJGEH_03192
sseJ,sseJ,SPI-2 type III secretion system effector SseJ,ONMMKP_00410,IKCLMC_04561,PKJKAM_04564,ODDLKH_02115,LNHIMF_01688,AJBGEP_01717,HFCAGB_01651,,BEJGEH_01441
group_4621,,7-methyl-GTP pyrophosphatase,ONMMKP_00946,IKCLMC_00859,,ODDLKH_01593,LNHIMF_01222,AJBGEP_01189,HFCAGB_02107,GEGEGB_01827,BEJGEH_01905
group_4611,,Inner membrane protein,ONMMKP_01302,IKCLMC_01426,PKJKAM_01103,ODDLKH_01300,,AJBGEP_00836,HFCAGB_00888,GEGEGB_02187,BEJGEH_00809
group_4587,,DUF4427 domain-containing protein,ONMMKP_00251,IKCLMC_04401,PKJKAM_04404,ODDLKH_02273,LNHIMF_01853,AJBGEP_01876,,GEGEGB_01158,BEJGEH_01280
group_4580,,DUF1493 domain-containing protein,ONMMKP_04323,IKCLMC_01296,PKJKAM_02775,ODDLKH_03010,LNHIMF_02638,AJBGEP_02678,HFCAGB_02780,,BEJGEH_02534
group_4575,,hypothetical protein,ONMMKP_03955,,PKJKAM_02490,ODDLKH_03325,LNHIMF_02937,AJBGEP_03063,HFCAGB_03109,GEGEGB_02944,BEJGEH_02894
group_4527,,Phosphoenolpyruvate-dependent sugar phosphotransferase system EIIA 2 family protein,ONMMKP_03574,IKCLMC_03613,PKJKAM_01788,ODDLKH_03688,LNHIMF_03300,,HFCAGB_03479,GEGEGB_03341,BEJGEH_03275
group_4525,,hypothetical protein;Choline-sulfatase,ONMMKP_02093,IKCLMC_03142;IKCLMC_03143,PKJKAM_02037,ODDLKH_00562,LNHIMF_00087,AJBGEP_00089,,GEGEGB_00091;GEGEGB_00090;GEGEGB_00089,BEJGEH_00088
group_4510,,Oxygen-insensitive NAD(P)H nitroreductase;hypothetical protein,ONMMKP_01577;ONMMKP_01576,IKCLMC_02418,PKJKAM_03123,ODDLKH_01065,,AJBGEP_00600,HFCAGB_00664,GEGEGB_02409,BEJGEH_00585
group_4485,,hypothetical protein,ONMMKP_01867,IKCLMC_02081,PKJKAM_03461,ODDLKH_00786,LNHIMF_00315,AJBGEP_00317,HFCAGB_00317,GEGEGB_02693,
group_4466,msgA,Virulence protein MsgA,ONMMKP_04591,IKCLMC_01779,PKJKAM_03042,ODDLKH_02743,LNHIMF_02373,AJBGEP_02409,HFCAGB_02501,GEGEGB_00664,
group_4446,,Cytochrome c-type biogenesis protein,ONMMKP_04588,IKCLMC_01776,PKJKAM_03039,ODDLKH_02746,LNHIMF_02376,AJBGEP_02412,HFCAGB_02504,GEGEGB_00662,
group_4440,,hypothetical protein;Potassium channel domain-containing protein,ONMMKP_02413,IKCLMC_03458,PKJKAM_01166,ODDLKH_00243,,AJBGEP_04570,HFCAGB_04598,GEGEGB_04657,BEJGEH_04439
group_4432,,Fimbrial protein,ONMMKP_01993,IKCLMC_03044,PKJKAM_00757,ODDLKH_00658,LNHIMF_00182,AJBGEP_00186,HFCAGB_00185,,BEJGEH_00195
stiA,stiA;,Sti fimbria major subunit StiA;Fimbrial subunit,ONMMKP_01991,IKCLMC_03042,PKJKAM_00755,ODDLKH_00660,LNHIMF_00184,AJBGEP_00188,HFCAGB_00187,,BEJGEH_00197
group_4405,,Fimbriae,ONMMKP_01994,IKCLMC_03045,PKJKAM_00758,ODDLKH_00657,LNHIMF_00181,AJBGEP_00185,HFCAGB_00184,,BEJGEH_00194
group_4403,,DUF5066 domain-containing protein,ONMMKP_04295,IKCLMC_01268,PKJKAM_02747,ODDLKH_03038,,AJBGEP_02707,HFCAGB_02811,GEGEGB_00349,BEJGEH_02563
group_4398,,hypothetical protein,ONMMKP_01173,IKCLMC_01559,PKJKAM_00977,ODDLKH_01426,LNHIMF_01058,AJBGEP_00963,HFCAGB_01015,GEGEGB_02068,
gatZ,;gatZ,Putative tagatose 6-phosphate kinase;Tagatose-bisphosphate aldolase subunit GatZ;hypothetical protein,ONMMKP_03575,IKCLMC_03614,PKJKAM_01789,ODDLKH_03687,LNHIMF_03299,,HFCAGB_03478,GEGEGB_03339;GEGEGB_03340,BEJGEH_03274
group_4389,,hypothetical protein,ONMMKP_04296,IKCLMC_01269,PKJKAM_02748,ODDLKH_03037,,AJBGEP_02706,HFCAGB_02810,GEGEGB_00350,BEJGEH_02562
group_4369,,Type II toxin-antitoxin system RelE/ParE family toxin,ONMMKP_02750,IKCLMC_00702,PKJKAM_01470,ODDLKH_04480,LNHIMF_04075,AJBGEP_04230,HFCAGB_04275,,BEJGEH_04083
group_4367,,hypothetical protein;Cytoplasmic protein,ONMMKP_01492,IKCLMC_02502,PKJKAM_00376,ODDLKH_01151,,AJBGEP_00684,HFCAGB_00753,GEGEGB_02328,BEJGEH_00670
group_4349,,dTDP-4-dehydrorhamnose 35-epimerase,,IKCLMC_01929,PKJKAM_04072,ODDLKH_02588,LNHIMF_02236,AJBGEP_02255,HFCAGB_02355,GEGEGB_00823,BEJGEH_02114
group_4326,,HTH marR-type domain-containing protein,ONMMKP_00502,IKCLMC_04645,PKJKAM_04651,ODDLKH_02028,LNHIMF_01599,AJBGEP_01630,,GEGEGB_01544,BEJGEH_01537
araC~~~ydiP,araC;ydiP,AraC family transcriptional regulator;Uncharacterized HTH-type transcriptional regulator YdiP,ONMMKP_00696,IKCLMC_04841,PKJKAM_00880,ODDLKH_01831,LNHIMF_01402,AJBGEP_01434,HFCAGB_01927,,BEJGEH_01732
ydiM,ydiM,Inner membrane transport protein YdiM,ONMMKP_00690,IKCLMC_04835,PKJKAM_00874,ODDLKH_01837,LNHIMF_01408,AJBGEP_01440,HFCAGB_01921,,BEJGEH_01726
group_4285,,hypothetical protein,ONMMKP_03698,IKCLMC_03742,PKJKAM_01956,ODDLKH_03560,LNHIMF_03172,AJBGEP_03300;AJBGEP_03299,HFCAGB_03355,,BEJGEH_03143
group_4273,,Undecaprenyl-phosphate galactose phosphotransferase,,IKCLMC_01944,PKJKAM_04087,ODDLKH_02576,LNHIMF_02220,AJBGEP_02243,HFCAGB_02342,GEGEGB_00836,BEJGEH_02102
group_4259,,Inner membrane protein;Lipoprotein,ONMMKP_03311,IKCLMC_02882,PKJKAM_03853,ODDLKH_03967,LNHIMF_03565,AJBGEP_03705,HFCAGB_03760,,BEJGEH_03556
group_4255,,Integrase catalytic domain-containing protein,ONMMKP_04322,IKCLMC_01295,PKJKAM_02774,ODDLKH_03011,LNHIMF_02639,AJBGEP_02679,HFCAGB_02781,,BEJGEH_02535
group_4246,,OmpR/PhoB-type domain-containing protein;hypothetical protein,,IKCLMC_03196,PKJKAM_02090,ODDLKH_00508,LNHIMF_00033,AJBGEP_00033,HFCAGB_00034,GEGEGB_00036,BEJGEH_00034
group_4210,,Inner membrane protein,ONMMKP_02628,IKCLMC_00274,PKJKAM_00232,ODDLKH_00014,LNHIMF_04193,AJBGEP_04355,HFCAGB_04404,GEGEGB_03652,
pagO,;pagO,hypothetical protein;PhoPQ-activated DMT family transporter PagO,ONMMKP_00174,IKCLMC_04315,PKJKAM_04319,ODDLKH_02349,LNHIMF_01930;LNHIMF_01929,AJBGEP_01955,HFCAGB_01412;HFCAGB_01413,GEGEGB_01077,
group_4161,,hypothetical protein;DUF3053 domain-containing protein,ONMMKP_00948,IKCLMC_00857,PKJKAM_00572,ODDLKH_01591,LNHIMF_01220,AJBGEP_01187,HFCAGB_02110;HFCAGB_02109,,BEJGEH_01906
group_4156,,hypothetical protein,ONMMKP_00411,IKCLMC_04562,PKJKAM_04565,ODDLKH_02114,LNHIMF_01687,AJBGEP_01716,HFCAGB_01653;HFCAGB_01652,,BEJGEH_01442
nanX,;nanX,hypothetical protein;Sialic acid transporter NanX,ONMMKP_01004,IKCLMC_00655,PKJKAM_00629,ODDLKH_01535,LNHIMF_01164,AJBGEP_01131,HFCAGB_01180;HFCAGB_01181,GEGEGB_01885,
group_4111,,Disulfide bond formation protein B,ONMMKP_00172,IKCLMC_04313,PKJKAM_04317,ODDLKH_02351,LNHIMF_01932,AJBGEP_01957,HFCAGB_01410,GEGEGB_01075,
group_4088,,hypothetical protein,ONMMKP_02096,IKCLMC_03146,PKJKAM_02039,ODDLKH_00559,LNHIMF_00084,AJBGEP_00086,,GEGEGB_00086,BEJGEH_00085
group_4071,,HTH tetR-type domain-containing protein,ONMMKP_01574,IKCLMC_02420,PKJKAM_03121,ODDLKH_01067,,AJBGEP_00602,HFCAGB_00666,GEGEGB_02407,BEJGEH_00587
group_4054,,hypothetical protein;Diaminopropionate ammonia-lyase,ONMMKP_01142,IKCLMC_01590,PKJKAM_00145,ODDLKH_01457,,AJBGEP_00995,HFCAGB_01046,GEGEGB_02035;GEGEGB_02034,BEJGEH_00959
group_4053,,RelE/StbE replicon stabilization toxin,ONMMKP_02337,IKCLMC_03398,PKJKAM_02271,ODDLKH_00319,LNHIMF_04517,AJBGEP_04647,HFCAGB_04658,GEGEGB_04720,
group_4043,,hypothetical protein;RpiB/LacA/LacB family sugar-phosphate isomerase,ONMMKP_00095,IKCLMC_04237,PKJKAM_04241,ODDLKH_02423,LNHIMF_02005,AJBGEP_02030,HFCAGB_01281,,BEJGEH_01133
group_4021,,Membrane protein;Inner membrane protein;hypothetical protein,ONMMKP_01301,IKCLMC_01427,PKJKAM_01102,ODDLKH_01301,LNHIMF_00938,AJBGEP_00837,HFCAGB_00890;HFCAGB_00889,,BEJGEH_00810
siaT,;siaT,hypothetical protein;Sodium/sialic acid symporter SiaT,ONMMKP_01008,IKCLMC_00651,PKJKAM_00634,ODDLKH_01531,LNHIMF_01160,AJBGEP_01127,HFCAGB_01176,GEGEGB_01889;GEGEGB_01890,
group_3991,,hypothetical protein,0_refound_6_pseudo,IKCLMC_02338,PKJKAM_03202,3_refound_38_pseudo,,AJBGEP_00574,6_refound_70_pseudo,GEGEGB_02428,BEJGEH_00565
group_3976,,Membrane protein,,IKCLMC_03841,PKJKAM_02349,ODDLKH_03461,LNHIMF_03073,AJBGEP_03199,HFCAGB_03255,GEGEGB_03097,BEJGEH_03043
group_3961,,hypothetical protein;Ureidoglycolate lyase,ONMMKP_01636,IKCLMC_02302,PKJKAM_03238,ODDLKH_01004,,AJBGEP_00538,HFCAGB_00543,GEGEGB_02463;GEGEGB_02464,BEJGEH_00529
group_3958,,L-talarate permease;hypothetical protein;Major facilitator superfamily (MFS) profile domain-containing protein,ONMMKP_03132,IKCLMC_02704,PKJKAM_03676,ODDLKH_04143,,AJBGEP_03883,HFCAGB_03939,GEGEGB_04031;GEGEGB_04030,BEJGEH_03736
avrA,avrA,type III secretion system YopJ family effector AvrA,ONMMKP_04000,IKCLMC_04021,PKJKAM_02533,ODDLKH_03282,LNHIMF_02897,AJBGEP_03020,HFCAGB_03069,,BEJGEH_02851
ompD,;ompD,hypothetical protein;porin OmpD,ONMMKP_00473,IKCLMC_04620,PKJKAM_04623,ODDLKH_02056,LNHIMF_01631,AJBGEP_01658,HFCAGB_01711,,BEJGEH_01506
group_3938,,Glucose-1-phosphate thymidylyltransferase,,IKCLMC_01928,PKJKAM_04071,ODDLKH_02589,LNHIMF_02237,AJBGEP_02256,HFCAGB_02356,GEGEGB_00822,BEJGEH_02115
group_3897,,DUF3829 domain-containing protein,ONMMKP_02743,IKCLMC_00709,PKJKAM_01463,ODDLKH_04487,,AJBGEP_04237,HFCAGB_04282,GEGEGB_03769,BEJGEH_04090
group_3862,,hypothetical protein;Allantoin permease,ONMMKP_01630,IKCLMC_02308,PKJKAM_03232,ODDLKH_01010,,AJBGEP_00544,HFCAGB_00549,GEGEGB_02457;GEGEGB_02456,BEJGEH_00535
nanC,nanC,N-acetylneuraminic acid outer membrane channel protein NanC,ONMMKP_01005,IKCLMC_00654,PKJKAM_00630,ODDLKH_01534,LNHIMF_01163,AJBGEP_01130,HFCAGB_01179,GEGEGB_01886,
group_3816,,HTH cro/C1-type domain-containing protein,ONMMKP_02873,IKCLMC_00557,PKJKAM_01594,ODDLKH_04350,,AJBGEP_04100,HFCAGB_04148,GEGEGB_03570,BEJGEH_03949
group_3815,,Phage-related protein;Cytoplasmic protein,ONMMKP_02874,IKCLMC_00558,PKJKAM_01595,3_refound_37_pseudo,,AJBGEP_04099,HFCAGB_04147,GEGEGB_03571,8_refound_97_pseudo
hyi~~~gip,hyi;gip,hydroxypyruvate isomerase Hyi;hydroxypyruvate isomerase Gip,ONMMKP_01633,IKCLMC_02305,PKJKAM_03235,ODDLKH_01007,,AJBGEP_00541,HFCAGB_00546,GEGEGB_02460,BEJGEH_00532
group_3769,,Serine/threonine-protein phosphatase 2,ONMMKP_03954,,PKJKAM_02489,ODDLKH_03326,LNHIMF_02938,AJBGEP_03064,HFCAGB_03110,GEGEGB_02945,BEJGEH_02895
group_3719,,Oxaloacetate decarboxylase alpha subunit,ONMMKP_02122,IKCLMC_03172,PKJKAM_02066,ODDLKH_00532,LNHIMF_00057,AJBGEP_00057,HFCAGB_00059,,BEJGEH_00058
group_3708,,DUF1367 domain-containing protein,ONMMKP_01119,IKCLMC_00299,PKJKAM_00282,ODDLKH_01668,LNHIMF_02184,AJBGEP_01015,HFCAGB_01067,GEGEGB_02009,
group_3591,,his operon leader peptide,ONMMKP_04758,IKCLMC_01956,PKJKAM_04099,ODDLKH_02564,LNHIMF_02208,AJBGEP_02231,HFCAGB_02330,,BEJGEH_02090
group_3590,,Type I toxin-antitoxin system Ibs family toxin,ONMMKP_04711,IKCLMC_01897,PKJKAM_04020,ODDLKH_02621,4_refound_44,5_refound_54,,7_refound_79,8_refound_93
ypfM,ypfM,Protein YpfM,ONMMKP_04350,IKCLMC_01322,PKJKAM_02802,ODDLKH_02986,LNHIMF_02612,AJBGEP_02654,HFCAGB_02752,,BEJGEH_02507
group_3491,,Inner membrane protein,ONMMKP_00173,IKCLMC_04314,PKJKAM_04318,ODDLKH_02350,LNHIMF_01931,AJBGEP_01956,HFCAGB_01411,GEGEGB_01076,
ghoT,ghoT,Toxin GhoT,ONMMKP_00449,IKCLMC_04596,PKJKAM_04599,ODDLKH_02080,LNHIMF_01655,AJBGEP_01682,HFCAGB_01687,,BEJGEH_01479
group_3197,,Antitoxin of the RelE-RelB toxin-antitoxin system,ONMMKP_02338,IKCLMC_03399,PKJKAM_02272,ODDLKH_00318,LNHIMF_04516,AJBGEP_04646,HFCAGB_04657,GEGEGB_04719,
frmR,frmR,Transcriptional repressor FrmR,ONMMKP_00413,IKCLMC_04564,PKJKAM_04567,ODDLKH_02112,LNHIMF_01686,AJBGEP_01714,HFCAGB_01655,,BEJGEH_01444
group_3058,,Small ribosomal subunit protein uS19,ONMMKP_03395,IKCLMC_00145,,ODDLKH_03873,LNHIMF_03481,AJBGEP_03609,HFCAGB_03665,GEGEGB_04292,BEJGEH_03459
group_3039,,Galactitol-specific PTS system EIIB component,ONMMKP_03573,IKCLMC_03612,PKJKAM_01787,ODDLKH_03689,LNHIMF_03301,,HFCAGB_03480,GEGEGB_03342,BEJGEH_03276
group_3012,,HTH cro/C1-type domain-containing protein,ONMMKP_02749,IKCLMC_00703,PKJKAM_01469,ODDLKH_04481,LNHIMF_04076,AJBGEP_04231,HFCAGB_04276,,BEJGEH_04084
group_3011,,YdgH/BhsA/McbA-like domain-containing protein,ONMMKP_02094,IKCLMC_03144,PKJKAM_02038,ODDLKH_00561,LNHIMF_00086,AJBGEP_00088,,GEGEGB_00088,BEJGEH_00087
group_2993,,Ferredoxin-like protein,ONMMKP_00700,IKCLMC_04845,PKJKAM_00884,ODDLKH_01827,LNHIMF_01398,AJBGEP_01430,HFCAGB_01931,,BEJGEH_01736
group_2918,,Periplasmic protein,ONMMKP_02180,IKCLMC_03231,PKJKAM_02126,ODDLKH_00473,LNHIMF_04650,AJBGEP_04801,HFCAGB_04824,,BEJGEH_04690
group_2849,,Large ribosomal subunit protein uL22,ONMMKP_03396,IKCLMC_00146,,ODDLKH_03872,LNHIMF_03480,AJBGEP_03608,HFCAGB_03664,GEGEGB_04293,BEJGEH_03458
group_2816,hypA,Hydrogenase maturation factor HypA,ONMMKP_00518,IKCLMC_04661,PKJKAM_04667,ODDLKH_02011,LNHIMF_01583,AJBGEP_01613,HFCAGB_01744,,BEJGEH_01553
group_2762,,DUF1870 domain-containing protein,ONMMKP_00689,IKCLMC_04834,PKJKAM_00873,ODDLKH_01838,LNHIMF_01409,AJBGEP_01441,HFCAGB_01920,,BEJGEH_01725
group_2737,,hypothetical protein,ONMMKP_01575,IKCLMC_02419,PKJKAM_03122,ODDLKH_01066,,AJBGEP_00601,HFCAGB_00665,GEGEGB_02408,BEJGEH_00586
ybaN,ybaN,Inner membrane protein YbaN,ONMMKP_01672,IKCLMC_02266,PKJKAM_03274,ODDLKH_00968,LNHIMF_00507,AJBGEP_00502,HFCAGB_00507,GEGEGB_02501,
secE,secE,Protein translocase subunit SecE,ONMMKP_02637,IKCLMC_00283,PKJKAM_00035,,LNHIMF_04184,AJBGEP_04346,HFCAGB_04395,GEGEGB_03661,BEJGEH_04197
group_2552,,Large ribosomal subunit protein uL11,ONMMKP_02635,IKCLMC_00281,,ODDLKH_00007,LNHIMF_04186,AJBGEP_04348,HFCAGB_04397,GEGEGB_03659,BEJGEH_04199
group_2522,,STM0539 family protein,ONMMKP_01612,IKCLMC_02326,PKJKAM_03214,ODDLKH_01028,LNHIMF_00548,AJBGEP_00562,HFCAGB_00567,,BEJGEH_00553
group_2472,,HIT domain-containing protein,ONMMKP_03663,IKCLMC_03708,PKJKAM_01922,ODDLKH_03594,LNHIMF_03210,AJBGEP_03334,HFCAGB_03390,GEGEGB_03239,
group_2449,,Leucine-responsive regulatory protein,ONMMKP_01143,IKCLMC_01589,PKJKAM_00144,ODDLKH_01456,,AJBGEP_00994,HFCAGB_01045,GEGEGB_02036,BEJGEH_00958
golS,golS,Au(I) sensor transcriptional regulator GolS,ONMMKP_01802,IKCLMC_02135,PKJKAM_03404,ODDLKH_00839,LNHIMF_00381,AJBGEP_00373,HFCAGB_00373,,BEJGEH_00362
group_2236,,Thermosensitive gluconokinase,ONMMKP_02303,IKCLMC_03365,PKJKAM_02237,ODDLKH_00353,LNHIMF_04551,AJBGEP_04683,HFCAGB_04693,,BEJGEH_04550
nusG,nusG,Transcription termination/antitermination protein NusG,ONMMKP_02636,IKCLMC_00282,PKJKAM_00034,,LNHIMF_04185,AJBGEP_04347,HFCAGB_04396,GEGEGB_03660,BEJGEH_04198
group_2151,,4Fe-4S ferredoxin-type domain-containing protein,ONMMKP_01540,IKCLMC_02454,PKJKAM_03087,ODDLKH_01101,LNHIMF_00755,,HFCAGB_00702,GEGEGB_02370,BEJGEH_00621
group_1996,,Inner membrane protein,ONMMKP_04599,IKCLMC_01787,PKJKAM_03051,ODDLKH_02723,,AJBGEP_02389,HFCAGB_02491,GEGEGB_00672,BEJGEH_02260
group_1897,,Formate dehydrogenase nitrate-inducible cytochrome b556(Fdn) subunit,ONMMKP_00477,IKCLMC_04624,PKJKAM_04627,ODDLKH_02052,LNHIMF_01627,AJBGEP_01654,HFCAGB_01715,,BEJGEH_01510
group_1887,,putative acrEF/envCD operon repressor,ONMMKP_03443,IKCLMC_03480,PKJKAM_01654,ODDLKH_03825,LNHIMF_03433,AJBGEP_03561,HFCAGB_03616,,BEJGEH_03411
group_1843,,N-acylglucosamine-6-phosphate 2-epimerase,ONMMKP_01007,IKCLMC_00652,PKJKAM_00632,ODDLKH_01532,LNHIMF_01161,AJBGEP_01128,HFCAGB_01177,GEGEGB_01888,
group_1842,,Respiratory nitrate reductase 2 gamma chain,ONMMKP_00465,IKCLMC_04612,PKJKAM_04615,ODDLKH_02064,LNHIMF_01639,AJBGEP_01666,HFCAGB_01703,,BEJGEH_01495
stiB,stiB,fimbrial biogenesis chaperone StiB,ONMMKP_01992,IKCLMC_03043,PKJKAM_00756,ODDLKH_00659,LNHIMF_00183,AJBGEP_00187,HFCAGB_00186,,BEJGEH_00196
group_1659,,3-dehydroquinate dehydratase,ONMMKP_00693,IKCLMC_04838,PKJKAM_00877,ODDLKH_01834,LNHIMF_01405,AJBGEP_01437,HFCAGB_01924,,BEJGEH_01729
group_1657,,Outer membrane/exported protein,,IKCLMC_03193,PKJKAM_02087,ODDLKH_00511,LNHIMF_00036,AJBGEP_00036,HFCAGB_00037,GEGEGB_00039,BEJGEH_00037
group_1650,,Short-chain alcohol dehydrogenase,ONMMKP_02305,IKCLMC_03367,PKJKAM_02239,ODDLKH_00351,LNHIMF_04549,AJBGEP_04681,HFCAGB_04691,,BEJGEH_04548
group_1647,fixA,Protein FixA,ONMMKP_00697,IKCLMC_04842,PKJKAM_00881,ODDLKH_01830,LNHIMF_01401,AJBGEP_01433,HFCAGB_01928,,BEJGEH_01733
group_1632,,glucose-1-phosphate cytidylyltransferase,,IKCLMC_01931,PKJKAM_04074,ODDLKH_02586,LNHIMF_02234,AJBGEP_02253,HFCAGB_02353,GEGEGB_00825,BEJGEH_02112
group_1605,,(S)-ureidoglycine aminohydrolase,ONMMKP_01625,IKCLMC_02313,PKJKAM_03227,ODDLKH_01015,,AJBGEP_00549,HFCAGB_00554,GEGEGB_02451,BEJGEH_00540
allH,allH,Oxamate carbamoyltransferase subunit AllH,ONMMKP_01620,IKCLMC_02318,PKJKAM_03222,ODDLKH_01020,,AJBGEP_00554,HFCAGB_00559,GEGEGB_02446,BEJGEH_00545
allR,allR,HTH-type transcriptional repressor AllR,ONMMKP_01635,IKCLMC_02303,PKJKAM_03237,ODDLKH_01005,,AJBGEP_00539,HFCAGB_00544,GEGEGB_02462,BEJGEH_00530
group_1525,,DUF2145 domain-containing protein,ONMMKP_01613,IKCLMC_02325,PKJKAM_03215,ODDLKH_01027,LNHIMF_00547,AJBGEP_00561,HFCAGB_00566,,BEJGEH_00552
group_1496,,Fructoselysine kinase,ONMMKP_03238,IKCLMC_02808,PKJKAM_03780,ODDLKH_04040,LNHIMF_03635,AJBGEP_03779,HFCAGB_03835,,BEJGEH_03631
group_1465,,putative endonuclease 4,ONMMKP_04621,IKCLMC_01809,,ODDLKH_02701,LNHIMF_02347,AJBGEP_02367,HFCAGB_02470,GEGEGB_00693,BEJGEH_02238
group_1436,,Quinate/shikimate dehydrogenase,ONMMKP_00692,IKCLMC_04837,PKJKAM_00876,ODDLKH_01835,LNHIMF_01406,AJBGEP_01438,HFCAGB_01923,,BEJGEH_01728
glxR,glxR,2-hydoxy-3-oxopropionate reductase GlxR,ONMMKP_01632,IKCLMC_02306,PKJKAM_03234,ODDLKH_01008,,AJBGEP_00542,HFCAGB_00547,GEGEGB_02459,BEJGEH_00533
group_1392,,Uncharacterized HTH-type transcriptional regulator HI_0143,ONMMKP_01010,IKCLMC_00649,PKJKAM_00636,ODDLKH_01529,LNHIMF_01158,AJBGEP_01125,HFCAGB_01174,GEGEGB_01892,
yddG,yddG,aromatic amino acid efflux DMT transporter YddG,ONMMKP_00474,IKCLMC_04621,PKJKAM_04624,ODDLKH_02055,LNHIMF_01630,AJBGEP_01657,HFCAGB_01712,,BEJGEH_01507
group_1385,,Formate dehydrogenase iron-sulfur subunit,ONMMKP_00476,IKCLMC_04623,PKJKAM_04626,ODDLKH_02053,LNHIMF_01628,AJBGEP_01655,HFCAGB_01714,,BEJGEH_01509
group_1366,,Carbamate kinase,ONMMKP_01619,IKCLMC_02319,PKJKAM_03221,ODDLKH_01021,,AJBGEP_00555,HFCAGB_00560,GEGEGB_02445,BEJGEH_00546
group_1364,,Hydrolase or acyltransferase,ONMMKP_00669,IKCLMC_04815,PKJKAM_00853,ODDLKH_01857,LNHIMF_01428,AJBGEP_01460,HFCAGB_01901,,BEJGEH_01706
group_1354,,dTDP-4-dehydrorhamnose reductase,,IKCLMC_01927,PKJKAM_04070,ODDLKH_02590,LNHIMF_02238,AJBGEP_02257,HFCAGB_02357,GEGEGB_00821,BEJGEH_02116
group_1282,,DNA-binding transcriptional regulator,ONMMKP_00416,IKCLMC_04567,PKJKAM_04570,ODDLKH_02109,LNHIMF_01683,AJBGEP_01711,HFCAGB_01658,,BEJGEH_01447
allS,allS,HTH-type transcriptional activator AllS,ONMMKP_01637,IKCLMC_02301,PKJKAM_03239,ODDLKH_01003,,AJBGEP_00537,HFCAGB_00542,GEGEGB_02465,BEJGEH_00528
ydiR,ydiR,Putative electron transfer flavoprotein subunit YdiR,ONMMKP_00698,IKCLMC_04843,PKJKAM_00882,ODDLKH_01829,LNHIMF_01400,AJBGEP_01432,HFCAGB_01929,,BEJGEH_01734
group_1148,,Transcriptional regulator,ONMMKP_00490,IKCLMC_04637,PKJKAM_04640,ODDLKH_02039,LNHIMF_01612,AJBGEP_01641,HFCAGB_01728,,BEJGEH_01523
group_1121,,CDP-6-deoxy-L-threo-D-glycero-4-hexulose-3-dehydrase reductase,,IKCLMC_01930,PKJKAM_04073,ODDLKH_02587,LNHIMF_02235,AJBGEP_02254,HFCAGB_02354,GEGEGB_00824,BEJGEH_02113
group_1099,,HTH lacI-type domain-containing protein,ONMMKP_03134,IKCLMC_02706,PKJKAM_03678,ODDLKH_04141,,AJBGEP_03881,HFCAGB_03937,GEGEGB_04033,BEJGEH_03734
group_1063,,Aldehyde reductase Ahr,ONMMKP_02302,IKCLMC_03364,PKJKAM_02236,ODDLKH_00354,LNHIMF_04552,AJBGEP_04684,HFCAGB_04694,,BEJGEH_04551
group_1041,,L-idonate 5-dehydrogenase (NAD(P)(+)),ONMMKP_02304,IKCLMC_03366,PKJKAM_02238,ODDLKH_00352,LNHIMF_04550,AJBGEP_04682,HFCAGB_04692,,BEJGEH_04549
allD,allD,ureidoglycolate dehydrogenase AllD,ONMMKP_01623,IKCLMC_02315,PKJKAM_03225,ODDLKH_01017,,AJBGEP_00551,HFCAGB_00556,GEGEGB_02449,BEJGEH_00542
group_960,,CDP-glucose 46-dehydratase,,IKCLMC_01932,PKJKAM_04075,ODDLKH_02585,LNHIMF_02233,AJBGEP_02252,HFCAGB_02352,GEGEGB_00826,BEJGEH_02111
group_952,,Isomerase,ONMMKP_00501,IKCLMC_04644,PKJKAM_04650,ODDLKH_02029,LNHIMF_01600,AJBGEP_01631,,GEGEGB_01545,BEJGEH_01536
group_947,,dTDP-glucose 46-dehydratase,,IKCLMC_01926,PKJKAM_04069,ODDLKH_02591,LNHIMF_02239,AJBGEP_02258,HFCAGB_02358,GEGEGB_00820,BEJGEH_02117
group_916,,27-anhydro-N-acetylneuraminate hydratase,ONMMKP_01003,IKCLMC_00656,PKJKAM_00628,ODDLKH_01536,LNHIMF_01165,AJBGEP_01132,HFCAGB_01182,GEGEGB_01884,
group_893,,S-(hydroxymethyl)glutathione dehydrogenase,ONMMKP_00414,IKCLMC_04565,PKJKAM_04568,ODDLKH_02111,LNHIMF_01685,AJBGEP_01713,HFCAGB_01656,,BEJGEH_01445
group_842,,D-glycerate kinase,ONMMKP_01627,IKCLMC_02311,PKJKAM_03229,ODDLKH_01013,,AJBGEP_00547,HFCAGB_00552,GEGEGB_02453,BEJGEH_00538
group_840,,N-acetylneuraminate epimerase,ONMMKP_01006,IKCLMC_00653,PKJKAM_00631,ODDLKH_01533,LNHIMF_01162,AJBGEP_01129,HFCAGB_01178,GEGEGB_01887,
ydiO,ydiO,putative acyl-CoA dehydrogenase YdiO,ONMMKP_00695,IKCLMC_04840,PKJKAM_00879,ODDLKH_01832,LNHIMF_01403,AJBGEP_01435,HFCAGB_01926,,BEJGEH_01731
group_774,,L-talarate/galactarate dehydratase,ONMMKP_03133,IKCLMC_02705,PKJKAM_03677,ODDLKH_04142,,AJBGEP_03882,HFCAGB_03938,GEGEGB_04032,BEJGEH_03735
mdsA,mdsA,multidrug efflux RND transporter periplasmic adaptor subunit MdsA,ONMMKP_01804,IKCLMC_02133,PKJKAM_03406,ODDLKH_00837,LNHIMF_00379,AJBGEP_00371,HFCAGB_00371,,BEJGEH_00360
group_720,,Allantoate amidohydrolase,ONMMKP_01624,IKCLMC_02314,PKJKAM_03226,ODDLKH_01016,,AJBGEP_00550,HFCAGB_00555,GEGEGB_02450,BEJGEH_00541
ydiN,ydiN,Inner membrane transport protein YdiN,ONMMKP_00691,IKCLMC_04836,PKJKAM_00875,ODDLKH_01836,LNHIMF_01407,AJBGEP_01439,HFCAGB_01922,,BEJGEH_01727
group_709,,Multidrug transporter,ONMMKP_00504,IKCLMC_04647,PKJKAM_04653,ODDLKH_02026,LNHIMF_01597,AJBGEP_01628,,GEGEGB_01541,BEJGEH_01539
group_707,,Major facilitator superfamily (MFS) profile domain-containing protein,ONMMKP_01631,IKCLMC_02307,PKJKAM_03233,ODDLKH_01009,,AJBGEP_00543,HFCAGB_00548,GEGEGB_02458,BEJGEH_00534
group_689,,DUF1116 domain-containing protein,ONMMKP_01621,IKCLMC_02317,PKJKAM_03223,ODDLKH_01019,,AJBGEP_00553,HFCAGB_00558,GEGEGB_02447,BEJGEH_00544
ydiS,ydiS,putative electron transfer flavoprotein-quinone oxidoreductase YdiS,ONMMKP_00699,IKCLMC_04844,PKJKAM_00883,ODDLKH_01828,LNHIMF_01399,AJBGEP_01431,HFCAGB_01930,,BEJGEH_01735
ybbY,ybbY,Putative purine permease YbbY,ONMMKP_01628,IKCLMC_02310,PKJKAM_03230,ODDLKH_01012,,AJBGEP_00546,HFCAGB_00551,GEGEGB_02454,BEJGEH_00537
group_618,,Putative 8-amino-7-oxononanoate synthase,,IKCLMC_01933,PKJKAM_04076,ODDLKH_02584,LNHIMF_02232,AJBGEP_02251,HFCAGB_02351,GEGEGB_00827,BEJGEH_02110
group_609,,C4-dicarboxylate transporter,ONMMKP_03239,IKCLMC_02809,PKJKAM_03781,ODDLKH_04039,LNHIMF_03634,AJBGEP_03778,HFCAGB_03834,,BEJGEH_03630
allB,allB,allantoinase,ONMMKP_01629,IKCLMC_02309,PKJKAM_03231,ODDLKH_01011,,AJBGEP_00545,HFCAGB_00550,GEGEGB_02455,BEJGEH_00536
group_546,,PTS systemgalactitol-specific IIC component,ONMMKP_03572,IKCLMC_03611,PKJKAM_01786,ODDLKH_03690,LNHIMF_03302,,HFCAGB_03481,GEGEGB_03343,BEJGEH_03277
group_484,,Multidrug-efflux transporter,ONMMKP_04821,,PKJKAM_04160,ODDLKH_02503,LNHIMF_02079,AJBGEP_02170,HFCAGB_02269,GEGEGB_00913,BEJGEH_02013
group_463,,Amino acid carrier protein,ONMMKP_01141,IKCLMC_01591,PKJKAM_00146,ODDLKH_01458,,AJBGEP_00996,HFCAGB_01047,GEGEGB_02033,BEJGEH_00960
group_380,,Tetratricopeptide repeat protein,ONMMKP_00276,IKCLMC_04428,PKJKAM_04429,ODDLKH_02247,,AJBGEP_01851,HFCAGB_01516,GEGEGB_01761,BEJGEH_01307
group_360,,5'-Nucleotidase C-terminal domain-containing protein,,IKCLMC_03194,PKJKAM_02088,ODDLKH_00510,LNHIMF_00035,AJBGEP_00035,HFCAGB_00036,GEGEGB_00038,BEJGEH_00036
ydiF,ydiF,Acetate CoA-transferase YdiF,ONMMKP_00694,IKCLMC_04839,PKJKAM_00878,ODDLKH_01833,LNHIMF_01404,AJBGEP_01436,HFCAGB_01925,,BEJGEH_01730
group_334,,Methyl-accepting chemotaxis protein,ONMMKP_00415,IKCLMC_04566,PKJKAM_04569,ODDLKH_02110,LNHIMF_01684,AJBGEP_01712,HFCAGB_01657,,BEJGEH_01446
group_327,,Cyclohexanecarboxylate-CoA ligase,ONMMKP_00701,IKCLMC_04846,PKJKAM_00885,ODDLKH_01826,LNHIMF_01397,AJBGEP_01429,HFCAGB_01932,,BEJGEH_01737
allF,allF,Oxamate carbamoyltransferase subunit AllF,ONMMKP_01622,IKCLMC_02316,PKJKAM_03224,ODDLKH_01018,,AJBGEP_00552,HFCAGB_00557,GEGEGB_02448,BEJGEH_00543
group_287,,Arylsulfotransferase N-terminal domain-containing protein,,IKCLMC_03195,PKJKAM_02089,ODDLKH_00509,LNHIMF_00034,AJBGEP_00034,HFCAGB_00035,GEGEGB_00037,BEJGEH_00035
group_258,,Glyoxylate carboligase,ONMMKP_01634,IKCLMC_02304,PKJKAM_03236,ODDLKH_01006,,AJBGEP_00540,HFCAGB_00545,GEGEGB_02461,BEJGEH_00531
golT,golT,gold/copper-translocating P-type ATPase GolT,ONMMKP_01803,IKCLMC_02134,PKJKAM_03405,ODDLKH_00838,LNHIMF_00380,AJBGEP_00372,HFCAGB_00372,,BEJGEH_00361
mdsB,mdsB,multidrug efflux RND transporter permease subunit MdsB,ONMMKP_01805,IKCLMC_02132,PKJKAM_03407,ODDLKH_00836,LNHIMF_00378,AJBGEP_00370,HFCAGB_00370,,BEJGEH_00359
group_4778,,Proteasome lid subunit RPN8/RPN11 contains Jab1/MPN metalloenzyme (JAMM) motif;Tail fiber component K,ONMMKP_01091,1_refound_23,PKJKAM_00250,ODDLKH_01697,4_refound_51,AJBGEP_01044,HFCAGB_01390,,
group_4736,,Acyl carrier protein,ONMMKP_00497,IKCLMC_04640,PKJKAM_04646,ODDLKH_02033,LNHIMF_01605,AJBGEP_01635,,,BEJGEH_01529
group_4715,,Minor fimbrial subunit,ONMMKP_01961,IKCLMC_03018,PKJKAM_00724,ODDLKH_00684,,AJBGEP_00212,HFCAGB_00211,,BEJGEH_00221
group_4697,,hypothetical protein;Diol dehydratase reactivase ATPase-like domain-containing protein;Glycerol dehydratase,ONMMKP_01831,IKCLMC_02108,PKJKAM_03432,ODDLKH_00812;ODDLKH_00813,,AJBGEP_00345;AJBGEP_00346,HFCAGB_00346,,BEJGEH_00335
group_4680,ybeR,Uncharacterized protein YbeR,ONMMKP_01497,IKCLMC_02497,PKJKAM_00381,ODDLKH_01146,,AJBGEP_00679,HFCAGB_00748,,BEJGEH_00665
group_4678,,hypothetical protein,ONMMKP_00025,IKCLMC_00069,PKJKAM_04169,ODDLKH_02494,,AJBGEP_02161,HFCAGB_02259,,BEJGEH_02002
group_4666,,Fimbrial-type adhesion domain-containing protein,ONMMKP_01962,IKCLMC_03019,PKJKAM_00725,ODDLKH_00683,,AJBGEP_00211,HFCAGB_00210,,BEJGEH_00220
group_4665,,hypothetical protein;ATP-grasp domain-containing protein,,IKCLMC_00682,,ODDLKH_04461,LNHIMF_04056,AJBGEP_04211,HFCAGB_04256,GEGEGB_03796;GEGEGB_03795,BEJGEH_04063
thiS,;thiS,hypothetical protein;Sulfur carrier protein ThiS,,IKCLMC_00269,PKJKAM_00227,ODDLKH_00019,LNHIMF_04197,AJBGEP_04360,HFCAGB_04409,,BEJGEH_04211
group_4652,,Outer membrane protein,ONMMKP_01822,IKCLMC_02117,PKJKAM_03422,,,AJBGEP_00355,HFCAGB_00355,GEGEGB_02658,BEJGEH_00344
yadU,yadU,Uncharacterized protein YadU,ONMMKP_01960,IKCLMC_03017,PKJKAM_00723,ODDLKH_00685,,AJBGEP_00213,HFCAGB_00212,,BEJGEH_00222
group_4633,,Cytoplasmic protein,,IKCLMC_02080,PKJKAM_03464,ODDLKH_00783,LNHIMF_00313,AJBGEP_00314,HFCAGB_00315,,BEJGEH_00303
group_4628,,Cytoplasmic protein,,IKCLMC_02060,PKJKAM_03483,ODDLKH_00773,LNHIMF_00301,AJBGEP_00301,HFCAGB_00299,GEGEGB_02707,
group_4612,,hypothetical protein;Rac prophage protein,ONMMKP_00161,IKCLMC_04305,PKJKAM_04307,ODDLKH_02359,LNHIMF_01941,AJBGEP_01965,HFCAGB_01402,,
group_4610,,hypothetical protein;Putative membrane protein,ONMMKP_03817,IKCLMC_03846,2_refound_31_pseudo,,LNHIMF_03070,5_refound_63_pseudo,HFCAGB_03250,GEGEGB_03092,
group_4588,,hypothetical protein;Transposase;Integrase catalytic domain-containing protein,ONMMKP_01833,IKCLMC_02107,PKJKAM_03435,ODDLKH_00811,,AJBGEP_00344,HFCAGB_00343,,BEJGEH_00334
group_4586,,Hcp1 family type VI secretion system effector,,IKCLMC_02050,PKJKAM_03493,ODDLKH_00763,LNHIMF_00290,AJBGEP_00291,HFCAGB_00292,GEGEGB_02715,
group_4584,,J domain-containing protein,ONMMKP_01496,IKCLMC_02498,PKJKAM_00380,ODDLKH_01147,,AJBGEP_00680,HFCAGB_00749,,BEJGEH_00666
group_4583,,hypothetical protein;Hydrolase (HAD superfamily),ONMMKP_01271,IKCLMC_01464,PKJKAM_01071,ODDLKH_01331,,AJBGEP_00867,HFCAGB_00921,,BEJGEH_00841
group_4582,,L-lactate oxidase,,IKCLMC_04572,PKJKAM_04575,ODDLKH_02104,LNHIMF_01678,AJBGEP_01706,HFCAGB_01663,GEGEGB_01609,
group_4581,;vgrG,Phage-related baseplate assembly protein;type VI secretion protein Vgr,,IKCLMC_02065,PKJKAM_03478,ODDLKH_00776,LNHIMF_00304,AJBGEP_00304,HFCAGB_00302,GEGEGB_02702,
group_4566,tnp,IS3 family ISSen1 transposase ORF A,ONMMKP_01195,IKCLMC_03979,PKJKAM_02711,ODDLKH_01404,4_refound_49,AJBGEP_00941,,,BEJGEH_04570
group_4559,,Putative Tail Fiber Protein;Macro domain;hypothetical protein;Tail fiber assembly like-protein,ONMMKP_00169;ONMMKP_00168;ONMMKP_00170,IKCLMC_04311,PKJKAM_04314;PKJKAM_04313,ODDLKH_02354,LNHIMF_01935,AJBGEP_01960,HFCAGB_01408,,
group_4558,,transposase,,1_refound_21_pseudo,PKJKAM_03462,ODDLKH_00785,4_refound_48_pseudo,AJBGEP_00316,,GEGEGB_02694,BEJGEH_00305
group_4556,,Serine/threonine protein phosphatase,ONMMKP_00182,IKCLMC_04332,PKJKAM_04335,ODDLKH_02341,,AJBGEP_01946,HFCAGB_01421,GEGEGB_01086,
relE,relE,mRNA interferase RelE,ONMMKP_00499,IKCLMC_04642,PKJKAM_04648,ODDLKH_02031,LNHIMF_01602,AJBGEP_01633,,,BEJGEH_01534
group_4530,,Cytoplasmic protein,ONMMKP_00412,IKCLMC_04563,PKJKAM_04566,ODDLKH_02113,,AJBGEP_01715,HFCAGB_01654,,BEJGEH_01443
group_4501,,DUF1889 domain-containing protein,ONMMKP_01830,IKCLMC_02109,PKJKAM_03431,ODDLKH_00814,,AJBGEP_00347,HFCAGB_00347,,BEJGEH_00336
group_4487,,hypothetical protein,ONMMKP_01498,IKCLMC_02496,PKJKAM_00382,ODDLKH_01145,,AJBGEP_00678,HFCAGB_00747,,BEJGEH_00664
group_4483,,type VI secretion protein,,IKCLMC_02039,PKJKAM_03501,ODDLKH_00755,LNHIMF_00280,AJBGEP_00283,HFCAGB_00283,GEGEGB_02727,
group_4476,,hypothetical protein;Core-binding (CB) domain-containing protein,ONMMKP_00023,IKCLMC_00071,PKJKAM_04166;PKJKAM_04167,ODDLKH_02496,,AJBGEP_02163,HFCAGB_02262;HFCAGB_02261,,BEJGEH_02004
lpfD,lpfD;,Long polar fimbrial protein LpfD;Putative minor fimbrial subunit;hypothetical protein;long polar fimbrial protein LpfD,ONMMKP_03198,IKCLMC_02768,PKJKAM_03740,ODDLKH_04080,,AJBGEP_03819;AJBGEP_03820,HFCAGB_03875,,BEJGEH_03671
group_4470,,hypothetical protein,ONMMKP_00086,IKCLMC_04229,PKJKAM_04232,ODDLKH_02432,LNHIMF_02014,AJBGEP_02039,,,BEJGEH_01124
group_4450,,hypothetical protein,ONMMKP_00444,IKCLMC_04591,PKJKAM_04594,ODDLKH_02085,,AJBGEP_01687,HFCAGB_01682,GEGEGB_01590,
group_4431,,STM4015 family protein,,IKCLMC_00683,,ODDLKH_04462,LNHIMF_04057,AJBGEP_04212,HFCAGB_04257,GEGEGB_03794,BEJGEH_04064
lpfA,lpfA,long polar fimbria major subunit LpfA,ONMMKP_03195,IKCLMC_02765,PKJKAM_03737,ODDLKH_04083,,AJBGEP_03823,HFCAGB_03879,,BEJGEH_03674
group_4429,,Oxaloacetate decarboxylase beta chain,ONMMKP_01385,IKCLMC_01386_pseudo,PKJKAM_00469,ODDLKH_01260,,AJBGEP_00793,HFCAGB_00848,,BEJGEH_00769
impA,;impA,hypothetical protein;ImpA N-terminal domain-containing protein,,IKCLMC_02037,PKJKAM_03503,ODDLKH_00753,LNHIMF_00278,AJBGEP_00281,HFCAGB_00281,GEGEGB_02730;GEGEGB_02729,
group_4408,,Fimbrial-type adhesion domain-containing protein,ONMMKP_01963,IKCLMC_03020,PKJKAM_00726,ODDLKH_00682,,AJBGEP_00210,HFCAGB_00209,,BEJGEH_00219
group_4388,,hypothetical protein,,IKCLMC_02409,PKJKAM_03139,ODDLKH_01049,LNHIMF_00712,AJBGEP_00584,HFCAGB_00654,,BEJGEH_00575
group_4325,;ridA,hypothetical protein;RidA family protein,ONMMKP_00500,IKCLMC_04643,PKJKAM_04649,ODDLKH_02030,LNHIMF_01601,AJBGEP_01632,,,BEJGEH_01535
yibR,;yibR,Glycosyl transferase family 8;Uncharacterized protein YibR;hypothetical protein,ONMMKP_03109,IKCLMC_02681,PKJKAM_03653,ODDLKH_04166,,AJBGEP_03906,HFCAGB_03963,,BEJGEH_03759
group_4307,,Major facilitator superfamily (MFS) profile domain-containing protein,,IKCLMC_02575,PKJKAM_03542,ODDLKH_04281,LNHIMF_03877,AJBGEP_04022,HFCAGB_04077,GEGEGB_03885,
group_4290,,putative oxaloacetate decarboxylase gamma chain,ONMMKP_01387,IKCLMC_00077,PKJKAM_00467,ODDLKH_01258,,AJBGEP_00791,HFCAGB_00846,,BEJGEH_00767
group_4286,,Rap1a immunity protein domain-containing protein,,IKCLMC_02057,PKJKAM_03486,ODDLKH_00770,LNHIMF_00297,AJBGEP_00298,HFCAGB_00296,GEGEGB_02711,
group_4274,,Flagellin,ONMMKP_00070,IKCLMC_04213,PKJKAM_04216,ODDLKH_02448,LNHIMF_02030,AJBGEP_02057,,GEGEGB_00983,
sspH2,sspH2,SPI-2 type III secretion system effector E3 ubiquitin transferase SspH2,ONMMKP_04594,IKCLMC_01782,PKJKAM_03046,ODDLKH_02740,,AJBGEP_02406,HFCAGB_02497,GEGEGB_00667,
tdfR,tdfR,HTH-type transcriptional regulator tdfR,ONMMKP_03371,,PKJKAM_03915,ODDLKH_03897,LNHIMF_03505,AJBGEP_03633,HFCAGB_03689,,BEJGEH_03483
group_4228,,Inner membrane protein,ONMMKP_04090,IKCLMC_04111,PKJKAM_02624,ODDLKH_03191,LNHIMF_02805,AJBGEP_02928,,,BEJGEH_02760
benM,benM,HTH-type transcriptional regulator BenM,,IKCLMC_02573,PKJKAM_03540,ODDLKH_04283,LNHIMF_03879,AJBGEP_04024,HFCAGB_04079,GEGEGB_03883,
group_4214,,Transposase,ONMMKP_02330,,,ODDLKH_00326,LNHIMF_04524,AJBGEP_04656,HFCAGB_04665,GEGEGB_04728,BEJGEH_04523
group_4203,,DUF1441 domain-containing protein,ONMMKP_00165,IKCLMC_04309,PKJKAM_04311,ODDLKH_02355,LNHIMF_01938,AJBGEP_01961,HFCAGB_01407,,
group_4179,,hypothetical protein,ONMMKP_00893,IKCLMC_00984,PKJKAM_00522,ODDLKH_01712,,AJBGEP_01315,HFCAGB_02054,,BEJGEH_01851
rzoQ,rzoQ;,Putative lipoprotein RzoQ;Protein gp55,ONMMKP_00163,IKCLMC_04307,PKJKAM_04309,ODDLKH_02357,LNHIMF_01940,AJBGEP_01963,HFCAGB_01404,,
impC~~~evpB,impC;;evpB,Uncharacterized protein ImpC;hypothetical protein;EvpB family type VI secretion protein,,IKCLMC_02047,PKJKAM_03495,ODDLKH_00761,LNHIMF_00288,AJBGEP_00289,HFCAGB_00289,GEGEGB_02719;GEGEGB_02718,
lpfC,lpfC;,Outer membrane usher protein LpfC;Outer membrane fimbrial usher protein;long polar fimbrial usher protein LpfC,ONMMKP_03197,IKCLMC_02767,PKJKAM_03739,ODDLKH_04081,,AJBGEP_03821,HFCAGB_03877;HFCAGB_03876,,BEJGEH_03672
tssM~~~icmF,;tssM;icmF,IcmF-related protein;Type VI secretion system membrane subunit TssM;type VI secretion protein IcmF,,IKCLMC_02059,PKJKAM_03484,ODDLKH_00772,LNHIMF_00300,AJBGEP_00300,HFCAGB_00298,GEGEGB_02709;GEGEGB_02708,
group_4162,,Putative mannitol dehydrogenase,ONMMKP_03765,IKCLMC_03793,PKJKAM_00319,ODDLKH_03509,,AJBGEP_03247,HFCAGB_03304,,BEJGEH_03091
group_4122,,DNA damage-inducible protein I,ONMMKP_01120,IKCLMC_00298,,ODDLKH_01667,LNHIMF_02185,AJBGEP_01014,HFCAGB_01066,GEGEGB_02010,
group_4115,,Type II toxin-antitoxin system RelE/ParE family toxin,ONMMKP_03056,IKCLMC_02627,PKJKAM_03600,,LNHIMF_03818,AJBGEP_03964,HFCAGB_04026,,BEJGEH_03823
envF,envF,putative envelope lipoprotein EnvF,ONMMKP_00892,IKCLMC_00985,PKJKAM_00521,ODDLKH_01713,,AJBGEP_01316,HFCAGB_02053,,BEJGEH_01850
group_4096,,hypothetical protein;Fructose-bisphosphate aldolase,ONMMKP_03053,,PKJKAM_03597,ODDLKH_04226,LNHIMF_03823,AJBGEP_03967,,GEGEGB_03940;GEGEGB_03941,BEJGEH_03826
group_4087,,hypothetical protein;Major facilitator superfamily (MFS) profile domain-containing protein,ONMMKP_01829,IKCLMC_02110,PKJKAM_03429;PKJKAM_03430,ODDLKH_00815,,AJBGEP_00348,HFCAGB_00348,,BEJGEH_00337
group_4069,,hypothetical protein;Side tail fiber protein,ONMMKP_04593,IKCLMC_01781,PKJKAM_03044;PKJKAM_03045,ODDLKH_02741,,AJBGEP_02407,HFCAGB_02499;HFCAGB_02498,GEGEGB_00666,
group_4067,,Elongation factor Tu;Elongation factor Tu 1,ONMMKP_02638,,PKJKAM_00036,,LNHIMF_04183,AJBGEP_04345,HFCAGB_04394,GEGEGB_03662,BEJGEH_04196
group_4059,,Cytoplasmic protein,ONMMKP_03960,IKCLMC_03983,PKJKAM_02495,ODDLKH_03320,LNHIMF_02935,AJBGEP_03058,,,BEJGEH_02889
tacA3,tacA3,Antitoxin TacA3,ONMMKP_03957,,PKJKAM_02492,ODDLKH_03323,,AJBGEP_03061,HFCAGB_03107,GEGEGB_02942,BEJGEH_02892
group_4034,,Lytic enzyme,ONMMKP_00164,IKCLMC_04308,PKJKAM_04310,ODDLKH_02356,LNHIMF_01939,AJBGEP_01962,HFCAGB_01405,,
group_4024,,hypothetical protein,ONMMKP_00947,IKCLMC_00858,,ODDLKH_01592,LNHIMF_01221,AJBGEP_01188,HFCAGB_02108,,8_refound_98
group_4017,,hypothetical protein,ONMMKP_00171,IKCLMC_04312,PKJKAM_04316,ODDLKH_02352,LNHIMF_01933,AJBGEP_01958,HFCAGB_01409,,
group_3997,,hypothetical protein;Fimbrial outer membrane usher protein,ONMMKP_04678,IKCLMC_01863,PKJKAM_03993,ODDLKH_02647,,AJBGEP_02313,,GEGEGB_00751;GEGEGB_00752,BEJGEH_02183
stcA,stcA,Stc fimbria major subunit StcA,ONMMKP_04676,IKCLMC_01861,PKJKAM_03991,ODDLKH_02649,,AJBGEP_02315,,GEGEGB_00749,BEJGEH_02185
group_3980,,hypothetical protein;PTS EIIA type-2 domain-containing protein,ONMMKP_03049,,PKJKAM_03593,ODDLKH_04230,LNHIMF_03827,AJBGEP_03971,,GEGEGB_03936,BEJGEH_03830
group_3941,,hypothetical protein;Coproporphyrinogen III oxidase,,IKCLMC_00680,,ODDLKH_04459,LNHIMF_04054,AJBGEP_04209,HFCAGB_04254,GEGEGB_03798;GEGEGB_03799,BEJGEH_04061
group_3933,,Putative hydrolase or acyltransferase,ONMMKP_03766,IKCLMC_03794,PKJKAM_00320,ODDLKH_03508,,AJBGEP_03246,HFCAGB_03303,,BEJGEH_03090
group_3919,,Cytoplasmic protein,ONMMKP_01823,IKCLMC_02116,PKJKAM_03423,ODDLKH_00821,,AJBGEP_00354,HFCAGB_00354,,BEJGEH_00343
yjmC,yjmC,Putative oxidoreductase YjmC,ONMMKP_03764,IKCLMC_03792,PKJKAM_00318,ODDLKH_03510,,AJBGEP_03248,HFCAGB_03305,,BEJGEH_03092
sciB,sciB,sciB domain protein,,IKCLMC_02038,PKJKAM_03502,ODDLKH_00754,LNHIMF_00279,AJBGEP_00282,HFCAGB_00282,GEGEGB_02728,
group_3901,,hypothetical protein;Regulatory protein,ONMMKP_04337,IKCLMC_01309,PKJKAM_02789,,LNHIMF_02625,,HFCAGB_02765,GEGEGB_00397;GEGEGB_00398,BEJGEH_02521
group_3884,,Acyl dehydratase;Acyl-CoA dehydrogenase,ONMMKP_01252,IKCLMC_01481,PKJKAM_01054,ODDLKH_01348,LNHIMF_00983,AJBGEP_00884,HFCAGB_00938,,
tssJ,tssJ,type VI secretion system-associated lipoprotein,,IKCLMC_02054,PKJKAM_03489,ODDLKH_00767,LNHIMF_00294,AJBGEP_00295,HFCAGB_00293,GEGEGB_02714,
ybeR,;ybeR,hypothetical protein;Uncharacterized protein YbeR,ONMMKP_01495,IKCLMC_02499,PKJKAM_00379,ODDLKH_01148,,AJBGEP_00681,HFCAGB_00750,,BEJGEH_00667
group_3810,,hypothetical protein;DUF4261 domain-containing protein,ONMMKP_01272,IKCLMC_01463,PKJKAM_01073,ODDLKH_01330,,AJBGEP_00866,HFCAGB_00919,,BEJGEH_00840
group_3797,,hypothetical protein,ONMMKP_01250,IKCLMC_01483,PKJKAM_01052,ODDLKH_01350,LNHIMF_00985,AJBGEP_00886,HFCAGB_00940,,
group_3792,,HAD family phosphatase,,IKCLMC_00678,,ODDLKH_04457,LNHIMF_04052,AJBGEP_04207,HFCAGB_04252,GEGEGB_03801,BEJGEH_04059
group_3772,,hypothetical protein,ONMMKP_01088,IKCLMC_00571,PKJKAM_00247,ODDLKH_01700,LNHIMF_00689,AJBGEP_01047,HFCAGB_01395,,
group_3714,,Insertion element IS3 family protein,ONMMKP_01196,IKCLMC_00060,PKJKAM_00170,ODDLKH_01403,LNHIMF_03238,AJBGEP_00940,,,BEJGEH_01031
group_3452,,hypothetical protein,ONMMKP_00020,IKCLMC_00074,PKJKAM_04163,ODDLKH_02499,,AJBGEP_02166,HFCAGB_02265,,BEJGEH_02008
group_3175,,Antitoxin,ONMMKP_00498,IKCLMC_04641,PKJKAM_04647,ODDLKH_02032,LNHIMF_01603,AJBGEP_01634,,,BEJGEH_01533
group_3096,,Phosphocarrier protein NPr,ONMMKP_03054,,PKJKAM_03598,ODDLKH_04225,LNHIMF_03822,AJBGEP_03966,,GEGEGB_03942,BEJGEH_03825
group_3024,,PTS EIIB type-2 domain-containing protein,ONMMKP_03050,,PKJKAM_03594,ODDLKH_04229,LNHIMF_03826,AJBGEP_03970,,GEGEGB_03937,BEJGEH_03829
group_2882,,Cytoplasmic protein,ONMMKP_04823,,,ODDLKH_02501,LNHIMF_02076,AJBGEP_02168,HFCAGB_02267,GEGEGB_00915,BEJGEH_02010
group_2851,,DUF1493 domain-containing protein,ONMMKP_03959,IKCLMC_03982,PKJKAM_02494,ODDLKH_03321,LNHIMF_02936,AJBGEP_03059,,,BEJGEH_02890
group_2801,,DNA-binding protein,ONMMKP_02566,IKCLMC_01051,PKJKAM_01318,ODDLKH_00078,,AJBGEP_04417,HFCAGB_04448,,BEJGEH_04272
group_2747,,VOC domain-containing protein,ONMMKP_01746,IKCLMC_02191,PKJKAM_03349,ODDLKH_00894,,AJBGEP_00428,HFCAGB_00432,GEGEGB_02581,
group_2742,,NlpC/P60 family protein,ONMMKP_04459,IKCLMC_01645,PKJKAM_02911,ODDLKH_02876,,AJBGEP_02542,HFCAGB_02636,GEGEGB_00529,
group_2704,,VOC family protein,ONMMKP_03715,IKCLMC_03759,PKJKAM_01973,ODDLKH_03543,LNHIMF_03155,AJBGEP_03282,HFCAGB_03338,,
umuD,umuD,DNA polymerase V subunit UmuD,ONMMKP_00030,IKCLMC_04172,PKJKAM_04175,ODDLKH_02489,LNHIMF_02070,AJBGEP_02097,,GEGEGB_00941,
group_2561,gntP,GntP family permease,ONMMKP_01247,IKCLMC_01486,PKJKAM_01049,ODDLKH_01353,LNHIMF_00988,AJBGEP_00889,HFCAGB_00943,,
group_2536,,ASCH domain-containing protein,,IKCLMC_01018,PKJKAM_01350,ODDLKH_00045,LNHIMF_04223,AJBGEP_04386,HFCAGB_04435,,BEJGEH_04237
group_2434,,N-acetyltransferase domain-containing protein,,IKCLMC_02750,,ODDLKH_04097,LNHIMF_03685,AJBGEP_03837,HFCAGB_03893,GEGEGB_04078,BEJGEH_03687
group_2381,,TRAP transporter small permease protein,ONMMKP_03659,IKCLMC_03704,PKJKAM_01918,ODDLKH_03598,,AJBGEP_03338,HFCAGB_03394,,BEJGEH_03187
group_2348,,Gene 25-like lysozyme,,IKCLMC_02040,PKJKAM_03500,ODDLKH_00756,LNHIMF_00281,AJBGEP_00284,HFCAGB_00284,GEGEGB_02726,
stm0854,stm0854,STM0854 family CoA ester lyase,ONMMKP_01255,IKCLMC_01478,PKJKAM_01057,ODDLKH_01345,LNHIMF_00980,AJBGEP_00881,HFCAGB_00935,,
group_2244,,tRNA-acetylating toxin 3,ONMMKP_03956,,PKJKAM_02491,ODDLKH_03324,,AJBGEP_03062,HFCAGB_03108,GEGEGB_02943,BEJGEH_02893
maoC,maoC,MaoC domain protein,ONMMKP_03713,IKCLMC_03757,PKJKAM_01971,ODDLKH_03545,LNHIMF_03157,AJBGEP_03284,HFCAGB_03340,,
lpfE,lpfE,long polar fimbrial protein LpfE,ONMMKP_03199,IKCLMC_02769,PKJKAM_03741,ODDLKH_04079,,AJBGEP_03818,HFCAGB_03874,,BEJGEH_03670
group_2200,,type VI secretion system-associated protein,,IKCLMC_02046,PKJKAM_03496,ODDLKH_00760,LNHIMF_00287,AJBGEP_00288,HFCAGB_00288,GEGEGB_02720,
group_2178,,Fumarate hydratase Class I anaerobic,ONMMKP_01392,IKCLMC_00082,PKJKAM_00462,ODDLKH_01253,,AJBGEP_00786,HFCAGB_00841,,BEJGEH_00762
stfA,stfA,Stf fimbria major subunit StfA,ONMMKP_01966,IKCLMC_03023,PKJKAM_00729,ODDLKH_00679,,AJBGEP_00207,HFCAGB_00206,,BEJGEH_00216
group_1982,,Periplasmic protein,ONMMKP_02670,IKCLMC_00780,PKJKAM_01392,ODDLKH_04558,,AJBGEP_04308,HFCAGB_04357,,BEJGEH_04164
group_1969,,3-isopropylmalate dehydratase small subunit 1,ONMMKP_01827,IKCLMC_02112,PKJKAM_03427,ODDLKH_00817,,AJBGEP_00350,HFCAGB_00350,,BEJGEH_00339
yehC,yehC,putative fimbrial chaperone YehC,ONMMKP_04677,IKCLMC_01862,PKJKAM_03992,ODDLKH_02648,,AJBGEP_02314,,GEGEGB_00750,BEJGEH_02184
group_1819,,DNA-binding transcriptional regulator,ONMMKP_01745,IKCLMC_02192,PKJKAM_03348,ODDLKH_00895,,AJBGEP_00429,HFCAGB_00433,GEGEGB_02580,
lpfB,lpfB,long polar fimbrial chaperone LpfB,ONMMKP_03196,IKCLMC_02766,PKJKAM_03738,ODDLKH_04082,,AJBGEP_03822,HFCAGB_03878,,BEJGEH_03673
group_1800,,2-(5''-triphosphoribosyl)-3'-dephosphocoenzyme-A synthase,ONMMKP_01384,IKCLMC_01387,PKJKAM_01142,ODDLKH_01261,,AJBGEP_00794,HFCAGB_00849,,BEJGEH_00770
group_1728,,Lipoprotein,ONMMKP_03760,IKCLMC_03788,PKJKAM_00314,ODDLKH_03514,,AJBGEP_03252,HFCAGB_03309,,BEJGEH_03096
group_1696,,HTH gntR-type domain-containing protein,ONMMKP_03048,,PKJKAM_03592,ODDLKH_04231,LNHIMF_03828,AJBGEP_03972,,GEGEGB_03935,BEJGEH_03831
group_1685,,Pyruvate dehydrogenase complex repressor,ONMMKP_03761,IKCLMC_03789,PKJKAM_00315,ODDLKH_03513,,AJBGEP_03251,HFCAGB_03308,,BEJGEH_03095
group_1683,,Electron transfer flavoprotein subunit beta,ONMMKP_01254,IKCLMC_01479,PKJKAM_01056,ODDLKH_01346,LNHIMF_00981,AJBGEP_00882,HFCAGB_00936,,
group_1679,yfcS,Fimbrial chaperone yfcS,ONMMKP_01964,IKCLMC_03021,PKJKAM_00727,ODDLKH_00681,,AJBGEP_00209,HFCAGB_00208,,BEJGEH_00218
group_1675,iclR,IclR family transcriptional regulator,ONMMKP_03305,IKCLMC_02876,PKJKAM_03847,ODDLKH_03973,,AJBGEP_03711,HFCAGB_03766,,BEJGEH_03562
impE,impE,impE family protein,,IKCLMC_02041,PKJKAM_03499,ODDLKH_00757,LNHIMF_00282,AJBGEP_00285,HFCAGB_00285,GEGEGB_02725,
group_1502,,Citrate lyase,ONMMKP_03712,IKCLMC_03756,PKJKAM_01970,ODDLKH_03546,LNHIMF_03158,AJBGEP_03285,HFCAGB_03341,,
group_1491,,Fumarate hydratase alpha subunit,ONMMKP_01391,IKCLMC_00081,PKJKAM_00463,ODDLKH_01254,,AJBGEP_00787,HFCAGB_00842,,BEJGEH_00763
group_1461,,Small-conductance mechanosensitive channel,ONMMKP_02676,IKCLMC_00774,PKJKAM_01398,ODDLKH_04552,,AJBGEP_04302,HFCAGB_04347,,BEJGEH_04158
group_1414,,Sulfatase N-terminal domain-containing protein,,IKCLMC_00681,,ODDLKH_04460,LNHIMF_04055,AJBGEP_04210,HFCAGB_04255,GEGEGB_03797,BEJGEH_04062
group_1405,,Radical SAM protein,,IKCLMC_00679,,ODDLKH_04458,LNHIMF_04053,AJBGEP_04208,HFCAGB_04253,GEGEGB_03800,BEJGEH_04060
ripR,ripR,itaconate degradation transcriptional regulator RipR,ONMMKP_03711,IKCLMC_03755,PKJKAM_01969,ODDLKH_03547,LNHIMF_03159,AJBGEP_03286,HFCAGB_03342,,
group_1400,,FAA hydrolase family protein,ONMMKP_01826,IKCLMC_02113,PKJKAM_03426,ODDLKH_00818,,AJBGEP_00351,HFCAGB_00351,,BEJGEH_00340
group_1374,lysR,Transcriptional regulator lysR family,ONMMKP_01390,IKCLMC_00080,PKJKAM_00464,ODDLKH_01255,,AJBGEP_00788,HFCAGB_00843,,BEJGEH_00764
stm0859,stm0859,STM0859 family transcriptional regulator,ONMMKP_01248,IKCLMC_01485,PKJKAM_01050,ODDLKH_01352,LNHIMF_00987,AJBGEP_00888,HFCAGB_00942,,
group_1346,,FHA domain-containing protein,,IKCLMC_02042,PKJKAM_03498,ODDLKH_00758,LNHIMF_00283,AJBGEP_00286,HFCAGB_00286,GEGEGB_02724,
group_1337,,Dihydrodipicolinate synthase family protein,ONMMKP_03306,IKCLMC_02877,PKJKAM_03848,ODDLKH_03972,,AJBGEP_03710,HFCAGB_03765,,BEJGEH_03561
group_1302,,Hydrolase or acyltransferase,ONMMKP_01825,IKCLMC_02114,PKJKAM_03425,ODDLKH_00819,,AJBGEP_00352,HFCAGB_00352,,BEJGEH_00341
group_1276,,Quorum-sensing regulator protein D,ONMMKP_01389,IKCLMC_00079,PKJKAM_00465,ODDLKH_01256,,AJBGEP_00789,HFCAGB_00844,,BEJGEH_00765
group_1207,,Electron transfer flavoprotein alpha/beta-subunit N-terminal domain-containing protein,ONMMKP_01253,IKCLMC_01480,PKJKAM_01055,ODDLKH_01347,LNHIMF_00982,AJBGEP_00883,HFCAGB_00937,,
lysR,lysR,LysR family transcriptional regulator,ONMMKP_01824,IKCLMC_02115,PKJKAM_03424,ODDLKH_00820,,AJBGEP_00353,HFCAGB_00353,,BEJGEH_00342
group_1141,,C4-dicarboxylate-binding periplasmic protein,ONMMKP_03660,IKCLMC_03705,PKJKAM_01919,ODDLKH_03597,,AJBGEP_03337,HFCAGB_03393,,BEJGEH_03186
stcD,stcD,Stc fimbria adhesin StcD,ONMMKP_04679,IKCLMC_01864,PKJKAM_03994,ODDLKH_02646,,AJBGEP_02312,,GEGEGB_00753,BEJGEH_02182
group_1069,,Alcohol dehydrogenase,ONMMKP_03763,IKCLMC_03791,PKJKAM_00317,ODDLKH_03511,,AJBGEP_03249,HFCAGB_03306,,BEJGEH_03093
group_909,,Glycerol dehydrogenase,ONMMKP_03309,IKCLMC_02880,PKJKAM_03851,ODDLKH_03969,,AJBGEP_03707,HFCAGB_03762,,BEJGEH_03558
group_820,,Acyl-CoA dehydrogenase,ONMMKP_01251,IKCLMC_01482,PKJKAM_01053,ODDLKH_01349,LNHIMF_00984,AJBGEP_00885,HFCAGB_00939,,
group_794,,Serine-type anaerobic sulfatase-maturating enzyme,ONMMKP_03709,IKCLMC_03753,PKJKAM_01967,ODDLKH_03549,LNHIMF_03161,AJBGEP_03288,HFCAGB_03344,,
group_787,,Mandelate racemase/muconate lactonizing enzyme C-terminal domain-containing protein,,IKCLMC_02574,PKJKAM_03541,ODDLKH_04282,LNHIMF_03878,AJBGEP_04023,HFCAGB_04078,GEGEGB_03884,
gntP,gntP,GntP family permease,ONMMKP_04338,IKCLMC_01310,PKJKAM_02790,,LNHIMF_02624,,HFCAGB_02764,GEGEGB_00399,BEJGEH_02520
group_679,,Citrate transporter-like domain-containing protein,ONMMKP_01388,IKCLMC_00078,PKJKAM_00466,ODDLKH_01257,,AJBGEP_00790,HFCAGB_00845,,BEJGEH_00766
group_676,umuC,Protein UmuC,ONMMKP_00031,IKCLMC_04173,PKJKAM_04176,ODDLKH_02488,LNHIMF_02069,AJBGEP_02096,,GEGEGB_00942,
group_673,,undecaprenyl-diphosphate phosphatase,ONMMKP_03243,IKCLMC_02813,PKJKAM_03785,ODDLKH_04035,LNHIMF_03630,AJBGEP_03774,HFCAGB_03830,,
group_628,,OmpA-like domain-containing protein,,IKCLMC_02056,PKJKAM_03487,ODDLKH_00769,LNHIMF_00296,AJBGEP_00297,HFCAGB_00295,GEGEGB_02712,
group_624,,TRAP transporter large permease protein,ONMMKP_03658,IKCLMC_03703,PKJKAM_01917,ODDLKH_03599,,AJBGEP_03339,HFCAGB_03395,,BEJGEH_03188
ripA,ripA,itaconate CoA-transferase RipA/Ict,ONMMKP_03714,IKCLMC_03758,PKJKAM_01972,ODDLKH_03544,LNHIMF_03156,AJBGEP_03283,HFCAGB_03339,,
group_594,,Major facilitator superfamily (MFS) profile domain-containing protein,ONMMKP_03308,IKCLMC_02879,PKJKAM_03850,ODDLKH_03970,,AJBGEP_03708,HFCAGB_03763,,BEJGEH_03559
tssK,tssK,type VI secretion system-associated protein,,IKCLMC_02055,PKJKAM_03488,ODDLKH_00768,LNHIMF_00295,AJBGEP_00296,HFCAGB_00294,GEGEGB_02713,
group_567,,PTS family galactitol porter component IIC,ONMMKP_03051,,PKJKAM_03595,ODDLKH_04228,LNHIMF_03825,AJBGEP_03969,,GEGEGB_03938,BEJGEH_03828
group_488,,3-isopropylmalate dehydratase large subunit,ONMMKP_01828,IKCLMC_02111,PKJKAM_03428,ODDLKH_00816,,AJBGEP_00349,HFCAGB_00349,,BEJGEH_00338
group_435,,D-mannonate oxidoreductase,ONMMKP_03762,IKCLMC_03790,PKJKAM_00316,ODDLKH_03512,,AJBGEP_03250,HFCAGB_03307,,BEJGEH_03094
djlC,djlC,Uncharacterized J domain-containing protein DjlC,ONMMKP_01494,IKCLMC_02500,PKJKAM_00378,ODDLKH_01149,,AJBGEP_00682,HFCAGB_00751,,BEJGEH_00668
group_422,,Carbohydrate kinase,ONMMKP_03052,,PKJKAM_03596,ODDLKH_04227,LNHIMF_03824,AJBGEP_03968,,GEGEGB_03939,BEJGEH_03827
hscC,hscC,molecular chaperone HscC,ONMMKP_01493,IKCLMC_02501,PKJKAM_00377,ODDLKH_01150,,AJBGEP_00683,HFCAGB_00752,,BEJGEH_00669
group_299,,Electron transfer flavoprotein-ubiquinone oxidoreductase,ONMMKP_01249,IKCLMC_01484,PKJKAM_01051,ODDLKH_01351,LNHIMF_00986,AJBGEP_00887,HFCAGB_00941,,
group_288,,Dihydroxyacid dehydratase,ONMMKP_03307,IKCLMC_02878,PKJKAM_03849,ODDLKH_03971,,AJBGEP_03709,HFCAGB_03764,,BEJGEH_03560
group_280,,Periplasmic protein,ONMMKP_00021,IKCLMC_00073,PKJKAM_04164,ODDLKH_02498,,AJBGEP_02165,HFCAGB_02264,,BEJGEH_02007
group_277,,Arylsulfatase,ONMMKP_03710,IKCLMC_03754,PKJKAM_01968,ODDLKH_03548,LNHIMF_03160,AJBGEP_03287,HFCAGB_03343,,
group_136,,Sel1 domain-containing protein,ONMMKP_00022,IKCLMC_00072,PKJKAM_04165,ODDLKH_02497,,AJBGEP_02164,HFCAGB_02263,,BEJGEH_02006
yfcU,yfcU,Putative outer membrane usher protein YfcU,ONMMKP_01965,IKCLMC_03022,PKJKAM_00728,ODDLKH_00680,,AJBGEP_00208,HFCAGB_00207,,BEJGEH_00217
clpV1,clpV1,ClpV1 family T6SS ATPase,,IKCLMC_02043,PKJKAM_03497,ODDLKH_00759,LNHIMF_00284,AJBGEP_00287,HFCAGB_00287,GEGEGB_02723,
group_4786,,Integrase;Phage integrase,ONMMKP_00175,IKCLMC_04324,PKJKAM_04327,ODDLKH_02348,,AJBGEP_01954,HFCAGB_01401,,
group_4771,,hypothetical protein;DUF4102 domain-containing protein;Integrase;Integrase (Bacteriophage integrase),ONMMKP_02300,IKCLMC_03362,PKJKAM_02234,ODDLKH_00357,,,HFCAGB_04700,GEGEGB_04772,
group_4741,,tail fiber assembly protein,ONMMKP_01084,IKCLMC_00974,PKJKAM_00244,ODDLKH_01703,,AJBGEP_01306,HFCAGB_01398,,
group_4738,,hypothetical protein;Host specificity protein J,ONMMKP_01089,IKCLMC_00018_pseudo;IKCLMC_00339,PKJKAM_00248,ODDLKH_01699,LNHIMF_00688,AJBGEP_01302,,,
group_4735,,Antiterminator;Phage antitermination protein Q,ONMMKP_01115,IKCLMC_00303,PKJKAM_00278,,LNHIMF_02180,AJBGEP_02803,HFCAGB_01365,,
group_4731,,Coiled-coil protein;hypothetical protein,ONMMKP_00491,,PKJKAM_04641;PKJKAM_04642,ODDLKH_02038,,AJBGEP_01640,,GEGEGB_01548,BEJGEH_01524
group_4709,,Toxin SymE-like domain-containing protein,,IKCLMC_02078,PKJKAM_03467,ODDLKH_00781,,AJBGEP_00312,HFCAGB_00311,,BEJGEH_00299
group_4706,,hypothetical protein;Fimbrial protein,ONMMKP_03823,IKCLMC_03852,PKJKAM_02357,ODDLKH_03452,LNHIMF_03064,,,,BEJGEH_03032
group_4704,,hypothetical protein;HNH nuclease domain-containing protein,,IKCLMC_03336,PKJKAM_02228,ODDLKH_00370,,,HFCAGB_04718;HFCAGB_04717,GEGEGB_04790,BEJGEH_04600
group_4696,,Cytoplasmic protein,,IKCLMC_02049,PKJKAM_03494,ODDLKH_00762,LNHIMF_00289,AJBGEP_00290,HFCAGB_00291,,
group_4692,,Toxin SymE-like domain-containing protein,,,PKJKAM_03463,3_refound_40_pseudo,LNHIMF_00314,5_refound_64_pseudo,HFCAGB_00316,GEGEGB_02695,
group_4669,,DUF1120 domain-containing protein,ONMMKP_02203,IKCLMC_03254,PKJKAM_02149,ODDLKH_00450,,AJBGEP_04778,,,BEJGEH_04667
group_4664,,Type I-E CRISPR-associated protein Cas5/CasD,ONMMKP_03922,IKCLMC_03945,,ODDLKH_03358,,AJBGEP_03096,HFCAGB_03144,,BEJGEH_02932
group_4662,,Putative DNA-binding protein;hypothetical protein,,,PKJKAM_00046,ODDLKH_01660,LNHIMF_02188,AJBGEP_01011,HFCAGB_01061,GEGEGB_02017,
group_4649,,CRISPR-associated protein CT1975 family,ONMMKP_03921,IKCLMC_03944,,ODDLKH_03359,,AJBGEP_03097,HFCAGB_03145,,BEJGEH_02933
group_4627,,Glycosyltransferase family 2 protein,ONMMKP_01429,IKCLMC_00433,,ODDLKH_01216,LNHIMF_00864,AJBGEP_00749,,GEGEGB_02262,
group_4624,,Type I-E CRISPR-associated protein Cse1/CasA,ONMMKP_03919,IKCLMC_03942,,ODDLKH_03361,,AJBGEP_03099,HFCAGB_03147,,BEJGEH_02935
group_4562,,Phage tail protein,ONMMKP_01098,IKCLMC_00244,PKJKAM_00257,ODDLKH_01690,LNHIMF_00679,AJBGEP_01293,,,
group_4561,,Phage tail tape measure protein,ONMMKP_01094,IKCLMC_00334,PKJKAM_00253,ODDLKH_01694,LNHIMF_00683,AJBGEP_01297,,,
group_4545,,Endonuclease,ONMMKP_03813,IKCLMC_03842,,3_refound_39_pseudo,,AJBGEP_03198,HFCAGB_03254,GEGEGB_03096,
group_4543,,hypothetical protein,ONMMKP_00674,IKCLMC_04819,PKJKAM_00858,,,AJBGEP_01456,,GEGEGB_01316,BEJGEH_01710
group_4539,,hypothetical protein,ONMMKP_01137,IKCLMC_01595,PKJKAM_00151,,,AJBGEP_01000,HFCAGB_01051,GEGEGB_02029,
group_4522,,Gp37 protein,ONMMKP_02570,IKCLMC_01047,PKJKAM_01322,ODDLKH_00074,,AJBGEP_04413,,,BEJGEH_04268
group_4521,,Soluble lytic murein transglycosylase,ONMMKP_02568,IKCLMC_01049,PKJKAM_01320,ODDLKH_00076,,AJBGEP_04415,,,BEJGEH_04270
group_4475,,Phage tail assembly protein,ONMMKP_02574,IKCLMC_01043,PKJKAM_01326,ODDLKH_00070,,AJBGEP_04409,,,BEJGEH_04264
group_4462,,Flagellin,ONMMKP_04097,IKCLMC_04118,PKJKAM_02631,ODDLKH_03184,LNHIMF_02798,AJBGEP_02921,,,
group_4448,,hypothetical protein,ONMMKP_02583,IKCLMC_01033,PKJKAM_01335,ODDLKH_00060,,AJBGEP_04400,,,BEJGEH_04255
group_4422,,DUF1120 domain-containing protein,ONMMKP_02204,IKCLMC_03255,PKJKAM_02150,ODDLKH_00449,,AJBGEP_04777,,,BEJGEH_04666
group_4421,,hypothetical protein;Glycosyl transferase,ONMMKP_01430,IKCLMC_00434,,ODDLKH_01215,LNHIMF_00863,AJBGEP_00748,,GEGEGB_02263;GEGEGB_02264,
group_4411,,Gifsy-1 prophage protein,ONMMKP_01092,IKCLMC_01204,PKJKAM_00251,ODDLKH_01696,LNHIMF_00685,AJBGEP_01299,,,
group_4409,,hypothetical protein,ONMMKP_01437,IKCLMC_00441,,ODDLKH_01208,LNHIMF_00856,AJBGEP_00741,,GEGEGB_02271,
group_4400,,Cytoplasmic protein;hypothetical protein,ONMMKP_01427,IKCLMC_00431,,ODDLKH_01218,LNHIMF_00866,AJBGEP_00751,,GEGEGB_02259,
group_4371,,Type I-E CRISPR-associated protein Cas6/Cse3/CasE,ONMMKP_03923,IKCLMC_03946,,ODDLKH_03357,,AJBGEP_03095,HFCAGB_03143,,BEJGEH_02931
ydaV,ydaV,Uncharacterized protein YdaV,,,PKJKAM_00045,ODDLKH_01659,LNHIMF_02189,AJBGEP_01010,HFCAGB_01060,GEGEGB_02018,
group_4346,,hypothetical protein,,,,ODDLKH_02580,LNHIMF_02224,AJBGEP_02247,HFCAGB_02346,GEGEGB_00832,BEJGEH_02106
rfbN,rfbN,O antigen biosynthesis rhamnosyltransferase RfbN,,,,ODDLKH_02579,LNHIMF_02223,AJBGEP_02246,HFCAGB_02345,GEGEGB_00833,BEJGEH_02105
group_4257,,Type I-E CRISPR-associated protein Cse2/CasB,ONMMKP_03920,IKCLMC_03943,,ODDLKH_03360,,AJBGEP_03098,HFCAGB_03146,,BEJGEH_02934
group_4252,,Integrase,,IKCLMC_02277,,ODDLKH_00979,LNHIMF_00518,AJBGEP_00513,HFCAGB_00518,GEGEGB_02490,
nucS,nucS,Endonuclease NucS,ONMMKP_02249,IKCLMC_03312,PKJKAM_02202,,LNHIMF_04583,,HFCAGB_04743,,BEJGEH_04625
group_4235,,Cytoplasmic protein,0_refound_8,IKCLMC_03024,PKJKAM_00730,ODDLKH_00678,,AJBGEP_00206,HFCAGB_00205,,
group_4233,,Integrase catalytic domain-containing protein,ONMMKP_03180,1_refound_19_pseudo,PKJKAM_03722,,,,6_refound_72_pseudo,7_refound_86_pseudo,BEJGEH_03688
group_4218,,hypothetical protein,ONMMKP_00322,,PKJKAM_04475,,LNHIMF_01781,,HFCAGB_01562,GEGEGB_01715,BEJGEH_01352
group_4167,,hypothetical protein;Glycosyl transferase,ONMMKP_01428,IKCLMC_00432,,ODDLKH_01217,LNHIMF_00865,AJBGEP_00750,,GEGEGB_02260;GEGEGB_02261,
group_4144,,CRISPR-associated endonuclease/helicase Cas3;hypothetical protein,ONMMKP_03918,IKCLMC_03941,,ODDLKH_03362,,AJBGEP_03100,HFCAGB_03148;HFCAGB_03149,,BEJGEH_02936
group_4118,,Tail component of prophage CP-933K;Tail assembly protein,ONMMKP_01090,IKCLMC_01206,PKJKAM_00249,ODDLKH_01698,LNHIMF_00687,AJBGEP_01301,,,
group_4102,vapC,tRNA(fMet)-specific endonuclease VapC,ONMMKP_03815,IKCLMC_03844,,ODDLKH_03459,,AJBGEP_03196,HFCAGB_03252,GEGEGB_03094,
group_4081,,Cytoplasmic protein,ONMMKP_03958,IKCLMC_03981,PKJKAM_02493,ODDLKH_03322,,AJBGEP_03060,,,BEJGEH_02891
rhsB,rhsB,Putative deoxyribonuclease RhsB,,IKCLMC_02067,,ODDLKH_00778,LNHIMF_00306,AJBGEP_00306,HFCAGB_00304,GEGEGB_02700,
group_4033,,hypothetical protein,ONMMKP_00162,IKCLMC_04306,PKJKAM_04308,ODDLKH_02358,,AJBGEP_01964,HFCAGB_01403,,
yefM,yefM,Orphan antitoxin YefM,ONMMKP_03279,IKCLMC_02849,PKJKAM_03821,ODDLKH_03999,,AJBGEP_03738,HFCAGB_03793,,
group_3989,,Phage protein D,ONMMKP_02578,IKCLMC_01039,PKJKAM_01330,ODDLKH_00066,,AJBGEP_04405,,,BEJGEH_04260
group_3939,,hypothetical protein;dTDP-fucopyranose mutase,ONMMKP_01435,IKCLMC_00439,,ODDLKH_01210,LNHIMF_00858,AJBGEP_00743,,GEGEGB_02269,
group_3924,,Putative phage tail protein,ONMMKP_02575,IKCLMC_01042,PKJKAM_01327,ODDLKH_00069,,AJBGEP_04408,,,BEJGEH_04263
group_3889,,hypothetical protein;ABC transporter permease protein,ONMMKP_01432,IKCLMC_00436,,ODDLKH_01213,LNHIMF_00861,AJBGEP_00746,,GEGEGB_02266,
group_3852,,hypothetical protein,ONMMKP_03280,IKCLMC_02850,PKJKAM_03822,ODDLKH_03998,,AJBGEP_03737,HFCAGB_03792,,
fljA,fljA,phase 1 flagellin gene repressor FljA,ONMMKP_04098,IKCLMC_04119,PKJKAM_02632,ODDLKH_03183,LNHIMF_02797,AJBGEP_02920,,,
tlde1,;tlde1,hypothetical protein;type VI secretion system effector tlde1 LD-transpeptidase,,IKCLMC_02064,PKJKAM_03479,ODDLKH_00775,,AJBGEP_00303,HFCAGB_00301,GEGEGB_02703,
parD,parD,Antitoxin ParD,,IKCLMC_03929,,ODDLKH_03374,LNHIMF_02987,AJBGEP_03112,,GEGEGB_03003,BEJGEH_02955
sciR,sciR,Shiga-like toxin A subunit SciR,,IKCLMC_02058,PKJKAM_03485,ODDLKH_00771,LNHIMF_00299,AJBGEP_00299,HFCAGB_00297,,
group_3709,,DNA-binding protein,,,PKJKAM_00043,ODDLKH_01657,LNHIMF_02191,AJBGEP_01008,HFCAGB_01058,GEGEGB_02020,
group_3683,,BIG2 domain-containing protein,ONMMKP_01097,IKCLMC_00331,PKJKAM_00256,ODDLKH_01691,LNHIMF_00680,AJBGEP_01294,,,
group_3681,,Phage minor tail protein G,ONMMKP_01096,IKCLMC_00332,PKJKAM_00255,ODDLKH_01692,LNHIMF_00681,AJBGEP_01295,,,
group_3679,,Gifsy-1 prophage protein,ONMMKP_01095,IKCLMC_00333,PKJKAM_00254,ODDLKH_01693,LNHIMF_00682,AJBGEP_01296,,,
group_3677,,Gifsy-1 prophage protein,ONMMKP_01093,IKCLMC_01203,PKJKAM_00252,ODDLKH_01695,LNHIMF_00684,AJBGEP_01298,,,
group_3519,,hypothetical protein,,,PKJKAM_02109,3_refound_35_pseudo,4_refound_46_pseudo,5_refound_58_pseudo,HFCAGB_00015,,BEJGEH_00015
group_3385,,Cardiolipin synthase N-terminal domain-containing protein,ONMMKP_03662,IKCLMC_03707,PKJKAM_01921,ODDLKH_03595,,AJBGEP_03335,HFCAGB_03391,,
group_3377,,Cytoplasmic protein,ONMMKP_02571,IKCLMC_01046,PKJKAM_01323,ODDLKH_00073,,AJBGEP_04412,,,BEJGEH_04267
group_3374,,Cold-shock protein,ONMMKP_01197,IKCLMC_01536,PKJKAM_00999,,,,HFCAGB_00993,GEGEGB_02091,BEJGEH_00907
group_3331,,Tail protein X,ONMMKP_02577,IKCLMC_01040,PKJKAM_01329,ODDLKH_00067,,AJBGEP_04406,,,BEJGEH_04261
vapB,vapB,toxin-antitoxin system antitoxin VapB,ONMMKP_03814,IKCLMC_03843,,ODDLKH_03460,,AJBGEP_03197,HFCAGB_03253,GEGEGB_03095,
xis,xis,excisionase Xis,ONMMKP_01138,IKCLMC_01594,PKJKAM_00150,,,AJBGEP_00999,HFCAGB_01050,GEGEGB_02030,
group_3023,,Holin,ONMMKP_02567,IKCLMC_01050,PKJKAM_01319,ODDLKH_00077,,AJBGEP_04416,,,BEJGEH_04271
group_2922,,Inner membrane protein,ONMMKP_02569,IKCLMC_01048,PKJKAM_01321,ODDLKH_00075,,AJBGEP_04414,,,BEJGEH_04269
group_2765,,Putative phage baseplate protein gpW,ONMMKP_02582,IKCLMC_01034,PKJKAM_01334,ODDLKH_00061,,AJBGEP_04401,,,BEJGEH_04256
group_2682,,putative periplasmic protein,,IKCLMC_02063,PKJKAM_03480,ODDLKH_00774,,AJBGEP_00302,HFCAGB_00300,GEGEGB_02704,
group_2575,,PTS sugar transporter,,IKCLMC_03294,PKJKAM_02189,ODDLKH_00410,LNHIMF_04591,AJBGEP_04738,HFCAGB_04764,,
group_2507,,DUF1795 domain-containing protein,,IKCLMC_02066,,ODDLKH_00777,LNHIMF_00305,AJBGEP_00305,HFCAGB_00303,GEGEGB_02701,
group_2457,,PTS system IIb component,,IKCLMC_03293,PKJKAM_02188,ODDLKH_00411,LNHIMF_04592,AJBGEP_04739,HFCAGB_04765,,
group_2253,,Phage major tail tube protein,ONMMKP_02573,IKCLMC_01044,PKJKAM_01325,ODDLKH_00071,,AJBGEP_04410,,,BEJGEH_04265
group_2121,,Tyrosine recombinase,ONMMKP_01438,IKCLMC_00442,,ODDLKH_01207,LNHIMF_00855,AJBGEP_00740,,GEGEGB_02272,
hin,hin,flagellar phase variation DNA invertase Hin,ONMMKP_04096,IKCLMC_04117,PKJKAM_02630,ODDLKH_03185,LNHIMF_02799,AJBGEP_02922,,,
group_2103,,Outer membrane protein,ONMMKP_02207,IKCLMC_03258,PKJKAM_02153,ODDLKH_00446,,AJBGEP_04774,,,BEJGEH_04663
group_1999,,2-dehydro-3-deoxy-6-phosphogalactonate aldolase,ONMMKP_03002,IKCLMC_02579,PKJKAM_03546,ODDLKH_04277,,AJBGEP_04018,HFCAGB_04073,,
group_1956,,Phage tail protein,ONMMKP_02584,IKCLMC_01032,PKJKAM_01336,ODDLKH_00059,,AJBGEP_04399,,,BEJGEH_04254
dgoR,dgoR,D-galactonate utilization transcriptional regulator DgoR,ONMMKP_03000,IKCLMC_02577,PKJKAM_03544,ODDLKH_04279,,AJBGEP_04020,HFCAGB_04075,,
stjC,stjC,fimbrial biogenesis chaperone StjC,ONMMKP_02205,IKCLMC_03256,PKJKAM_02151,ODDLKH_00448,,AJBGEP_04776,,,BEJGEH_04665
group_1774,,Sugar ABC transporter ATP-binding protein,ONMMKP_01431,IKCLMC_00435,,ODDLKH_01214,LNHIMF_00862,AJBGEP_00747,,GEGEGB_02265,
group_1749,,Phage baseplate assembly protein V,ONMMKP_02579,IKCLMC_01038,PKJKAM_01331,ODDLKH_00065,,AJBGEP_04404,,,BEJGEH_04259
group_1701,,Transport protein,ONMMKP_01436,IKCLMC_00440,,ODDLKH_01209,LNHIMF_00857,AJBGEP_00742,,GEGEGB_02270,
group_1618,,PTS system mannose-specific IIC component,,IKCLMC_03292,PKJKAM_02187,ODDLKH_00412,LNHIMF_04593,AJBGEP_04740,HFCAGB_04766,,
group_1486,,PTS mannose transporter subunit IID,,IKCLMC_03291,PKJKAM_02186,ODDLKH_00413,LNHIMF_04594,AJBGEP_04741,HFCAGB_04767,,
group_1401,,2-oxo-3-deoxygalactonate kinase,ONMMKP_03001,IKCLMC_02578,PKJKAM_03545,ODDLKH_04278,,AJBGEP_04019,HFCAGB_04074,,
group_1365,,Glycosyltransferase,ONMMKP_01434,IKCLMC_00438,,ODDLKH_01211,LNHIMF_00859,AJBGEP_00744,,GEGEGB_02268,
group_1267,,Glycosyltransferase 2-like domain-containing protein,ONMMKP_02580,IKCLMC_01037,PKJKAM_01332,ODDLKH_00064,,AJBGEP_04403,,,BEJGEH_04258
group_1211,,Methyl-accepting chemotaxis protein,ONMMKP_02576,IKCLMC_01041,PKJKAM_01328,ODDLKH_00068,,AJBGEP_04407,,,BEJGEH_04262
group_1155,,Bacteriophage lambda Replication protein O N-terminal domain-containing protein,,,PKJKAM_00044,ODDLKH_01658,LNHIMF_02190,AJBGEP_01009,HFCAGB_01059,GEGEGB_02019,
group_1087,,Fructosamine deglycase,,IKCLMC_03289,PKJKAM_02184,ODDLKH_00415,LNHIMF_04596,AJBGEP_04743,HFCAGB_04769,,
group_985,,Phosphosugar isomerase,,IKCLMC_03290,PKJKAM_02185,ODDLKH_00414,LNHIMF_04595,AJBGEP_04742,HFCAGB_04768,,
group_876,,Galactosyl transferase,ONMMKP_01433,IKCLMC_00437,,ODDLKH_01212,LNHIMF_00860,AJBGEP_00745,,GEGEGB_02267,
group_846,,D-galactonate dehydratase,ONMMKP_03003,IKCLMC_02580,PKJKAM_03547,ODDLKH_04276,,AJBGEP_04017,HFCAGB_04072,,
group_647,,MFS transporter,ONMMKP_03004,IKCLMC_02581,PKJKAM_03548,ODDLKH_04275,,AJBGEP_04016,HFCAGB_04071,,
int,int,FimB-specific integrase,ONMMKP_01139,IKCLMC_01593,PKJKAM_00149,,,AJBGEP_00998,HFCAGB_01049,GEGEGB_02031,
group_477,,hypothetical protein,ONMMKP_02572,IKCLMC_01045,PKJKAM_01324,ODDLKH_00072,,AJBGEP_04411,,,BEJGEH_04266
rfbK,rfbK,O-antigen biosynthesis phosphomannomutase RfbK,,,,ODDLKH_02577,LNHIMF_02221,AJBGEP_02244,HFCAGB_02343,GEGEGB_00835,BEJGEH_02103
group_366,,hypothetical protein,ONMMKP_02581,IKCLMC_01036,PKJKAM_01333,ODDLKH_00063,,AJBGEP_04402,,,BEJGEH_04257
stjB,stjB,StjB fimbria biogenesis outer membrane usher protein StjB,ONMMKP_02206,IKCLMC_03257,PKJKAM_02152,ODDLKH_00447,,AJBGEP_04775,,,BEJGEH_04664
group_42,,Sigma 54-interacting transcriptional regulator,,IKCLMC_03295,PKJKAM_02190,ODDLKH_00409,LNHIMF_04590,AJBGEP_04737,HFCAGB_04763,,
recT,;recT,hypothetical protein;Recombination protein RecT,,IKCLMC_00915,,ODDLKH_01649,,AJBGEP_01247,HFCAGB_01347,GEGEGB_01071,
group_4775,symE,Toxic protein SymE,ONMMKP_02247,,PKJKAM_02200,ODDLKH_00397,,AJBGEP_04725,,GEGEGB_04817,
group_4757,,Antitermination protein Q,,IKCLMC_00223,,ODDLKH_01671,,AJBGEP_01018,HFCAGB_01070,GEGEGB_02006,
sopE,sopE,Guanine nucleotide exchange factor SopE;SPI-1 type III secretion system guanine nucleotide exchange factor SopE,ONMMKP_01083,,PKJKAM_00243,,LNHIMF_04315,,HFCAGB_01399,GEGEGB_04539,
group_4734,,hypothetical protein,ONMMKP_03078,,,ODDLKH_04202,,AJBGEP_03942,HFCAGB_04001,GEGEGB_03970,
group_4710,,hypothetical protein,ONMMKP_01132,IKCLMC_01598,,ODDLKH_01653,,AJBGEP_01250,HFCAGB_01055,,
group_4693,,Tail completion protein,,IKCLMC_00242,PKJKAM_00258,ODDLKH_01689,LNHIMF_00678,AJBGEP_02779,,,
group_4634,,Exodeoxyribonuclease VIII;hypothetical protein,ONMMKP_01135,IKCLMC_01597,PKJKAM_00153,,,AJBGEP_01249;AJBGEP_01002,HFCAGB_01054,,
group_4629,,Fimbrial protein,ONMMKP_03901,,PKJKAM_02435,,,,HFCAGB_03165,GEGEGB_02999,BEJGEH_02952
group_4607,,Transposase,,,,ODDLKH_01042,,AJBGEP_00577,HFCAGB_00646,GEGEGB_02425,8_refound_100
group_4595,,Inner membrane protein,ONMMKP_00133,,PKJKAM_04278,,LNHIMF_01968,,HFCAGB_01318,GEGEGB_01044,
group_4594,,hypothetical protein;RNA 3'-terminal-phosphate cyclase (ATP);RNA 3'-terminal phosphate cyclase,,IKCLMC_02894,,ODDLKH_03955,,AJBGEP_03693,HFCAGB_03748;HFCAGB_03747,,BEJGEH_03544
group_4579,,hypothetical protein,,IKCLMC_03930,,ODDLKH_03373,LNHIMF_02986,AJBGEP_03111,,GEGEGB_03002,
group_4577,,Phage tail protein,,IKCLMC_00572,PKJKAM_00245,,LNHIMF_00690,AJBGEP_01048,HFCAGB_01396,,
group_4569,,Copper-binding protein,ONMMKP_01587,,,,LNHIMF_00711,,HFCAGB_00653,GEGEGB_02419,BEJGEH_00574
group_4544,,hypothetical protein,0_refound_9,,2_refound_30,ODDLKH_01853,LNHIMF_01424,,HFCAGB_01905,,
group_4463,,Entericidin A,,IKCLMC_01169,,ODDLKH_00207,,AJBGEP_04534,,GEGEGB_04622,BEJGEH_04403
group_4452,,hypothetical protein,,IKCLMC_02650,PKJKAM_03622,,LNHIMF_03795,,,GEGEGB_03969,BEJGEH_03801
group_4449,,Phage tail protein;hypothetical protein;Putative side tail phage protein,ONMMKP_02585,IKCLMC_01031,PKJKAM_01337,,,AJBGEP_04398,,,BEJGEH_04253
group_4427,,Secreted protein,,IKCLMC_02764,PKJKAM_03736,ODDLKH_04084,,AJBGEP_03824,HFCAGB_03880,,
group_4395,;steA,hypothetical protein;Fimbrial protein SteA,ONMMKP_03906,,PKJKAM_02440,,,,HFCAGB_03160,GEGEGB_02993;GEGEGB_02994,BEJGEH_02947
group_4390,,HAD family phosphatase,,IKCLMC_01027,PKJKAM_01341,,LNHIMF_04232,,HFCAGB_04444,GEGEGB_04348,
group_4381,tacA2,Antitoxin TacA2,,,,ODDLKH_00176,LNHIMF_04393,AJBGEP_04515,HFCAGB_04546,GEGEGB_04451,
group_4372,,PTS EIIB type-2 domain-containing protein;PTS fructose transporter subunit IIC,,IKCLMC_03616,PKJKAM_01791,ODDLKH_03685,,AJBGEP_03425,,GEGEGB_03337,
group_4345,,VWFA domain-containing protein,,IKCLMC_01706,,ODDLKH_02816,,AJBGEP_02482,HFCAGB_02574,,BEJGEH_02338
group_4311,,hypothetical protein,ONMMKP_00112,,,ODDLKH_02406,LNHIMF_01988,5_refound_62,,,8_refound_99
group_4236,,Aldose-1-epimerase,,,,ODDLKH_04467,LNHIMF_04062,AJBGEP_04217,HFCAGB_04262,GEGEGB_03789,
group_4219,,Inner membrane protein,ONMMKP_02010,IKCLMC_03061,PKJKAM_00775,,,,HFCAGB_00168,,BEJGEH_00178
dinI,;dinI,hypothetical protein;DinI family protein,,IKCLMC_00579,PKJKAM_00241,,,AJBGEP_01055,HFCAGB_01104,GEGEGB_01968,
group_4184,,hypothetical protein;DNA breaking-rejoining protein;Enterohemolysin,ONMMKP_01136,IKCLMC_01596,PKJKAM_00152,,,AJBGEP_01001,HFCAGB_01052;HFCAGB_01053,,
group_4169,,Fimbrial subunit,ONMMKP_03902,,PKJKAM_02436,,,,HFCAGB_03164,GEGEGB_02998,BEJGEH_02951
group_4095,,hypothetical protein,,,,ODDLKH_01043,,AJBGEP_00578,HFCAGB_00647,GEGEGB_02424,BEJGEH_00568
ypfL,;ypfL,hypothetical protein;Uncharacterized protein YpfL,,,,ODDLKH_02957,,AJBGEP_02623,HFCAGB_02723,GEGEGB_00441,BEJGEH_02478
group_4050,,putative periplasmic protein;hypothetical protein,,IKCLMC_02052,PKJKAM_03491,ODDLKH_00765,LNHIMF_00292,AJBGEP_00293,,,
group_4009,,hypothetical protein,,IKCLMC_03526,PKJKAM_01700,ODDLKH_03777,,AJBGEP_03514,HFCAGB_03569,,
group_3977,,tRNA-acetylating toxin 2,,,,ODDLKH_00177,LNHIMF_04394,AJBGEP_04516,HFCAGB_04547,GEGEGB_04452,
group_3970,,Fimbrial protein,ONMMKP_03903,,PKJKAM_02437,,,,HFCAGB_03163,GEGEGB_02997,BEJGEH_02950
gtrC1,gtrC1,putative glucosyltransferase GtrC1,,,,ODDLKH_01045,,AJBGEP_00580,HFCAGB_00649,GEGEGB_02423,BEJGEH_00570
group_3882,,Inner membrane protein,,IKCLMC_02515,,ODDLKH_01164,,AJBGEP_00697,HFCAGB_00766,,BEJGEH_00683
group_3844,,PTS sugar transporter,,IKCLMC_01029,PKJKAM_01339,,LNHIMF_04234,,HFCAGB_04446,GEGEGB_04350,
group_3840,,hypothetical protein,ONMMKP_02368,,PKJKAM_02303,ODDLKH_00288,,AJBGEP_04615,,,BEJGEH_04485
group_3732,,Endonuclease,,1_refound_16,PKJKAM_00272,ODDLKH_01676,,AJBGEP_01024,HFCAGB_01370,,
group_3715,,Insertion element IS3 family protein,ONMMKP_02683,IKCLMC_03978,PKJKAM_02712,,LNHIMF_00817,,,,BEJGEH_00691
group_3705,ninG,Protein NinG,ONMMKP_01117,IKCLMC_00301,PKJKAM_00280,,LNHIMF_02182,AJBGEP_02805,,,
ylcG,ylcG,YlcG family protein,ONMMKP_01116,IKCLMC_00302,PKJKAM_00279,,LNHIMF_02181,AJBGEP_02804,,,
group_3498,,hypothetical protein,,,,ODDLKH_01044,,AJBGEP_00579,HFCAGB_00648,7_refound_82_pseudo,BEJGEH_00569
brnT,brnT,BrnT family toxin,,IKCLMC_03301,,ODDLKH_00403,,AJBGEP_04731,HFCAGB_04757,GEGEGB_04824,
group_2963,,Toxin-antitoxin system antitoxin component,,IKCLMC_03300,,ODDLKH_00404,,AJBGEP_04732,HFCAGB_04758,GEGEGB_04825,
group_2901,,PTS system fructose-like EIIB component 2,,IKCLMC_00785,PKJKAM_01387,ODDLKH_04563,,AJBGEP_04313,HFCAGB_04362,,
group_2890,,Phosphotyrosine protein phosphatase I domain-containing protein,ONMMKP_02009,IKCLMC_03060,PKJKAM_00773,,,,HFCAGB_00169,,BEJGEH_00179
group_2873,,hypothetical protein,,,,ODDLKH_02956,,AJBGEP_02622,HFCAGB_02722,GEGEGB_00442,BEJGEH_02477
group_2786,,protein-N(pi)-phosphohistidine--D-fructose phosphotransferase,,IKCLMC_00788,PKJKAM_01384,ODDLKH_04566,,AJBGEP_04316,HFCAGB_04365,,
group_2508,,Cytoplasmic protein,,IKCLMC_02076,PKJKAM_03470,ODDLKH_00779,LNHIMF_00308,AJBGEP_00309,,,
group_2497,,Lipoprotein,,,PKJKAM_00275,ODDLKH_01673,,AJBGEP_01021,HFCAGB_01367,GEGEGB_02004,
group_2487,,Endolysin,,1_refound_13,PKJKAM_00271,ODDLKH_01677,,AJBGEP_01025,HFCAGB_01371,,
group_2377,,Hcp1 family type VI secretion system effector,,IKCLMC_02053,PKJKAM_03490,ODDLKH_00766,LNHIMF_00293,AJBGEP_00294,,,
tae4,tae4,type VI secretion system effector tae4 LD-endopeptidase,,IKCLMC_02051,PKJKAM_03492,ODDLKH_00764,LNHIMF_00291,AJBGEP_00292,,,
yfeL,yfeL,Uncharacterized protein YfeL,ONMMKP_04392,IKCLMC_01364,,,,AJBGEP_02609,HFCAGB_02709,,BEJGEH_02464
group_1735,,Cytoplasmic protein,ONMMKP_02589,,,ODDLKH_00054,,AJBGEP_04395,HFCAGB_04447,,BEJGEH_04250
group_1666,deoR,DeoR family transcriptional regulator,,IKCLMC_01026,PKJKAM_01342,,LNHIMF_04231,,HFCAGB_04443,GEGEGB_04347,
yfcS,yfcS,Fimbrial chaperone yfcS,ONMMKP_03904,,PKJKAM_02438,,,,HFCAGB_03162,GEGEGB_02996,BEJGEH_02949
group_1561,,5-deoxy-glucuronate isomerase,ONMMKP_02364,,PKJKAM_02298,ODDLKH_00292,,AJBGEP_04620,,,BEJGEH_04489
iolI2,iolI2,2-keto-myo-inositol isomerase IolI2,ONMMKP_02352,,PKJKAM_02286,ODDLKH_00304,,AJBGEP_04632,,,BEJGEH_04501
group_1515,,HTH deoR-type domain-containing protein,,IKCLMC_03619,PKJKAM_01794,ODDLKH_03682,,AJBGEP_03422,,GEGEGB_03334,
iolR,iolR,myo-inositol utilization transcriptional regulator IolR,ONMMKP_02367,,PKJKAM_02302,ODDLKH_00289,,AJBGEP_04616,,,BEJGEH_04486
iolI1,iolI1,2-keto-myo-inositol isomerase IolI1,ONMMKP_02358,,PKJKAM_02292,ODDLKH_00298,,AJBGEP_04626,,,BEJGEH_04495
group_1509,,Histidine biosynthesis protein,,IKCLMC_01028,PKJKAM_01340,,LNHIMF_04233,,HFCAGB_04445,GEGEGB_04349,
reiD,reiD,myo-inositol utilization transcriptional regulator ReiD,ONMMKP_02362,,PKJKAM_02296,ODDLKH_00294,,AJBGEP_04622,,,BEJGEH_04491
group_1406,,Pyruvate formate-lyase 2-activating enzyme,,IKCLMC_00787,PKJKAM_01385,ODDLKH_04565,,AJBGEP_04315,HFCAGB_04364,,
iolH,iolH,sugar phosphate isomerase/epimerase IolH,ONMMKP_02351,,PKJKAM_02285,ODDLKH_00305,,AJBGEP_04633,,,BEJGEH_04502
group_1336,,Inosose dehydratase,ONMMKP_02361,,PKJKAM_02295,ODDLKH_00295,,AJBGEP_04623,,,BEJGEH_04492
group_1305,,D-tagatose-1-phosphate kinase,,IKCLMC_03617,PKJKAM_01792,ODDLKH_03684,,AJBGEP_03424,,GEGEGB_03336,
group_1228,,2-dehydro-3-deoxygluconokinase,,IKCLMC_03620,PKJKAM_01795,ODDLKH_03681,,AJBGEP_03421,,GEGEGB_03333,
sseK1,sseK1,type III secretion system effector SseK1 Arginine N-Glycosyltransferase,ONMMKP_02626,,PKJKAM_00230,,,AJBGEP_04357,HFCAGB_04406,,BEJGEH_04208
iolG1,iolG1,inositol 2-dehydrogenase IolG1,ONMMKP_02360,,PKJKAM_02294,ODDLKH_00296,,AJBGEP_04624,,,BEJGEH_04493
iolG2,iolG2,D-chiro-inositol-2-dehydrogenase IolG2,ONMMKP_02354,,PKJKAM_02288,ODDLKH_00302,,AJBGEP_04630,,,BEJGEH_04499
group_977,,Putative cytoplasmic protein,,IKCLMC_03580,PKJKAM_01755,ODDLKH_03723,,AJBGEP_03458,,,BEJGEH_03310
group_959,,EIIBC-Fru,,IKCLMC_00784,PKJKAM_01388,ODDLKH_04562,,AJBGEP_04312,HFCAGB_04361,,
yfcJ,yfcJ,Uncharacterized MFS-type transporter YfcJ,ONMMKP_02357,,PKJKAM_02291,ODDLKH_00299,,AJBGEP_04627,,,BEJGEH_04496
rtcB,rtcB,RNA-splicing ligase RtcB,,IKCLMC_02893,,ODDLKH_03956,,AJBGEP_03694,HFCAGB_03749,,BEJGEH_03545
group_732,,Permease,ONMMKP_02353,,PKJKAM_02287,ODDLKH_00303,,AJBGEP_04631,,,BEJGEH_04500
srfJ,srfJ,lysosomal glucosyl ceramidase-like type III secretion effector SrfJ,ONMMKP_02359,,PKJKAM_02293,ODDLKH_00297,,AJBGEP_04625,,,BEJGEH_04494
iolT1,iolT1,myo-inositol import MFS transporter IolT1,ONMMKP_02366,,PKJKAM_02301,ODDLKH_00290,,AJBGEP_04617,,,BEJGEH_04487
iolT2,iolT2,myo-inositol import MFS transporter IolT2,ONMMKP_02365,,PKJKAM_02299,ODDLKH_00291,,AJBGEP_04619,,,BEJGEH_04488
iolA,iolA,malonate-semialdehyde dehydrogenase IolA,ONMMKP_02363,,PKJKAM_02297,ODDLKH_00293,,AJBGEP_04621,,,BEJGEH_04490
group_364,,TROVE domain-containing protein,,IKCLMC_02888,,ODDLKH_03961,,AJBGEP_03699,HFCAGB_03754,,BEJGEH_03550
rtcR,rtcR,Transcriptional regulatory protein RtcR,,IKCLMC_02887,,ODDLKH_03962,,AJBGEP_03700,HFCAGB_03755,,BEJGEH_03551
group_203,,5-dehydro-2-deoxygluconokinase,ONMMKP_02356,,PKJKAM_02290,ODDLKH_00300,,AJBGEP_04628,,,BEJGEH_04497
group_200,,3D-(35/4)-trihydroxycyclohexane-12-dione hydrolase,ONMMKP_02355,,PKJKAM_02289,ODDLKH_00301,,AJBGEP_04629,,,BEJGEH_04498
pflD,pflD,putative dehydratase PflD,,IKCLMC_00786,PKJKAM_01386,ODDLKH_04564,,AJBGEP_04314,HFCAGB_04363,,
group_78,,Phosphoenolpyruvate-protein phosphotransferase,,IKCLMC_00783,PKJKAM_01389,ODDLKH_04561,,AJBGEP_04311,HFCAGB_04360,,
steB,steB,fimbrial biogenesis outer membrane usher protein SteB,ONMMKP_03905,,PKJKAM_02439,,,,HFCAGB_03161,GEGEGB_02995,BEJGEH_02948
group_4774,,hypothetical protein,,IKCLMC_02374,PKJKAM_03167,,LNHIMF_00591,,HFCAGB_00614,,
group_4762,,Late control protein D,ONMMKP_04182,,,,,,HFCAGB_02923,GEGEGB_04533,BEJGEH_02710
group_4756,,hypothetical protein,ONMMKP_04148,,,,,,HFCAGB_02953,GEGEGB_04563,BEJGEH_02740
group_4755,,putative replication endonuclease from retron Ec67;Bacteriophage replication gene A protein (GPA),ONMMKP_04147,,,,,,HFCAGB_02954,GEGEGB_04564,BEJGEH_02741
group_4751,,Regulatory protein N;putative regulatory protein N,ONMMKP_00780,IKCLMC_02359,PKJKAM_03182,,,,HFCAGB_00602,,
group_4750,,phage tail protein,ONMMKP_04181,,,,,,HFCAGB_02924,GEGEGB_04534,BEJGEH_02711
rhuM,;rhuM,2-hydroxyacid dehydrogenase;cytoplasmic virulence protein RhuM,,,,ODDLKH_04201,,AJBGEP_03941,HFCAGB_04000,GEGEGB_03971,
group_4737,,Site-specific DNA-methyltransferase (adenine-specific),ONMMKP_04146,,,,,,HFCAGB_02955,GEGEGB_04565,BEJGEH_02742
group_4732,,hypothetical protein,ONMMKP_00495,IKCLMC_04639,,ODDLKH_02035,,AJBGEP_01637,,,
group_4729,,Phage baseplate assembly protein V,ONMMKP_04167,,,,,,HFCAGB_02934,GEGEGB_04545,BEJGEH_02721
group_4721,,IraD/Gp25-like domain-containing protein,ONMMKP_04168,,,,,,HFCAGB_02933,GEGEGB_04544,BEJGEH_02720
group_4720,,Phage tail protein I,ONMMKP_04170,,,,,,HFCAGB_02931,GEGEGB_04542,BEJGEH_02718
group_4695,,hypothetical protein,,1_refound_22_pseudo,PKJKAM_02776,,,,HFCAGB_02779,,8_refound_101_pseudo
group_4688,,Protein ORFc in retron Ec67;Prophage protein,ONMMKP_04143,,,,,,HFCAGB_02958,GEGEGB_04569,BEJGEH_02745
group_4675,,Baseplate protein J,ONMMKP_04169,,,,,,HFCAGB_02932,GEGEGB_04543,BEJGEH_02719
group_4646,,Lipoprotein,ONMMKP_04698,IKCLMC_01884,,,,,,GEGEGB_00776,BEJGEH_02158
group_4615,,Inner membrane protein,,,,ODDLKH_04384,,AJBGEP_04134,,GEGEGB_03532,BEJGEH_03986
intD,intD,Prophage integrase IntD,,IKCLMC_02341,PKJKAM_03199,,LNHIMF_00562,,HFCAGB_00582,,
group_4605,,hypothetical protein,ONMMKP_02587,,,ODDLKH_00056,,AJBGEP_04396,,,BEJGEH_04251
group_4591,,Integrase DNA-binding domain-containing protein;hypothetical protein,ONMMKP_01834,,PKJKAM_03436,,,,HFCAGB_00342,,BEJGEH_00333
group_4565,,Lysis protein,,IKCLMC_00315,PKJKAM_00270,ODDLKH_01678,,AJBGEP_02791,,,
group_4563,,Gifsy-1 prophage protein,,IKCLMC_00241,PKJKAM_00259,ODDLKH_01688,,AJBGEP_02780,,,
group_4546,,DUF2732 domain-containing protein,ONMMKP_04144,,,,,,HFCAGB_02957,GEGEGB_04568,BEJGEH_02744
group_4542,,Regulatory protein CII;hypothetical protein,ONMMKP_04141,,,,,,HFCAGB_02960,GEGEGB_04571,BEJGEH_02747
group_4512,,hypothetical protein;Ead/Ea22-like family protein,,,,,LNHIMF_02187,AJBGEP_01012,HFCAGB_01062,GEGEGB_02016,
group_4494,,Phosphotriesterase,,IKCLMC_02077,PKJKAM_03469,ODDLKH_00780,,AJBGEP_00311,,,
group_4480,,Phage tail assembly protein,ONMMKP_04179,,,,,,HFCAGB_02926,GEGEGB_04536,BEJGEH_02713
group_4387,,AcrB/AcrD/AcrF family protein;Cation transporter,ONMMKP_01586,1_refound_20_pseudo,2_refound_29_pseudo,,,,,,BEJGEH_00576
group_4339,,hypothetical protein,,,,,,AJBGEP_03723,HFCAGB_03778,GEGEGB_04193,BEJGEH_03575
group_4312,,hypothetical protein;Viral protein,,,PKJKAM_02056,ODDLKH_00542,LNHIMF_00067,AJBGEP_00067,,,
group_4279,,Secreted protein,ONMMKP_04693,IKCLMC_01879,,,,,,GEGEGB_00767,BEJGEH_02168
group_4232,,Tetratricopeptide repeat protein,ONMMKP_04699,IKCLMC_01885,,,,,,GEGEGB_00777,BEJGEH_02157
group_4222,,Inner membrane protein,,,,ODDLKH_04383,,AJBGEP_04133,,GEGEGB_03533,BEJGEH_03985
group_4192,,hypothetical protein;DUF1641 domain-containing protein,,,PKJKAM_04643,ODDLKH_02037,,AJBGEP_01639,HFCAGB_01729,,
group_4191,,Phage terminase large subunit GpA ATPase domain-containing protein,ONMMKP_00167,1_refound_18,2_refound_28,,LNHIMF_01936,,,,
group_4188,,Phage tail protein,ONMMKP_00166,IKCLMC_04310,PKJKAM_04312,,LNHIMF_01937,,,,
group_4175,,Cytoplasmic protein,,,,ODDLKH_04198,,AJBGEP_03938,HFCAGB_03995,GEGEGB_03975,
group_4165,,hypothetical protein;Putative cytoplasmic protein,,IKCLMC_04275,,ODDLKH_02386,,AJBGEP_01993;AJBGEP_01992,,,BEJGEH_01169
group_4164,,Mutator family transposase,ONMMKP_02464,IKCLMC_01153,PKJKAM_01217,,,,,,BEJGEH_04376
group_4163,,hypothetical protein;DUF1202 domain-containing protein,ONMMKP_02466,IKCLMC_01151;IKCLMC_01150,PKJKAM_01219,,,,,,BEJGEH_04374
group_4155,,LD-TPase catalytic domain-containing protein,,,,ODDLKH_03707,,AJBGEP_03442,HFCAGB_03498,,BEJGEH_03294
group_4153,,Secreted protein,ONMMKP_04694,IKCLMC_01880,,,,,,GEGEGB_00768,BEJGEH_02167
group_4124,;tnp,hypothetical protein;IS3 family ISSen1 transposase ORF A,,IKCLMC_00059_pseudo,PKJKAM_00171,,LNHIMF_03237,,,,BEJGEH_03213
group_4121,,P21 prophage-derived head-stabilizing protein,,IKCLMC_01189,PKJKAM_00265,ODDLKH_01682,,AJBGEP_02787,,,
group_4120,,hypothetical protein;DNA packaging protein,,IKCLMC_00240,PKJKAM_00260,ODDLKH_01687,,AJBGEP_02782;AJBGEP_02781,,,
group_4112,gtgA,type III secretion system effector protease GtgA;Type III secretion system effector protease GtgA,,IKCLMC_00224,PKJKAM_00273,,,AJBGEP_01023,HFCAGB_01369,,
group_4040,,Cytoplasmic protein,,,,ODDLKH_04385,,AJBGEP_04135,,GEGEGB_03531,BEJGEH_03987
group_4010,,Cytoplasmic protein;hypothetical protein,0_refound_7_pseudo,,,,LNHIMF_03387,,,GEGEGB_03428,BEJGEH_03365
panS,;panS,Sodium-dependent transporter;ketopantoate/pantoate/pantothenate transporter PanS,ONMMKP_02590,,,ODDLKH_00053,,AJBGEP_04394,,,BEJGEH_04249
group_3949,,hypothetical protein,ONMMKP_02667,,,,LNHIMF_04154,,,GEGEGB_03691,BEJGEH_04167
group_3912,,hypothetical protein,ONMMKP_02465,IKCLMC_01152,PKJKAM_01218,,,,,,BEJGEH_04375
group_3863,,Cytoplasmic protein,,,,ODDLKH_03708,,AJBGEP_03443,HFCAGB_03499,,BEJGEH_03295
sseK2,sseK2,type III secretion system effector arginine glycosyltransferase SseK2,,IKCLMC_01876,PKJKAM_04006,ODDLKH_02634,,AJBGEP_02300,,,
group_3819,,hypothetical protein,,IKCLMC_04100,,ODDLKH_03202,,AJBGEP_02939,HFCAGB_02986,,
yjeO,yjeO,Inner membrane protein YjeO,,IKCLMC_01179,,,,AJBGEP_04544,HFCAGB_04572,,BEJGEH_04413
yjeN,yjeN,Uncharacterized protein YjeN,ONMMKP_02439,,PKJKAM_01192,ODDLKH_00217,,,,GEGEGB_04632,
group_3704,ninG,Protein NinG,,,,ODDLKH_01670,,AJBGEP_01017,HFCAGB_01069,GEGEGB_02007,
group_3703,,PPC domain-containing protein,,IKCLMC_00316,PKJKAM_00268,ODDLKH_01679,,AJBGEP_02790,,,
group_3701,,Phage DNA packaging protein Nu1,,IKCLMC_01187,PKJKAM_00267,ODDLKH_01680,,AJBGEP_02789,,,
group_3699,,Terminase large subunit,,IKCLMC_01188,PKJKAM_00266,ODDLKH_01681,,AJBGEP_02788,,,
group_3696,,Phage portal protein,,IKCLMC_01190,PKJKAM_00264,ODDLKH_01683,,AJBGEP_02786,,,
group_3694,,Serine peptidase,,IKCLMC_01191,PKJKAM_00263,ODDLKH_01684,,AJBGEP_02785,,,
group_3692,,Head decoration protein,,IKCLMC_01192,PKJKAM_00262,ODDLKH_01685,,AJBGEP_02784,,,
group_3690,,Major capsid protein,,IKCLMC_01193,PKJKAM_00261,ODDLKH_01686,,AJBGEP_02783,,,
group_3537,,Bacteriophage protein,,,PKJKAM_00276,ODDLKH_01672,,AJBGEP_01020,,GEGEGB_02005,
group_3523,,Holin,,,PKJKAM_00274,ODDLKH_01674,,AJBGEP_01022,HFCAGB_01368,,
group_3517,,hypothetical protein,,1_refound_14,,ODDLKH_03818,,AJBGEP_03555,HFCAGB_03610,,
group_3499,,hypothetical protein,,,2_refound_25,ODDLKH_02353,LNHIMF_01934,AJBGEP_01959,,,
group_3341,,hypothetical protein,ONMMKP_02467,IKCLMC_01149,PKJKAM_01220,,,,,,8_refound_92
group_3257,,Zinc finger DksA/TraR C4-type domain-containing protein,ONMMKP_04145,,,,,,HFCAGB_02956,GEGEGB_04567,BEJGEH_02743
group_3212,,Rha family transcriptional regulator,ONMMKP_04140,,,,,,HFCAGB_02961,GEGEGB_04572,BEJGEH_02748
group_2986,,Inner membrane protein,ONMMKP_02828,IKCLMC_00512,PKJKAM_01548,,,,HFCAGB_04193,,
yigF,yigF,inner membrane protein YigF,,,,ODDLKH_04397,,AJBGEP_04147,,GEGEGB_03520,BEJGEH_03999
yigG,yigG,Inner membrane protein YigG,,,,ODDLKH_04398,,AJBGEP_04148,,GEGEGB_03519,BEJGEH_04000
group_2403,,Inner membrane protein,ONMMKP_02829,IKCLMC_00513,PKJKAM_01549,,,,HFCAGB_04192,,
group_2285,,Phage major tail tube protein,ONMMKP_04178,,,,,,HFCAGB_02927,GEGEGB_04537,BEJGEH_02714
group_1959,,hypothetical protein,ONMMKP_04139,,,,,,HFCAGB_02962,GEGEGB_04573,BEJGEH_02749
group_1570,,PTS fructose transporter subunit IIA,,IKCLMC_03615,PKJKAM_01790,ODDLKH_03686,,,,GEGEGB_03338,
group_1412,,putative membrane transporter protein,ONMMKP_02764,IKCLMC_00688,PKJKAM_01484,,,,,,BEJGEH_04069
group_1381,,Aldose-1-epimerase,ONMMKP_02763,IKCLMC_00689,PKJKAM_01483,,,,,,BEJGEH_04070
group_1356,,CDP-abequose synthase,,,,ODDLKH_02583,LNHIMF_02231,AJBGEP_02250,,,BEJGEH_02109
group_1339,,Putative O-antigen transporter,,,,ODDLKH_02582,LNHIMF_02230,AJBGEP_02249,,,BEJGEH_02108
group_1284,lysR,LysR family transcriptional regulator,ONMMKP_02034,,,,,,HFCAGB_00144,GEGEGB_00152,BEJGEH_00149
group_1123,,Oxidoreductase protein,ONMMKP_02035,,,,,,HFCAGB_00143,GEGEGB_00151,BEJGEH_00148
rfbV,rfbV,abequosyltransferase RfbV,,,,ODDLKH_02581,LNHIMF_02229,AJBGEP_02248,,,BEJGEH_02107
group_1055,,Integrase,ONMMKP_04138,,,,,,HFCAGB_02963,GEGEGB_04574,BEJGEH_02750
group_811,,Gp21,ONMMKP_04177,,,,,,HFCAGB_02928,GEGEGB_04538,BEJGEH_02715
rfc,rfc,O-antigen polymerase Rfc,,,,ODDLKH_01806,,AJBGEP_01409,HFCAGB_01951,GEGEGB_01280,
group_4785,,RHS repeat protein;hypothetical protein,,,PKJKAM_03473,,,,HFCAGB_00309,GEGEGB_02697,
group_4784,,ASCH domain-containing protein,ONMMKP_00796,,PKJKAM_03197,,,,HFCAGB_00585,,
group_4780,,hypothetical protein,,IKCLMC_02375,PKJKAM_03166,,LNHIMF_00592,,,,
group_4776,,Insertion element IS3 family protein;Integrase catalytic domain-containing protein,,IKCLMC_04283,PKJKAM_00016,,,,,,BEJGEH_01963
group_4773,ninB,Protein ninB,ONMMKP_00771,,,,LNHIMF_00588,,HFCAGB_00610,,
group_4772,,Lipocalin-like domain-containing protein,,IKCLMC_00310,,,LNHIMF_04283,AJBGEP_02796,,,
group_4766,dinI,DinI family protein;Damage-inducible protein DinI,ONMMKP_04149,,,,,,,GEGEGB_04562,BEJGEH_02739
group_4764,,hypothetical protein;Restriction inhibitor protein ral,ONMMKP_00782,,PKJKAM_03183,,,,HFCAGB_00601,,
group_4746,,hypothetical protein;Dehydrogenase,ONMMKP_00494,,,,LNHIMF_01611,,,,BEJGEH_01525
group_4733,,hypothetical protein,,IKCLMC_04638,,,LNHIMF_01609,,,,BEJGEH_01528
group_4725,yajD,Putative HNH nuclease YajD,,,,,LNHIMF_02174,AJBGEP_02126,HFCAGB_02196,,
group_4723,,Phage tail protein,ONMMKP_04120,,PKJKAM_01859,,,,,,BEJGEH_02666
sugR,;sugR,hypothetical protein;AAA family ATPase;AAA family ATPase SugR,,,,ODDLKH_04199,,AJBGEP_03939,HFCAGB_03996;HFCAGB_03997;HFCAGB_03998,,
group_4722,,DUF1367 domain-containing protein,,IKCLMC_00930,,,,AJBGEP_01264,HFCAGB_01363,,
group_4717,,Presumed portal vertex protein,ONMMKP_04153,,,,,,,GEGEGB_04558,BEJGEH_02735
group_4711,,DNA breaking-rejoining protein,ONMMKP_01133,,,ODDLKH_01652,,AJBGEP_01004,,,
group_4702,,Type I-E CRISPR-associated protein Cse1/CasA,,,PKJKAM_02452,,LNHIMF_02973,,,GEGEGB_02980,
group_4694,,Tail fiber assembly protein,,,,,LNHIMF_02150,AJBGEP_02101,HFCAGB_02171,,
group_4690,,Terminase,,,,,LNHIMF_02173,AJBGEP_02125,HFCAGB_02195,,
group_4684,,Phage protein,ONMMKP_04125,,PKJKAM_01864,,,,,,BEJGEH_02661
group_4683,,Tail tube protein,ONMMKP_04121,,PKJKAM_01860,,,,,,BEJGEH_02665
group_4681,,Phage virion morphogenesis (Putative tail completion) protein,ONMMKP_04165,,,,,,,GEGEGB_04546,BEJGEH_02723
group_4673,,DUF4376 domain-containing protein,ONMMKP_02586,,,,,AJBGEP_04397,,,BEJGEH_04252
group_4668,,CRISPR-associated protein Cse2,,,PKJKAM_02453,,LNHIMF_02972,,,GEGEGB_02979,
group_4660,,Terminase ATPase subunit,ONMMKP_04154,,,,,,,GEGEGB_04557,BEJGEH_02734
group_4643,,Adhesion protein,,,,,,AJBGEP_03189,HFCAGB_03244,GEGEGB_03086,
hsdM,;hsdM,hypothetical protein;site-specific DNA-methyltransferase (adenine-specific);type I restriction-modification system methyltransferase,,,,ODDLKH_00400,,AJBGEP_04728,,GEGEGB_04820;GEGEGB_04821,
faeH,faeH,F4 (K88) fimbria minor subunit FaeH,,,,ODDLKH_00185,LNHIMF_04403,,HFCAGB_04866,,
group_4632,,hypothetical protein,,,PKJKAM_03466,,,,HFCAGB_00313,,BEJGEH_00301
group_4604,,CRISPR-associated endonuclease/helicase Cas3;hypothetical protein,,,PKJKAM_02451,,LNHIMF_02974,,,GEGEGB_02982,
group_4600,,hypothetical protein,,,PKJKAM_02350,,LNHIMF_03072,,,,BEJGEH_03042
group_4590,,DUF4056 domain-containing protein,,,,,LNHIMF_03872,,,GEGEGB_03889,BEJGEH_03875
group_4578,,Phage tail fiber protein;Phage Host Specificity Protein;Host specificity protein J;Phage tail protein,,IKCLMC_00570_pseudo,,,,AJBGEP_01046,HFCAGB_01393;HFCAGB_01392;HFCAGB_01394,,
group_4574,,Phage tail tape measure protein domain-containing protein,,,,,LNHIMF_02158,AJBGEP_02110,HFCAGB_02179,,
group_4573,,Prophage long tail fiber protein;Phage tail protein,,,,,LNHIMF_02151,AJBGEP_02102,HFCAGB_02172,,
group_4564,,Lysis protein,ONMMKP_01111,IKCLMC_00947,,,,AJBGEP_01279,,,
group_4552,,Phage terminase large subunit,,,,,LNHIMF_02172,AJBGEP_02124,HFCAGB_02194,,
group_4528,,Uncharacterized protein,,IKCLMC_02365,,,LNHIMF_00583,,HFCAGB_00607,,
group_4520,,Endolysin,,IKCLMC_02379,PKJKAM_03163,,,,HFCAGB_00618,,
group_4519,,Phage tail tape measure protein;Phage tail protein,ONMMKP_04126,,PKJKAM_01865,,,,,,BEJGEH_02660
group_4514,,Phage protein,ONMMKP_04124,,PKJKAM_01863,,,,,,BEJGEH_02662
group_4513,,Holin,ONMMKP_04122,,PKJKAM_01861,,,,,,BEJGEH_02664
group_4507,lysB,LysB family transcriptional regulator,ONMMKP_04163,,,,,,,GEGEGB_04548,BEJGEH_02725
group_4500,,Phage tail protein;hypothetical protein,ONMMKP_04164,,,,,,,GEGEGB_04547,BEJGEH_02724
group_4455,,Transposase,,,,,LNHIMF_04563,AJBGEP_04702,,,BEJGEH_04605
group_4443,,Phage major capsid protein P2 family,ONMMKP_04156,,,,,,,GEGEGB_04555,BEJGEH_02732
group_4439,,isocitrate dehydrogenase (NADP(+)),,IKCLMC_00981,,ODDLKH_01709,,AJBGEP_01312,,,
group_4438,sspH1,type III secretion system effector E3 ubiquitin transferase SspH1,,IKCLMC_00979,,ODDLKH_01707,,AJBGEP_01310,,,
group_4417,,Type I-E CRISPR-associated protein Cas7/Cse4/CasC,,,PKJKAM_02454,,LNHIMF_02971,,,GEGEGB_02978,
group_4397,,Integrase (Bacteriophage integrase),,,,,,,HFCAGB_02231,GEGEGB_00936,BEJGEH_01971
group_4391,,Exonuclease VIII;hypothetical protein,,IKCLMC_00916,,,,AJBGEP_01248,HFCAGB_01348,,
group_4366,,DUF4765 domain-containing protein,,,,,LNHIMF_01713,,,GEGEGB_01643,BEJGEH_01416
group_4356,,Transposase IS66 C-terminal domain-containing protein,,IKCLMC_00576,,,,AJBGEP_01052,HFCAGB_01100,,
group_4343,,Bacterial surface antigen (D15) domain-containing protein,,,,,LNHIMF_03873,,,GEGEGB_03888,BEJGEH_03876
group_4332,,Presumed capsid scaffolding protein (GpO),ONMMKP_04155,,,,,,,GEGEGB_04556,BEJGEH_02733
group_4323,,Inner membrane protein,,IKCLMC_04403,,,,,HFCAGB_01491,,BEJGEH_01282
group_4288,,hypothetical protein,ONMMKP_00847,,,,LNHIMF_01330,,,GEGEGB_01227,
group_4207,,hypothetical protein,,IKCLMC_04322,PKJKAM_04325,,,,,,BEJGEH_01199
group_4206,,Phage protein,ONMMKP_00794,,,,LNHIMF_04264,,HFCAGB_00587,,
group_4202,,Fimbrial protein,,,,ODDLKH_00186,LNHIMF_04404,,HFCAGB_04865,,
group_4196,,Integrase catalytic domain-containing protein;Integrase-like protein,,IKCLMC_00978,,ODDLKH_01706,,AJBGEP_01309,,,
group_4193,,IstB-like ATP-binding domain-containing protein,ONMMKP_01860,,,,LNHIMF_00323,,,GEGEGB_02683,
group_4190,,hypothetical protein;fimbrial protein,,IKCLMC_04316,PKJKAM_04320,,LNHIMF_01928,,,,
group_4185,;tnp,hypothetical protein;IS3 family ISSen1 transposase ORF A,ONMMKP_02684,IKCLMC_04285,,,,,,,BEJGEH_01961
group_4178,,hypothetical protein,,,PKJKAM_03465,,,,HFCAGB_00314,,BEJGEH_00302
group_4132,,Phage tail protein,,,,,LNHIMF_02156,AJBGEP_02108,HFCAGB_02177,,
group_4131,,Phage FluMu protein gp47;Baseplate protein J-like domain-containing protein,,,,,LNHIMF_02153,AJBGEP_02105;AJBGEP_02104,HFCAGB_02174,,
group_4123,,hypothetical protein;Enterohemolysin,,IKCLMC_00113,,,LNHIMF_02198,AJBGEP_02823,,,
group_4119,,hypothetical protein;DNA packaging protein,ONMMKP_01102,IKCLMC_00326,,,,AJBGEP_01289;AJBGEP_01288,,,
group_4109,,Inner membrane protein,,,,ODDLKH_00396,,AJBGEP_04724,,GEGEGB_04816,
group_4093,,hypothetical protein;Crp/Fnr family transcriptional regulator,,,,,LNHIMF_03952,,,GEGEGB_03565;GEGEGB_03566,BEJGEH_03953
group_4091,,Exodeoxyribonuclease;Exodeoxyribonuclease VIII,,IKCLMC_00284,,,LNHIMF_02197,AJBGEP_02822,,,
group_4085,,Putative antitoxin of gyrase inhibiting toxin-antitoxin system,,,,,LNHIMF_04554,,HFCAGB_04698,,BEJGEH_04568
group_4058,,Rhs2 protein;hypothetical protein,,IKCLMC_02075,PKJKAM_03471,,,AJBGEP_00308,,,
group_4031,,Secreted protein,,IKCLMC_02045,,,LNHIMF_00286,,,GEGEGB_02721,
group_4000,,Cytoplasmic protein,,,PKJKAM_02488,,,,HFCAGB_03111,,BEJGEH_02896
safA,safA,Saf fimbria major subunit SafA,,,PKJKAM_03460,ODDLKH_00787,,AJBGEP_00318,,,
group_3973,,hypothetical protein,,,,ODDLKH_00187,LNHIMF_04405,,HFCAGB_04863,,
group_3957,,Prophage protein,,,,,LNHIMF_04269,AJBGEP_02147,HFCAGB_02219,,
group_3952,,hypothetical protein,,,,ODDLKH_00190,LNHIMF_04408,,HFCAGB_04860,,
group_3945,,Bacterial Ig-like domain-containing protein,,,,ODDLKH_00173,,AJBGEP_04512,HFCAGB_04543,,
casE,casE,CRISPR system Cascade subunit CasE,,,PKJKAM_02456,,LNHIMF_02969,,,GEGEGB_02976,
group_3910,,Addiction module antitoxin RelB/DinJ family,,,,ODDLKH_03954,,AJBGEP_03692,HFCAGB_03746,,
group_3874,,hypothetical protein;Phage prohead protease HK97 family,,,,,LNHIMF_02169,AJBGEP_02121,HFCAGB_02191;HFCAGB_02190,,
group_3853,,Secreted protein,,,,,LNHIMF_03594,,,GEGEGB_04179,BEJGEH_03589
group_3785,,Phage tail assembly protein;Phage protein,,,,,LNHIMF_02159,AJBGEP_02111,HFCAGB_02180,,
group_3784,,hypothetical protein,,,,ODDLKH_01807,,AJBGEP_01410,,GEGEGB_01281,
group_3781,,diguanylate cyclase,,IKCLMC_00217,,,,,HFCAGB_01360,GEGEGB_01072,
pnuC,pnuC,Nicotinamide riboside transporter PnuC,,,,,LNHIMF_03954,,,GEGEGB_03563,BEJGEH_03955
group_3780,,Ybl159,,,,ODDLKH_04191,,AJBGEP_03931,,,BEJGEH_03784
group_3767,,Fimbrial protein;hypothetical protein,ONMMKP_01858,,,,LNHIMF_00326,,,GEGEGB_02681,
yafQ,yafQ,mRNA interferase toxin YafQ,,,,ODDLKH_03953,,AJBGEP_03691,HFCAGB_03745,,
group_3747,,Tail sheath protein,,,,,LNHIMF_02161,AJBGEP_02113,HFCAGB_02182,,
group_3746,,Phage tail tube protein,,,,,LNHIMF_02160,AJBGEP_02112,HFCAGB_02181,,
group_3745,,DNA circularization N-terminal domain-containing protein,,,,,LNHIMF_02157,AJBGEP_02109,HFCAGB_02178,,
group_3744,,Phage baseplate assembly protein V,,,,,LNHIMF_02155,AJBGEP_02107,HFCAGB_02176,,
group_3743,,Tail protein,,,,,LNHIMF_02154,AJBGEP_02106,HFCAGB_02175,,
group_3742,,Tail protein,,,,,LNHIMF_02152,AJBGEP_02103,HFCAGB_02173,,
group_3712,,hypothetical protein,,IKCLMC_00114,,,LNHIMF_02199,AJBGEP_02824,,,
group_3702,,PPC domain-containing protein,ONMMKP_01110,IKCLMC_00232,,,,AJBGEP_01280,,,
group_3700,,Phage DNA packaging protein Nu1,ONMMKP_01109,IKCLMC_00233,,,,AJBGEP_01281,,,
group_3698,,Terminase large subunit,ONMMKP_01108,IKCLMC_00234,,,,AJBGEP_01282,,,
group_3697,,P21 prophage-derived head-stabilizing protein,ONMMKP_01107,IKCLMC_00235,,,,AJBGEP_01283,,,
group_3695,,Phage portal protein,ONMMKP_01106,IKCLMC_00236,,,,AJBGEP_01284,,,
group_3693,,Serine peptidase,ONMMKP_01105,IKCLMC_00237,,,,AJBGEP_01285,,,
group_3691,,Head decoration protein,ONMMKP_01104,IKCLMC_00324,,,,AJBGEP_01286,,,
group_3689,,Major capsid protein,ONMMKP_01103,IKCLMC_00325,,,,AJBGEP_01287,,,
group_3688,,Gifsy-1 prophage protein,ONMMKP_01101,IKCLMC_00327,,,,AJBGEP_01290,,,
group_3687,,Tail completion protein,ONMMKP_01100,IKCLMC_00328,,,,AJBGEP_01291,,,
group_3685,tnpB,IS200/IS605 family element transposase accessory protein TnpB,ONMMKP_01099,IKCLMC_00329,,,,AJBGEP_01292,,,
group_3576,,hypothetical protein,,,,ODDLKH_01114,LNHIMF_00768,,,,BEJGEH_00634
group_3575,,hypothetical protein,,IKCLMC_02044,,,LNHIMF_00285,,,GEGEGB_02722,
group_3552,,hypothetical protein,ONMMKP_04625,,,,,,,GEGEGB_00697,BEJGEH_02234
group_3509,,hypothetical protein,,,2_refound_24,ODDLKH_02020,,AJBGEP_01622,,,
group_3496,,hypothetical protein,,IKCLMC_00975,,ODDLKH_01704,,5_refound_55,,,
group_3495,,DNA breaking-rejoining protein,,IKCLMC_00287,,,LNHIMF_02194,AJBGEP_02819,,,
group_3480,,hypothetical protein,,,,,LNHIMF_02162,AJBGEP_02114,HFCAGB_02183,,
group_3429,,hypothetical protein,,,,,LNHIMF_02171,AJBGEP_02123,HFCAGB_02193,,
group_3369,,hypothetical protein,,,,,LNHIMF_02167,AJBGEP_02119,HFCAGB_02188,,
group_3358,,Tail protein X,ONMMKP_04159,,,,,,,GEGEGB_04552,BEJGEH_02729
group_3325,,Plasmid-encoded fimbriae regulatory,,,,ODDLKH_00189,LNHIMF_04407,,HFCAGB_04861,,
group_3307,,Secretory protein,ONMMKP_04160,,,,,,,GEGEGB_04551,BEJGEH_02728
group_3227,,Excisionase,,IKCLMC_00911,,ODDLKH_01645,,AJBGEP_01243,,,
group_3050,,Transcriptional activator protein C1,,IKCLMC_02364,,,LNHIMF_00582,,HFCAGB_00606,,
group_3048,,Secreted protein,ONMMKP_02066,IKCLMC_03115,,,,,HFCAGB_00112,,
group_3027,,DNA breaking-rejoining protein,,IKCLMC_00286,,,LNHIMF_02195,AJBGEP_02820,,,
group_2961,,hypothetical protein,,IKCLMC_00976,,ODDLKH_01705,,AJBGEP_01307,,,
ccdB,ccdB,Toxin CcdB,,,,,LNHIMF_04555,,HFCAGB_04699,,BEJGEH_04569
group_2902,,Prophage protein,,IKCLMC_00914,,ODDLKH_01648,,AJBGEP_01246,,,
group_2895,,Phage gp6-like head-tail connector protein,,,,,LNHIMF_02166,AJBGEP_02118,HFCAGB_02187,,
group_2883,,Antiholin,,IKCLMC_02378,PKJKAM_03164,,,,HFCAGB_00617,,
group_2870,,Phage protein,ONMMKP_04127,,PKJKAM_01866,,,,,,BEJGEH_02659
group_2852,,Bacteriophage protein,,IKCLMC_00913,,ODDLKH_01647,,AJBGEP_01245,,,
group_2839,,Bacterial Ig-like domain-containing protein,ONMMKP_02470,IKCLMC_01146,PKJKAM_01223,,,,,,
group_2820,,Peptidase M15C domain-containing protein,ONMMKP_04123,,PKJKAM_01862,,,,,,BEJGEH_02663
group_2804,,hypothetical protein,,,,ODDLKH_04200,,AJBGEP_03940,HFCAGB_03999,,
group_2798,,Phage holin lambda family,ONMMKP_01113,,,,LNHIMF_02178,,HFCAGB_01071,,
group_2738,,Diol dehydratase reactivase ATPase-like domain-containing protein,ONMMKP_01832,,PKJKAM_03433,,,,HFCAGB_00345,,
group_2712,,Peptidase,ONMMKP_04162,,,,,,,GEGEGB_04549,BEJGEH_02726
group_2625,,Head-tail adaptor,,,,,LNHIMF_02165,AJBGEP_02117,HFCAGB_02186,,
group_2498,,PTS EIIA type-4 domain-containing protein,,,PKJKAM_03124,ODDLKH_01064,,AJBGEP_00599,,,
group_2476,,Inner membrane protein,,IKCLMC_04402,,,,,HFCAGB_01490,,BEJGEH_01281
tinR,tinR,Lrp/AsnC family transcriptional regulator TinR,ONMMKP_01855,,,,LNHIMF_00329,,,GEGEGB_02678,
group_2465,,ABC transmembrane type-1 domain-containing protein,ONMMKP_04142,,,,,,HFCAGB_02959,,BEJGEH_02746
group_2456,,Secreted protein,,IKCLMC_02062,PKJKAM_03481,,,,,GEGEGB_02705,
group_2447,,Head completion-stabilization protein,,,,,,,HFCAGB_02943,GEGEGB_03598,BEJGEH_02730
group_2422,,PTS system mannose-specific transporter subunit IIB,,,PKJKAM_03125,ODDLKH_01063,,AJBGEP_00598,,,
group_2419,,Mannosyl-glycoprotein endo-beta-N-acetylglucosamidase-like domain-containing protein,,IKCLMC_02061,PKJKAM_03482,,,,,GEGEGB_02706,
gtgA,gtgA,Type III secretion system effector protease GtgA,,IKCLMC_00312,,ODDLKH_01675,,AJBGEP_02794,,,
group_2296,,Lysozyme,ONMMKP_04161,,,,,,,GEGEGB_04550,BEJGEH_02727
group_2291,,Phage protein,,,,,LNHIMF_02164,AJBGEP_02116,HFCAGB_02185,,
yfdR,yfdR,Uncharacterized protein YfdR,,,,,LNHIMF_04267,AJBGEP_02149,HFCAGB_02221,,
group_2187,,Phage protein,ONMMKP_04133,,PKJKAM_01872,,,,,,BEJGEH_02653
group_2146,,Bacteriophage protein,,,,,LNHIMF_02163,AJBGEP_02115,HFCAGB_02184,,
araC,araC,AraC family transcriptional regulator,,,,ODDLKH_00188,LNHIMF_04406,,HFCAGB_04862,,
group_2087,,tail fiber assembly protein,,IKCLMC_00574,,,,AJBGEP_01050,HFCAGB_01098,,
group_2067,,Protein phage,ONMMKP_04129,,PKJKAM_01868,,,,,,BEJGEH_02657
tioA,tioA,TioA protein,ONMMKP_01854,,,,LNHIMF_00330,,,GEGEGB_02677,
group_1973,,Abasic site processing protein,,IKCLMC_00577,,,,AJBGEP_01053,HFCAGB_01101,,
tcfA,tcfA,fimbrial chaperone TcfA,ONMMKP_01859,,,,LNHIMF_00325,,,GEGEGB_02682,
group_1952,,HTH cro/C1-type domain-containing protein,ONMMKP_00776,IKCLMC_02362,,,,,HFCAGB_00605,,
group_1914,,Terminase endonuclease subunit,ONMMKP_04157,,,,,,,GEGEGB_04554,BEJGEH_02731
group_1879,,Inner membrane protein,,,PKJKAM_02487,,,,HFCAGB_03112,,BEJGEH_02897
group_1867,,Abasic site processing protein,,IKCLMC_00980,,ODDLKH_01708,,AJBGEP_01311,,,
gtgE,gtgE,type III secretion system effector GtgE (Gifsy-2 gene E) cysteine protease,,IKCLMC_00578,,,,AJBGEP_01054,HFCAGB_01103,,
casD,casD,CRISPR system Cascade subunit CasD,,,PKJKAM_02455,,LNHIMF_02970,,,GEGEGB_02977,
group_1744,,Phage protein,ONMMKP_04132,,PKJKAM_01871,,,,,,BEJGEH_02654
group_1698,,Uridine phosphorylase,,,,,LNHIMF_03953,,,GEGEGB_03564,BEJGEH_03954
group_1697,,PTS family sugar transport protein component IIC,,,PKJKAM_03126,ODDLKH_01062,,AJBGEP_00597,,,
yfdQ,yfdQ,Uncharacterized protein YfdQ,,,,,LNHIMF_04268,AJBGEP_02148,HFCAGB_02220,,
group_1487,,SdiA-regulated protein,,,,ODDLKH_00191,LNHIMF_04409,,HFCAGB_04859,,
group_1470,,PTS family sugar transport protein component IID,,,PKJKAM_03127,ODDLKH_01061,,AJBGEP_00596,,,
group_1306,,Type IV methyl-directed restriction enzyme EcoKMrr,,,,ODDLKH_00402,,AJBGEP_04730,,GEGEGB_04823,
group_1264,,Cytoplasmic protein,ONMMKP_00496,,,ODDLKH_02034,,AJBGEP_01636,,,
sseI,sseI,SPI-2 type III secretion system effector SseI,,IKCLMC_00575,,,,AJBGEP_01051,HFCAGB_01099,,
group_1135,,Phosphosugar isomerase,,,PKJKAM_03129,ODDLKH_01059,,AJBGEP_00594,,,
group_1117,,Death domain-containing protein,,,PKJKAM_02222,ODDLKH_00376,,AJBGEP_04704,,,
group_1061,,Lipoprotein,,,,,LNHIMF_03874,,,GEGEGB_03887,BEJGEH_03877
group_1042,,Fimbrial protein,ONMMKP_03900,,PKJKAM_02434,,,,HFCAGB_03166,,
group_986,,Glucosamine--fructose-6-phosphate aminotransferase,,,PKJKAM_03128,ODDLKH_01060,,AJBGEP_00595,,,
group_865,,hypothetical protein,,IKCLMC_03432,,,,,HFCAGB_04624,GEGEGB_04683,
group_858,,Tyrosine-type recombinase/integrase,,IKCLMC_00910,,ODDLKH_01644,,AJBGEP_01242,,,
group_795,,Putative baseplate protein gp29,ONMMKP_04128,,PKJKAM_01867,,,,,,BEJGEH_02658
group_763,,Phage major capsid protein,,,,,LNHIMF_02168,AJBGEP_02120,HFCAGB_02189,,
group_716,,Portal protein,,,,,LNHIMF_02170,AJBGEP_02122,HFCAGB_02192,,
group_530,,hypothetical protein,,IKCLMC_03431,,,,,HFCAGB_04625,GEGEGB_04684,
group_411,,hypothetical protein,ONMMKP_00131,,PKJKAM_04276,,,,HFCAGB_01316,,
group_295,,Phage-like protein,ONMMKP_04134,,PKJKAM_01873,,,,,,BEJGEH_02652
group_186,,Metallo-beta-lactamase domain-containing protein,,IKCLMC_00218,,,,,HFCAGB_01361,GEGEGB_01073,
group_87,,Phage tail protein,ONMMKP_01086,,,ODDLKH_01701,,AJBGEP_01304,,,
group_49,,Fimbrial assembly protein,ONMMKP_01857,,,,LNHIMF_00327,,,GEGEGB_02680,
group_44,,Sigma-54 factor interaction domain-containing protein,,,PKJKAM_03130,ODDLKH_01058,,AJBGEP_00593,,,
group_36,,Phage tail tape measure protein TP901 family core region,ONMMKP_04180,,,,,,HFCAGB_02925,,BEJGEH_02712
group_15,,Type I restriction enzyme EcoKI endonuclease subunit,,,,ODDLKH_00401,,AJBGEP_04729,,GEGEGB_04822,
group_4792,,Cytoplasmic protein;hypothetical protein,,,,,,AJBGEP_04805;AJBGEP_04804,HFCAGB_04879,,
group_4791,tnp,IS3 family ISSen1 transposase ORF A,,,PKJKAM_00017,,,,,,BEJGEH_00692
group_4790,traD,Conjugal transfer protein TraD,,,PKJKAM_00053,,LNHIMF_04778,,,,
group_4789,,hypothetical protein,,,PKJKAM_03194,,LNHIMF_04266,,,,
group_4788,,hypothetical protein;Eaa protein,ONMMKP_00795,,PKJKAM_03196,,,,,,
group_4787,,Gp23,ONMMKP_00731,,,,LNHIMF_00633,,,,
group_4783,,Recombinase,ONMMKP_00787,,,,,,HFCAGB_00595,,
group_4782,,Uncharacterized protein in gp15-gp3 intergenic region,,,PKJKAM_03160,,,,HFCAGB_00621,,
group_4781,,Lipoprotein,,,,,,,HFCAGB_02951,GEGEGB_03590,
group_4779,gtrB;,bactoprenol glucosyl transferase;Bactoprenol glucosyl transferase CPS-53 (KpLE1) prophage,ONMMKP_01597,,,,,,HFCAGB_00643,,
group_4770,,Arc-like DNA binding domain-containing protein,ONMMKP_00739,,,,LNHIMF_00619,,,,
group_4769,,DUF1493 domain-containing protein;Phage membrane protein,,,,,LNHIMF_01604,,,GEGEGB_01546,
group_4768,,DNA helicase,,,,,LNHIMF_04556,AJBGEP_04687,,,
group_4767,,Lipoprotein,,,,,,,HFCAGB_02244,,BEJGEH_01983
group_4765,,hypothetical protein,,,,,,,HFCAGB_02243,,BEJGEH_01982
virB7,virB7;,Type IV secretion system putative lipoprotein virB7;lipoprotein,,,,,,,HFCAGB_02242,,BEJGEH_01981
group_4763,,hypothetical protein,ONMMKP_04183,,,,,,,GEGEGB_04532,
group_4761,,hypothetical protein,ONMMKP_00728,,,,LNHIMF_00634,,,,
group_4760,,NlpC/P60 domain-containing protein,ONMMKP_00727,,,,LNHIMF_00635,,,,
htrE~~~staC,htrE;staC,Outer membrane usher protein HtrE;Sta fimbria outer membrane usher protein StaC,,,,,LNHIMF_00194,,,GEGEGB_00199,
group_4754,,Fimbrial protein,,,,,LNHIMF_00193,,,GEGEGB_00198,
group_4753,,Transmembrane protein,,,,,,,HFCAGB_02241,,BEJGEH_01980
group_4752,,Side tail fiber protein,,IKCLMC_00973,,,,,HFCAGB_01097,,
group_4749,,Lambda tail assembly I,ONMMKP_00726,,,,LNHIMF_00636,,,,
group_4748,ecpD,Chaperone protein EcpD,,,,,LNHIMF_00195,,,GEGEGB_00200,
symE,;symE,Toxin SymE-like domain-containing protein;Type I addiction module toxin SymE family,,IKCLMC_02069,,,,,,GEGEGB_02698,
group_4744,,ClpX-type ZB domain-containing protein,,,,,LNHIMF_04271,,HFCAGB_02216,,
group_4742,,Secreted protein;hypothetical protein,,,,,,,,GEGEGB_03001,BEJGEH_02954
group_4740,,Transposon Tn501 resolvase,,,PKJKAM_04039,,LNHIMF_04686,,,,
staF,staF,Fimbrial protein StaF,,,,,LNHIMF_00191,,,GEGEGB_00196,
group_4728,,hypothetical protein;Ankyrin repeat domain-containing protein,,,,,LNHIMF_03214,,,GEGEGB_03243;GEGEGB_03244,
group_4727,,hypothetical protein;Host cell division inhibitor Icd-like protein,,,,,LNHIMF_00354,,,,BEJGEH_04556
group_4726,,Phage tail protein;hypothetical protein,ONMMKP_00746,,,,LNHIMF_00611,,,,
group_4724,,replicative DNA helicase,,IKCLMC_02367,,,,,HFCAGB_00609,,
group_4718,ninG,Recombination protein NinG,,,,,LNHIMF_01757,,,GEGEGB_01691,
group_4714,,Cytoplasmic protein,,,,,LNHIMF_00355,,,,BEJGEH_04557
group_4713,,hypothetical protein,,,,,,,HFCAGB_02165,,BEJGEH_01964
group_4691,,50S ribosomal protein L13,ONMMKP_00747,,,,LNHIMF_00610,,,,
group_4689,,Cytoplasmic protein,,,,,,,HFCAGB_02255,,BEJGEH_01990
group_4687,,DNA replication protein gp18,,IKCLMC_02366,,,,,HFCAGB_00608,,
group_4686,,Bacteriophage protein,ONMMKP_01131,,,,,AJBGEP_01251,,,
group_4682,,tRNA-acetylating toxin 2,ONMMKP_03717,,PKJKAM_01975,,,,,,
group_4679,,Type IV secretion protein Rhs,,,,,,,HFCAGB_01209,,BEJGEH_01062
group_4677,,hypothetical protein,,IKCLMC_00931,,,,AJBGEP_01265,,,
group_4676,,MobA/MobL protein domain-containing protein,,,,,,,HFCAGB_02239,,BEJGEH_01978
group_4672,,2-hydroxyacyl-CoA dehydratase,ONMMKP_00744,,,,LNHIMF_00613,,,,
group_4667,,DUF4756 domain-containing protein,,,,,,,HFCAGB_02251,,BEJGEH_01989
pltC,pltC,an orphan pertussis-like toxin delivery subunit,,,,,LNHIMF_01756,,,GEGEGB_01690,
group_4663,,site-specific DNA-methyltransferase (adenine-specific),ONMMKP_02244,,PKJKAM_02197,,,,,,
group_4647,,Type I restriction enzyme endonuclease subunit,,IKCLMC_03311,,,,,HFCAGB_04744,,
group_4645,,Transmembrane protein,,,,,LNHIMF_03213,,,GEGEGB_03242,
faeF,faeF,K88 minor fimbrial subunit FaeF,,,,ODDLKH_00183,LNHIMF_04401,,,,
group_4642,,hypothetical protein,,,,,LNHIMF_00356,,,,BEJGEH_04558
group_4639,,Secreted protein,,,,,,,,GEGEGB_00775,BEJGEH_02159
group_4638,,hypothetical protein,,,,,,,,GEGEGB_00772,BEJGEH_02162
group_4636,,hypothetical protein;Transposase //family protein,,,,,,,HFCAGB_02166,,BEJGEH_01966;BEJGEH_01965
group_4631,,BPSL0067 family protein,,IKCLMC_02048,,,,,HFCAGB_00290,,
group_4625,,Secreted protein,ONMMKP_04695,IKCLMC_01881,,,,,,,
group_4622,,hypothetical protein;Phage integrase,,IKCLMC_02563,,,,AJBGEP_04034,,,
group_4620,copG,Ribbon-helix-helix protein CopG domain-containing protein,,,,,,,HFCAGB_04697,,BEJGEH_04567
group_4601,,hypothetical protein,,,,ODDLKH_00178,LNHIMF_04395,,,,
group_4592,,DUF2213 domain-containing protein,ONMMKP_00752,,,,LNHIMF_00605,,,,
group_4576,,Outer membrane protein,ONMMKP_01866,,,,,,,,BEJGEH_00306
group_4572,,Bacteriophage protein,,IKCLMC_00939,,,,AJBGEP_01271,,,
group_4560,,Prophage protein,,IKCLMC_02353,PKJKAM_03188,,,,,,
group_4557,,Gp53,,IKCLMC_02357,PKJKAM_03184,,,,,,
group_4555,,Eae protein,ONMMKP_00791,,,,,,HFCAGB_00590,,
group_4554,,Anti-RecBCD protein 2,ONMMKP_00789,,,,,,HFCAGB_00592,,
group_4553,,Gp11,ONMMKP_00748,,,,LNHIMF_00609,,,,
group_4550,,Phytase-like domain-containing protein;Lipoprotein,,,,,,,HFCAGB_04712,GEGEGB_04783,
group_4549,luxR,Bacterial regulatory proteins luxR family,,,,,,,HFCAGB_04708,GEGEGB_04779,
sefR~~~araC,sefR;araC,Putative activator protein SefR;AraC family transcriptional regulator,,,,,,,HFCAGB_04706,GEGEGB_04777,
group_4548,,Cytoplasmic protein;Phage protein,,,,,,,HFCAGB_02256,,BEJGEH_01991
group_4547,,3'-5' exoribonuclease;3'-5' exoribonuclease Rv2179c-like domain-containing protein,,,,,,AJBGEP_02154,HFCAGB_02225,,
group_4540,,hypothetical protein,,,,,,AJBGEP_04807,HFCAGB_04878,,
group_4534,,PAAR domain-containing protein,,,,,,,,GEGEGB_03187,BEJGEH_03127
group_4529,,Glycoside hydrolase family 19 protein,,,,,LNHIMF_04287,,,GEGEGB_02001,
group_4517,,Glycoside hydrolase family 19 protein,,,,,LNHIMF_00667,AJBGEP_02130,,,
group_4516,,site-specific DNA-methyltransferase (adenine-specific),,IKCLMC_03309,,,,,HFCAGB_04747,,
group_4511,,Endolysin;Glycoside hydrolase family 19 protein,ONMMKP_01112,,,,,,HFCAGB_01072,,
group_4509,,hypothetical protein,,,,,LNHIMF_02081,,,,BEJGEH_02022
group_4506,tacA2,Antitoxin TacA2,ONMMKP_03716,,PKJKAM_01974,,,,,,
group_4504,,hypothetical protein,,,,,LNHIMF_04313,,,GEGEGB_04541,
lysB,lysB,LysB family phage lysis regulatory protein;Protein lysB,,,,,,,HFCAGB_02938,GEGEGB_03603,
group_4498,,Phage virion morphogenesis (Putative tail completion) protein,,,,,,,HFCAGB_02936,GEGEGB_03605,
group_4495,,hypothetical protein,,,,,LNHIMF_00309,AJBGEP_00310,,,
group_4484,,Lipoprotein;hypothetical protein,,IKCLMC_02083,,,,,,GEGEGB_02691,
group_4477,vgrG,Type VI secretion system tip protein VgrG,,,,,,,HFCAGB_01208,,BEJGEH_01061
group_4474,,Tail fiber protein,,,,,,,HFCAGB_02930,,BEJGEH_02717
group_4469,,Peptidase;Antirepressor from phage,,,,,,AJBGEP_02141,HFCAGB_02210,,
group_4468,,DUF1364 domain-containing protein,,IKCLMC_00932,,,,AJBGEP_01266,,,
group_4467,traD,Conjugal transfer protein TraD;conjugal transfer protein TraD,,,,,,,HFCAGB_02238,,BEJGEH_01977
vsdF,vsdF,Virulence protein VsdF,,,,,,AJBGEP_04840,HFCAGB_04847,,
group_4460,,Phage tail protein,ONMMKP_04130,,PKJKAM_01869,,,,,,
group_4459,,hypothetical protein,,,,ODDLKH_03176,,AJBGEP_02913,,,
group_4451,,hypothetical protein,ONMMKP_01853,,,,LNHIMF_00331,,,,
group_4442,,Ig-like domain-containing protein,ONMMKP_00743,,,,LNHIMF_00614,,,,
group_4437,,hypothetical protein,ONMMKP_03911,,,,LNHIMF_02981,,,,
group_4435,,Fimbrial-type adhesion domain-containing protein,,,,,LNHIMF_02295,,HFCAGB_02416,,
group_4424,,hypothetical protein,,,,,,,,GEGEGB_03185,BEJGEH_03125
group_4423,,DUF4102 domain-containing protein,ONMMKP_03730,,PKJKAM_00047,,,,,,
group_4416,,Tail fiber assembly protein,ONMMKP_04131,,PKJKAM_01870,,,,,,
pltB,pltB,typhoid-like toxin S-CDT binding subunit PltB,,,,,LNHIMF_01281,,,GEGEGB_01176,
group_4413,,Mobilization protein,,,,,,,HFCAGB_02250,,BEJGEH_01988
group_4412,,hypothetical protein,,,,,,,HFCAGB_02248,,BEJGEH_01986
sefC,sefC,Outer membrane usher protein SefC,,,,,,,HFCAGB_04704,GEGEGB_04775,
group_4402,,Transposase-like protein;Integrase catalytic domain-containing protein,,,,,,,HFCAGB_01213,,BEJGEH_01065
aph6Id,aph(6)-Id,aminoglycoside O-phosphotransferase APH(6)-Id,,,PKJKAM_04028,,LNHIMF_04730,,,,
group_4385,rusA,Crossover junction endodeoxyribonuclease RusA,,,,,,AJBGEP_02136,HFCAGB_02205,,
group_4378,,Aminotransferase class I/II-fold pyridoxal phosphate-dependent enzyme,,,,,,,HFCAGB_04354,GEGEGB_03696,
group_4374,,Uncharacterized protein o211,,,,,LNHIMF_01620,,,GEGEGB_01556,
group_4359,,Tip attachment protein J domain-containing protein;Host specificity protein J,ONMMKP_00724,,,,LNHIMF_00637,,,,
group_4357,,hypothetical protein,,,,,LNHIMF_01755,,,GEGEGB_01689,
group_4355,,type I site-specific deoxyribonuclease,ONMMKP_02243,,PKJKAM_02196,,,,,,
malY,malY;,Protein MalY;Aminotransferase class I/II-fold pyridoxal phosphate-dependent enzyme,,,,,LNHIMF_01514,,,,BEJGEH_01621
group_4336,,Biofilm development protein YmgB/AriR,ONMMKP_00778,IKCLMC_02360,,,,,,,
intA,;intA,integrase domain-containing protein;Prophage integrase IntA,,IKCLMC_04134,,,,,,GEGEGB_02782,
group_4297,,alanine racemase 3,,,,,,,HFCAGB_04353,GEGEGB_03697,
group_4284,,DUF1073 domain-containing protein,ONMMKP_00754,,,,LNHIMF_00603,,,,
group_4272,,hypothetical protein,,,,,LNHIMF_03215,,,GEGEGB_03246,
group_4265,,hypothetical protein,,,PKJKAM_02300,,,AJBGEP_04618,,,
group_4245,,hypothetical protein;Arsenical-resistance protein,,IKCLMC_02023,,,,,,,BEJGEH_02016;BEJGEH_02017
group_4244,,Presumed portal vertex protein,,,,,,,HFCAGB_02948,GEGEGB_03593,
group_4243,,Presumed capsid scaffolding protein (GpO),,,,,,,HFCAGB_02946,GEGEGB_03595,
group_4241,,hypothetical protein,,IKCLMC_02403,PKJKAM_03145,,,,,,
group_4237,,Site-specific DNA-methyltransferase (adenine-specific),ONMMKP_04108,,PKJKAM_01847,,,,,,
group_4229,,hypothetical protein,,,,,LNHIMF_03212,,,GEGEGB_03241,
faeE~~~clpE,faeE;clpE,Chaperone protein FaeE;Chaperone protein clpE,,,,ODDLKH_00182,LNHIMF_04400,,,,
group_4217,,hypothetical protein;Phage polarity suppression protein (Psu),,,,,LNHIMF_00359,,,,BEJGEH_04561
group_4216,,DNA replication protein,,,,,LNHIMF_00357,,,,BEJGEH_04559
vasL,vasL,type VI secretion system protein VasL,,,,,,,HFCAGB_01191,,BEJGEH_01045
group_4209,,Lipoprotein,,,,,,,,GEGEGB_00774,BEJGEH_02160
group_4208,,DUF943 domain-containing protein,,,,,,,,GEGEGB_00773,BEJGEH_02161
group_4205,,Sel1 repeat family protein,,,,,,,HFCAGB_01211,,BEJGEH_01063
group_4204,,hypothetical protein,,,,,,,HFCAGB_04696,,BEJGEH_04566
group_4201,,Insertion element IS3 family protein;Integrase catalytic domain-containing protein,,,PKJKAM_03880,,,,,,BEJGEH_03501
group_4200,ninF,Protein ninF,ONMMKP_00792,,,,,,HFCAGB_00589,,
group_4199,,Antitermination protein Q,,IKCLMC_02376,PKJKAM_03165,,,,,,
group_4197,,hypothetical protein,,,,,,,HFCAGB_02167,,BEJGEH_01967
group_4195,,hypothetical protein,,,,,,,,GEGEGB_03186,BEJGEH_03126
sefD,sefD;,Putative adhesin SefD;hypothetical protein,,,,,,,HFCAGB_04705,GEGEGB_04776,
group_4194,tnp;,IS3 family IS1230B transposase ORF A;Transposase,,,,,,,HFCAGB_01212,,BEJGEH_01064
group_4183,,DUF1311 domain-containing protein,,,,,,,HFCAGB_01188,,BEJGEH_01036
group_4181,,hypothetical protein,,,,,,,HFCAGB_04709,GEGEGB_04780,
group_4174,,hypothetical protein;site-specific DNA-methyltransferase (adenine-specific),,IKCLMC_03304,,,,,HFCAGB_04752;HFCAGB_04753,,
group_4141,,hypothetical protein,,IKCLMC_02564,,,,AJBGEP_04033,,,
group_4133,,hypothetical protein,,,,,,,,GEGEGB_00105,BEJGEH_00102
group_4130,,hypothetical protein,,IKCLMC_04284,,,,,,,BEJGEH_01962
group_4129,dnaT,DnaT DNA-binding domain-containing protein,,IKCLMC_01602,,,,,HFCAGB_01357,,
group_4117,,hypothetical protein,,,,,,,HFCAGB_01187,,BEJGEH_01035
group_4116,,Lysozyme inhibitor LprI-like N-terminal domain-containing protein,,,,,,,HFCAGB_01185,,BEJGEH_01033
group_4107,,Thiol:disulfide interchange protein,,,,,,,HFCAGB_04710,GEGEGB_04781,
group_4098,,Transposase for transposon Tn21;Putative transposase,,,PKJKAM_04038,,LNHIMF_04684,,,,
group_4082,,hypothetical protein,,IKCLMC_01600,,,,,HFCAGB_01355,,
group_4080,,hypothetical protein,,IKCLMC_04318,PKJKAM_04322,,,,,,
group_4062,,Replication protein,,IKCLMC_00215,,,,,HFCAGB_01358,,
group_4060,,hypothetical protein,,IKCLMC_03305,,,,,HFCAGB_04751,,
mazZ,mazZ,dATP/dGTP diphosphohydrolase MazZ domain-containing protein,,,,,,,HFCAGB_01064,GEGEGB_02014,
group_4046,,hypothetical protein;Secreted protein,,,,,,,,GEGEGB_00771,BEJGEH_02164
group_4036,,hypothetical protein,,,,,,,,GEGEGB_03190,BEJGEH_03130
group_4026,tnp;,ISNCY family ISSen7 transposase;Transposase (putative) YhgA-like domain-containing protein,,,,,,AJBGEP_04860,HFCAGB_04827,,
group_4004,,IS200/IS605 family transposase,,,,,,AJBGEP_04841,HFCAGB_04846,,
group_3985,,Serine acetyltransferase,ONMMKP_02588,,,ODDLKH_00055,,,,,
group_3982,,Tail assembly protein,,,,,,AJBGEP_01045,HFCAGB_01391,,
group_3968,,hypothetical protein,,,,,,,HFCAGB_01215,,BEJGEH_01067
group_3966,ydiV,Anti-FlhC(2)FlhD(4) factor YdiV,,,,,,AJBGEP_04835,HFCAGB_04850,,
group_3955,,hypothetical protein;PTS system glucose-specific EIICB component,,,,ODDLKH_03167,,AJBGEP_02903;AJBGEP_02904,,,
group_3953,,hypothetical protein;NERD domain-containing protein,,,,,,,,GEGEGB_04134,BEJGEH_03626
group_3946,,DUF968 domain-containing protein,,,,,,AJBGEP_02134,HFCAGB_02203,,
group_3940,,Tyrosine-type recombinase/integrase,,,,,LNHIMF_02083,,,,BEJGEH_02024
group_3928,,hypothetical protein;Mutator family transposase,,,,,,,HFCAGB_02659,GEGEGB_00504;GEGEGB_00505,
group_3926,,Bactoprenol-linked glucose translocase,,,,,,,HFCAGB_02656,GEGEGB_00508,
group_3900,,Phage protein,ONMMKP_00751,,,,LNHIMF_00606,,,,
group_3886,,Peptidase M60 domain-containing protein,,,,,LNHIMF_00218,,HFCAGB_00222,,
group_3839,,hypothetical protein,,,,,LNHIMF_02089,,,,BEJGEH_02030
malI,malI;,Maltose regulon regulatory protein MalI;hypothetical protein,,,,,LNHIMF_01516,,,,BEJGEH_01620
group_3791,,Cytoplasmic protein,ONMMKP_02769,,PKJKAM_01489,,,,,,
group_3788,,hypothetical protein,,IKCLMC_02951,,,,,,GEGEGB_04268,
group_3779,,DUF1441 domain-containing protein,,,,,,AJBGEP_01027,HFCAGB_01373,,
group_3775,,Lipoprotein,ONMMKP_02998,,,,,,,,BEJGEH_03879
group_3766,,hypothetical protein;Glycosidase,,IKCLMC_02895,,,,,,,BEJGEH_03543
group_3758,,hypothetical protein,,,,,,AJBGEP_00832,,GEGEGB_02160,
group_3757,tnp,IS200/IS605 family IS200F transposase,,,,,,AJBGEP_03463,,GEGEGB_03623,
group_3756,tnp,IS200/IS605 family IS200F transposase,,,,,,AJBGEP_00834,,GEGEGB_02159,
group_3755,tnp,IS200/IS605 family IS200F transposase,,,,,,AJBGEP_03652,,GEGEGB_01939,
group_3754,tnp,IS200/IS605 family IS200F transposase,,,,,,AJBGEP_01230,,GEGEGB_01773,
group_3753,tnp,IS200/IS605 family IS200F transposase,,,,,,AJBGEP_01772,,GEGEGB_01677,
group_3752,tnp,IS200/IS605 family IS200F transposase,,,,,,AJBGEP_02054,,GEGEGB_01266,
group_3751,tnp,IS200/IS605 family IS200F transposase,,,,,,AJBGEP_01909,,GEGEGB_01173,
group_3750,tnp,IS200/IS605 family IS200F transposase,,,,,,AJBGEP_02641,,GEGEGB_00494,
group_3749,tnp,IS200/IS605 family IS200F transposase,,,,,,AJBGEP_00071,,GEGEGB_00261,
group_3748,tnp,IS200/IS605 family IS200F transposase,,,,,,AJBGEP_00939,,GEGEGB_00250,
group_3741,,DUF968 domain-containing protein,,,,ODDLKH_02737,,AJBGEP_02403,,,
group_3740,tnp,IS6 family IS15DII transposase,,,PKJKAM_04022,,LNHIMF_04724,,,,
group_3739,tnp,IS6 family IS15DII transposase,,,PKJKAM_04026,,LNHIMF_04721,,,,
group_3738,tnp,IS6 family IS15DII transposase,,,PKJKAM_03942,,LNHIMF_04716,,,,
group_3737,tnp,IS6 family IS15DII transposase,,,PKJKAM_04040,,LNHIMF_04688,,,,
group_3736,tnp,IS3 family IS1230B transposase ORF A,,,PKJKAM_03434,,,,HFCAGB_00344,,
group_3735,,Transposase,,,PKJKAM_02671,,,,,,BEJGEH_00226
group_3734,,hypothetical protein,,IKCLMC_04323,PKJKAM_04326,,,,,,
group_3731,,Lipocalin-like domain-containing protein,,IKCLMC_00940,,,,AJBGEP_01272,,,
group_3730,,Tail component of prophage CP-933K,,IKCLMC_00338,,,,AJBGEP_02769,,,
group_3728,,hypothetical protein,,IKCLMC_00337,,,,AJBGEP_02770,,,
group_3727,,Phage tail tape measure protein,,IKCLMC_00248,,,,AJBGEP_02773,,,
group_3726,,DUF2441 domain-containing protein,,IKCLMC_00943,,,,AJBGEP_01275,,,
group_3725,,hypothetical protein,,IKCLMC_00942,,,,AJBGEP_01274,,,
group_3724,ydaT,Bacterial toxin YdaT domain-containing protein,,IKCLMC_01601,,,,,HFCAGB_01356,,
group_3718,,Prophage bactoprenol-linked glucose translocase-like protein,ONMMKP_01598,,,,,,HFCAGB_00651,,
group_3713,tnp,IS3 family ISSen1 transposase ORF A,,,PKJKAM_03881,,,,,,BEJGEH_03503
group_3711,,DNA-binding protein,,IKCLMC_00293,,,,AJBGEP_02813,,,
group_3710,,DNA-binding protein,ONMMKP_01126,,,,,AJBGEP_01255,,,
group_3707,,DUF1367 domain-containing protein,,IKCLMC_00220,,,,AJBGEP_02807,,,
group_3706,,Phage protein,,IKCLMC_00300,,,,AJBGEP_02806,,,
group_3686,tnpB,IS200/IS605 family element transposase accessory protein TnpB,,IKCLMC_01197,,,,AJBGEP_02778,,,
group_3684,,Phage tail protein,,IKCLMC_01198,,,,AJBGEP_02777,,,
group_3682,,BIG2 domain-containing protein,,IKCLMC_00245,,,,AJBGEP_02776,,,
group_3680,,Phage minor tail protein G,,IKCLMC_00246,,,,AJBGEP_02775,,,
group_3678,,Gifsy-1 prophage protein,,IKCLMC_00247,,,,AJBGEP_02774,,,
group_3676,,Gifsy-1 prophage protein,,IKCLMC_00335,,,,AJBGEP_02772,,,
group_3675,,Gifsy-1 prophage protein,,IKCLMC_00336,,,,AJBGEP_02771,,,
group_3674,,Host specificity protein J,,IKCLMC_01207,,,,AJBGEP_02768,,,
group_3673,,hypothetical protein,,IKCLMC_00019,,,,AJBGEP_01303,,,
group_3629,,hypothetical protein,,,,,,5_refound_61,,GEGEGB_01940,
group_3622,,hypothetical protein,,,,,,5_refound_59,,GEGEGB_00262,
group_3603,,DNA packaging protein,,IKCLMC_01194,,,,5_refound_56_pseudo,,,
repA,repA,RepA leader peptide Tap,,,,,,AJBGEP_04810,HFCAGB_04875,,
group_3587,,hypothetical protein,,,,,,,HFCAGB_01186,,BEJGEH_01034
group_3574,,hypothetical protein,,IKCLMC_00946,,,,AJBGEP_01278,,,
group_3572,,hypothetical protein,,,,ODDLKH_02739,,AJBGEP_02405,,,
group_3565,,hypothetical protein,,,,,,,,GEGEGB_04742,8_refound_96
group_3560,,hypothetical protein,,IKCLMC_02354,PKJKAM_03187,,,,,,
group_3553,,Integrase,0_refound_3_pseudo,,,,LNHIMF_04095,,,,
group_3544,,hypothetical protein,ONMMKP_04176,,,,,,,7_refound_77,
group_3539,,hypothetical protein,,,2_refound_26,,,,HFCAGB_01406,,
group_3532,,hypothetical protein,,,,,,AJBGEP_04849,HFCAGB_04838,,
group_3514,,hypothetical protein,,,,,,AJBGEP_02100,HFCAGB_02170,,
group_3511,,Cytoplasmic protein,,,,3_refound_36,,AJBGEP_00992,,,
group_3508,,Host cell division inhibitory peptide Kil,,IKCLMC_02355,PKJKAM_03186,,,,,,
group_3503,,hypothetical protein,ONMMKP_04696,1_refound_11_pseudo,,,,,,,
group_3501,,hypothetical protein,,,,,,,HFCAGB_04022,7_refound_83,
group_3486,,Prophage protein,ONMMKP_00774,,PKJKAM_03178,,,,,,
group_3482,,hypothetical protein,,,,,,AJBGEP_04847,HFCAGB_04840,,
group_3477,,hypothetical protein,,IKCLMC_02356,PKJKAM_03185,,,,,,
group_3467,,DUF2737 domain-containing protein,,IKCLMC_02350,PKJKAM_03191,,,,,,
group_3465,,DUF2737 domain-containing protein,ONMMKP_00790,,,,,,HFCAGB_00591,,
group_3463,,hypothetical protein,,,2_refound_27,,,,,GEGEGB_02981,
group_3460,,hypothetical protein,,,,,,AJBGEP_04806,6_refound_68_pseudo,,
group_3455,,hypothetical protein,,IKCLMC_04327,PKJKAM_04330,,,,,,
group_3449,,hypothetical protein,0_refound_4,,,,,,HFCAGB_00588,,
group_3447,,hypothetical protein,,IKCLMC_02371,PKJKAM_03170,,,,,,
group_3433,,hypothetical protein,ONMMKP_00749,,,,LNHIMF_00608,,,,
group_3431,,L-arabinose transporter permease protein,,,,,,AJBGEP_02027,6_refound_67_pseudo,,
group_3430,,ABC transporter domain-containing protein,,,,,LNHIMF_04390,,,,BEJGEH_04371
group_3428,,hypothetical protein,,,,ODDLKH_03169,,AJBGEP_02906,,,
group_3423,,hypothetical protein,,,,,,,HFCAGB_04711,GEGEGB_04782,
group_3417,,hypothetical protein,,IKCLMC_01213,,,,AJBGEP_02762,,,
group_3415,,hypothetical protein,ONMMKP_00758,,PKJKAM_03162,,,,,,
group_3388,,Host cell division inhibitor Icd-like protein,,1_refound_15,,,,,HFCAGB_04756,,
group_3361,,Tail protein X,,,,,,,HFCAGB_02942,GEGEGB_03599,
group_3359,,Fimbrial protein,,IKCLMC_04326,PKJKAM_04329,,,,,,
group_3349,,Primosomal replication protein PriB/PriC domain protein,,,,,,AJBGEP_01029,HFCAGB_01375,,
group_3337,pefI,transcriptional regulator PefI,,,,,,,HFCAGB_04707,GEGEGB_04778,
group_3328,,Cytoplasmic protein,,,,,,,HFCAGB_01204,,BEJGEH_01058
group_3327,,hypothetical protein,,,,,,AJBGEP_04845,HFCAGB_04842,,
group_3314,,Secretory protein,,,,,,,HFCAGB_02941,GEGEGB_03600,
group_3312,alpA,AlpA family transcriptional regulator,,,,ODDLKH_03153,,AJBGEP_02889,,,
group_3310,,Secreted protein,,IKCLMC_04913,,,,,,,BEJGEH_01804
group_3299,,DNA-binding protein,,,,,,,HFCAGB_02257,,BEJGEH_01992
group_3297,,hypothetical protein,,,,,,AJBGEP_04830,HFCAGB_04855,,
group_3277,,Helix-turn-helix transcriptional regulator,,,,,,AJBGEP_02145,HFCAGB_02214,,
group_3276,,Phage protein,,,,,,AJBGEP_02140,HFCAGB_02209,,
group_3272,ninY,Putative protein ninY,,IKCLMC_02373,PKJKAM_03168,,,,,,
group_3266,,hypothetical protein,,,,,,5_refound_60_pseudo,,GEGEGB_01675,
group_3262,,DUF4224 domain-containing protein,,,,,,AJBGEP_02155,HFCAGB_02226,,
group_3244,,hypothetical protein,,,,ODDLKH_02738,,AJBGEP_02404,,,
group_3235,,hypothetical protein,,,,,,,HFCAGB_02778,,8_refound_95_pseudo
group_3230,,Transcriptional regulator,,,,,,,HFCAGB_01057,GEGEGB_02021,
group_3221,,Helix-turn-helix domain-containing protein,,,,,LNHIMF_02192,AJBGEP_01007,,,
group_3206,,Relaxase,,,PKJKAM_04037,,LNHIMF_04683,,,,
group_3204,,hypothetical protein,,IKCLMC_01208,,,,AJBGEP_02767,,,
group_3202,,Helix-turn-helix domain-containing protein,,IKCLMC_00292,,,,AJBGEP_02814,,,
copB,copB,Protein CopB,,,,,,AJBGEP_04808,HFCAGB_04877,,
group_3170,,hypothetical protein,,,,,,AJBGEP_01038,HFCAGB_01384,,
group_3162,,Bactoprenol glucosyl transferase from prophage CPS-53,,,,,,,HFCAGB_02657,GEGEGB_00507,
group_3138,,hypothetical protein,,IKCLMC_00977,,,,AJBGEP_01308,,,
sty3281,sty3281,STY3281 family bacteriocin immunity protein,,,,,,,,GEGEGB_03188,BEJGEH_03128
group_3115,tnp,IS3 family IS1351 transposase ORF A,,,,,,,HFCAGB_02969,,BEJGEH_04583
group_3113,,Bacteriophage protein,,,,,,,HFCAGB_01065,GEGEGB_02013,
group_3112,,Gifsy-2 prophage ATP-binding sugar transporter-like protein,,,,,,AJBGEP_01033,HFCAGB_01379,,
group_3109,tnp,IS3 family IS1351 transposase ORF A,,,,ODDLKH_03178,,AJBGEP_02915,,,
group_3099,,Prophage protein,,,,,LNHIMF_02186,AJBGEP_01013,,,
group_3098,,Zinc finger Ogr/Delta-type domain-containing protein,ONMMKP_04111,,PKJKAM_01850,,,,,,
group_3090,,Transposase,0_refound_2,,,,LNHIMF_00624,,,,
group_3063,,Bacteriocin immunity protein,,,,,,,,GEGEGB_03189,BEJGEH_03129
group_3054,,Phage protein,,,,,4_refound_47,,HFCAGB_00612,,
group_3052,,Membrane protein,,,,,LNHIMF_04286,,,GEGEGB_02002,
group_3051,,hypothetical protein,,,PKJKAM_00242,,,,HFCAGB_01400,,
group_3044,,hypothetical protein,,,,ODDLKH_03158,,AJBGEP_02894,,,
group_3042,,Excisionase,,IKCLMC_00115,,,,AJBGEP_02825,,,
group_3019,,Cytoplasmic protein,,,,,,AJBGEP_04832,HFCAGB_04853,,
group_3018,,HTH cro/C1-type domain-containing protein,,,,ODDLKH_03157,,AJBGEP_02893,,,
group_3017,pefB,PefB,,,,ODDLKH_00179,LNHIMF_04397,,,,
group_2975,tnp,IS3 family ISSty2 transposase ORF A,,,,ODDLKH_03181,,AJBGEP_02918,,,
group_2967,,hypothetical protein,,,,,,,,GEGEGB_00769,BEJGEH_02166
group_2962,,Integrase DNA-binding domain-containing protein,,IKCLMC_02024,,,,,,,BEJGEH_02015
group_2954,ccdB,Toxin CcdB,,,,,,AJBGEP_04831,HFCAGB_04854,,
group_2951,,Bacteriophage cohesive ends,,IKCLMC_00219,,,,,HFCAGB_01362,,
group_2945,,Alpha/beta hydrolase,,IKCLMC_00944,,,,AJBGEP_01276,,,
group_2897,,RecA/RadA recombinase,,,,,,AJBGEP_01032,HFCAGB_01378,,
group_2872,,hypothetical protein,,,,ODDLKH_02734,,AJBGEP_02400,,,
group_2855,,Putative minor tail protein,,,,,,AJBGEP_01040,HFCAGB_01386,,
group_2853,,hypothetical protein,,IKCLMC_01599,,,,,HFCAGB_01354,,
group_2845,,hypothetical protein,,,,,,AJBGEP_04858,HFCAGB_04829,,
group_2844,,hypothetical protein,,IKCLMC_00917,,,,,HFCAGB_01349,,
group_2831,,Phage holin lambda family,,,,,LNHIMF_00666,AJBGEP_02131,,,
group_2830,,DUF4113 domain-containing protein,,IKCLMC_04317,PKJKAM_04321,,,,,,
group_2829,,hypothetical protein,,IKCLMC_03308,,,,,HFCAGB_04748,,
arsD,arsD,arsenite efflux transporter metallochaperone ArsD,,IKCLMC_02021,,,,,,,BEJGEH_02019
yiaW,yiaW,Inner membrane protein YiaW,ONMMKP_03147,,,,,,,,BEJGEH_03721
stm2239,stm2239,antiterminator Q family protein,,,,ODDLKH_02736,,AJBGEP_02402,,,
group_2729,,hypothetical protein,,,,,LNHIMF_02082,,,,BEJGEH_02023
group_2727,,Putative PTS system glucitol/sorbitol-specific IIA component,,,,ODDLKH_03160,,AJBGEP_02896,,,
arsR,arsR,ArsR family transcriptional regulator,,IKCLMC_02019,,,,,,,BEJGEH_02021
group_2717,,hypothetical protein,,,,,,,HFCAGB_02939,GEGEGB_03602,
group_2716,,hypothetical protein,,,,,,,HFCAGB_01216,,BEJGEH_01068
group_2714,,DUF1353 domain-containing protein,,,,,LNHIMF_01284,,,GEGEGB_01179,
group_2681,,Prophage protein,,IKCLMC_00289,,,,AJBGEP_02817,,,
group_2672,,Phage holin,,,,,LNHIMF_04285,,,GEGEGB_02003,
rusA,rusA,Crossover junction endodeoxyribonuclease rusA,,,,,LNHIMF_00590,,HFCAGB_00613,,
group_2655,,Helix-turn-helix domain-containing protein,,IKCLMC_00291,,,,AJBGEP_02815,,,
group_2654,,DNA-binding protein,,IKCLMC_00216,,,,,HFCAGB_01359,,
group_2645,,hypothetical protein,,,,,,AJBGEP_01037,HFCAGB_01383,,
group_2639,,Phage tail protein,,,,,,AJBGEP_01035,HFCAGB_01381,,
group_2627,,Transcriptional regulator XRE family,,,,,,,HFCAGB_01056,GEGEGB_02022,
group_2616,,hypothetical protein,,,,,LNHIMF_04314,,,GEGEGB_04540,
group_2611,,Transcriptional regulator,,,,,LNHIMF_02193,AJBGEP_01006,,,
tssE,tssE,Type VI secretion system baseplate subunit TssE,,,,,,,HFCAGB_01202,,BEJGEH_01056
group_2562,,hypothetical protein,ONMMKP_02929,,,,,,,,BEJGEH_03892
group_2547,,Phage tail protein,,,,,,,HFCAGB_02937,GEGEGB_03604,
group_2541,,Terminase,ONMMKP_00756,,,,LNHIMF_00601,,,,
group_2518,,hypothetical protein,,IKCLMC_03306,,,,,HFCAGB_04750,,
group_2515,,Cytoplasmic protein,,,,ODDLKH_02730,,AJBGEP_02396,,,
group_2445,,Head completion-stabilization protein,ONMMKP_04158,,,,,,,GEGEGB_04553,
group_2435,,Restriction endonuclease type IV Mrr domain-containing protein,,IKCLMC_03307,,,,,HFCAGB_04749,,
group_2408,,Methyltransferase family protein,,,,,,,HFCAGB_01063,GEGEGB_02015,
sarA,sarA,anti-inflammatory response activator SarA,,IKCLMC_01214,,,,AJBGEP_02761,,,
group_2398,,Arsenate reductase,,IKCLMC_02020,,,,,,,BEJGEH_02020
group_2368,,Cytoplasmic protein,,,,,,AJBGEP_04855,HFCAGB_04832,,
group_2367,,CaiF/GrlA family transcriptional regulator,,,,,,AJBGEP_04836,HFCAGB_04849,,
group_2359,,Transposase,,,,,LNHIMF_04627,,,GEGEGB_04861,
group_2349,,Saf-pilin pilus formation protein domain-containing protein,,IKCLMC_02082,,,,,,GEGEGB_02692,
sefA,sefA,SEF14 fimbria major subunit SefA,,,,,,,HFCAGB_04702,7_refound_84_pseudo,
group_2339,,hypothetical protein,,,,,,AJBGEP_01041,HFCAGB_01387,,
cdiI,cdiI,CdiI family contact-dependent growth inhibition immunity protein,,,,,,,,GEGEGB_00770,BEJGEH_02165
group_2325,,Spanin inner membrane subunit,,,,,,AJBGEP_01026,HFCAGB_01372,,
group_2319,,Type VI secretion system contractile sheath small subunit,,,,,,,HFCAGB_01205,,BEJGEH_01059
group_2315,,Eaa protein,,IKCLMC_00912,,ODDLKH_01646,,,,,
group_2313,,Phage head completion protein,ONMMKP_04117,,PKJKAM_01856,,,,,,
group_2304,,Phage tail protein,ONMMKP_04118,,PKJKAM_01857,,,,,,
group_2299,,Uncharacterized protein pSLT049,,,,,,AJBGEP_04857,HFCAGB_04830,,
group_2293,,Lysozyme,,,,,,,HFCAGB_02940,GEGEGB_03601,
group_2286,,Tail assembly chaperone gp38,,IKCLMC_01030,PKJKAM_01338,,,,,,
hcp2,hcp2,Type VI secretion system protein Hcp family,,,,,,,HFCAGB_01207,,BEJGEH_01060
group_2273,,hypothetical protein,,,,ODDLKH_02733,,AJBGEP_02399,,,
group_2265,,hypothetical protein,,,,,,AJBGEP_04833,HFCAGB_04852,,
group_2263,,PTS glucitol/sorbitol transporter subunit IIC,,,,ODDLKH_03159,,AJBGEP_02895,,,
group_2257,,Putative exported protein,,,,,,,,GEGEGB_03191,BEJGEH_03131
group_2248,,Tail fiber assembly protein,,,,,,,HFCAGB_02929,,BEJGEH_02716
group_2247,,Tail fiber assembly protein,,,,ODDLKH_02731,,AJBGEP_02397,,,
group_2230,,Type VI secretion protein,,,,,,,HFCAGB_01198,,BEJGEH_01052
sodC1,sodC1,superoxide dismutase [Cu-Zn] SodC1,,,,,,AJBGEP_01042,HFCAGB_01388,,
cshA,cshA,CshA minor pilin,,,,ODDLKH_00180,LNHIMF_04398,,,,
group_2214,,Lysozyme,,IKCLMC_00945,,,,AJBGEP_01277,,,
group_2203,,TtsA-like Glycoside hydrolase family 108 domain-containing protein,,,,,LNHIMF_01283,,,GEGEGB_01178,
group_2163,,DNA-binding protein,,,,,,AJBGEP_02144,HFCAGB_02213,,
group_2160,,DUF1133 domain-containing protein,,IKCLMC_00933,,,,AJBGEP_01267,,,
bfpA,bfpA,type IV pilus major subunit protein BfpA,,,,,,,HFCAGB_02237,,BEJGEH_01976
yagU,yagU,Inner membrane protein yagU,,,,,LNHIMF_04475,,,,BEJGEH_04456
yadL,yadL,Putative fimbrial-like protein YadL,ONMMKP_01986,,PKJKAM_00750,,,,,,
group_2149,,Integrase-like protein y4lS,,,,,,AJBGEP_04853,HFCAGB_04834,,
group_2148,,Inverse autotransporter beta-domain domain-containing protein,,,,,,AJBGEP_04839,HFCAGB_04848,,
group_2139,,KilA-N DNA-binding domain-containing protein,,IKCLMC_00307,,,,AJBGEP_02799,,,
group_2130,,DUF2913 domain-containing protein,,,,,,AJBGEP_04859,HFCAGB_04828,,
group_2129,,Phage tail protein,,,,,,AJBGEP_01034,HFCAGB_01380,,
group_2128,,6-phospho 3-hexuloisomerase,,,,ODDLKH_03165,,AJBGEP_02901,,,
group_2102,,Fimbrial protein,ONMMKP_01985,,PKJKAM_00749,,,,,,
group_2100,,Restriction endonuclease subunit M,,IKCLMC_03303,,,,,HFCAGB_04754,,
group_2095,,tail fiber assembly protein,,IKCLMC_01212,,,,AJBGEP_02763,,,
group_2047,,hypothetical protein,,,,ODDLKH_03175,,AJBGEP_02912,,,
group_2039,,Fimbrial protein,ONMMKP_01987,,PKJKAM_00751,,,,,,
stkA,stkA,Stk fimbria major subunit StkA,ONMMKP_01982,,PKJKAM_00746,,,,,,
group_2017,ninG,Protein ninG,,IKCLMC_02372,PKJKAM_03169,,,,,,
group_2009,,Transferase hexapeptide (Six repeat-containing protein),,IKCLMC_01937,PKJKAM_04080,,,,,,
group_1987,,Integrase catalytic domain-containing protein,,,,,,,HFCAGB_02967,,BEJGEH_04585
group_1960,,Prophage protein,,IKCLMC_00297,,,,AJBGEP_02809,,,
group_1955,,3-hexulose-6-phosphate synthase,,,,ODDLKH_03164,,AJBGEP_02900,,,
group_1948,,Cytoplasmic protein,,,,ODDLKH_03179,,AJBGEP_02916,,,
group_1947,,hypothetical protein,,,,ODDLKH_03150,,AJBGEP_02886,,,
group_1938,,hypothetical protein,,,,,LNHIMF_04584,,,,BEJGEH_04626
group_1919,,DUF943 domain-containing protein,,,,,,,,GEGEGB_03192,BEJGEH_03132
group_1916,,Terminase endonuclease subunit,,,,,,,HFCAGB_02944,GEGEGB_03597,
spvD,spvD,SPI-2 type III secretion system effector cysteine hydrolase SpvD,,,,,,AJBGEP_04842,HFCAGB_04845,,
group_1910,,Lipoprotein,,,,,,,,GEGEGB_04135,BEJGEH_03625
group_1902,,Gp17,ONMMKP_00742,,,,LNHIMF_00615,,,,
group_1889,,hypothetical protein,,IKCLMC_00288,,,,AJBGEP_02818,,,
group_1869,,Peptidase,,,,ODDLKH_02728,,AJBGEP_02394,,,
tetRA,tetR(A),tetracycline resistance transcriptional repressor TetR(A),,,PKJKAM_04036,,LNHIMF_04682,,,,
group_1845,,Fimbrial assembly protein,,,,,LNHIMF_02294,,HFCAGB_02415,,
group_1815,,Phage repressor protein,,,,,,AJBGEP_02146,HFCAGB_02215,,
group_1814,,phage minor tail protein L,,,,,,AJBGEP_01043,HFCAGB_01389,,
group_1812,,Phage replication protein,,IKCLMC_00295,,,,AJBGEP_02811,,,
group_1804,,DUF550 domain-containing protein,,IKCLMC_00296,,,,AJBGEP_02810,,,
group_1803,,hypothetical protein,ONMMKP_04379,,PKJKAM_02831,,,,,,
group_1794,,Terminase,ONMMKP_04116,,PKJKAM_01855,,,,,,
group_1781,,Phage protein,ONMMKP_04119,,PKJKAM_01858,,,,,,
group_1757,,HTH gntR-type domain-containing protein,ONMMKP_00421,,,,,,,,BEJGEH_01452
spvC,spvC,type III secretion system effector phosphothreonine lyase SpvC,,,,,,AJBGEP_04843,HFCAGB_04844,,
pltA,pltA,typhoid-like toxin S-CDT ADP-ribosylating subunit PltA,,,,,LNHIMF_01282,,,GEGEGB_01177,
group_1733,,KilA-N domain-containing protein,ONMMKP_00741,,,,LNHIMF_00616,,,,
group_1722,,DNA-binding protein,,,,,,,HFCAGB_02249,,BEJGEH_01987
group_1717,,Type VI secretion-associated protein VC_A0118 family,,,,,,,HFCAGB_01194,,BEJGEH_01048
mig5,mig-5,putative carbonic anhydrase,,,,,,AJBGEP_04854,HFCAGB_04833,,
group_1687,,BIG2 domain-containing protein,,,,,,AJBGEP_01036,HFCAGB_01382,,
sefB,sefB,Chaperone protein SefB,,,,,,,HFCAGB_04703,GEGEGB_04774,
ecpD,ecpD,Chaperone protein EcpD,ONMMKP_01983,,PKJKAM_00747,,,,,,
dotU,dotU,Type IV / VI secretion system DotU domain-containing protein,,,,,,,HFCAGB_01196,,BEJGEH_01050
ydjF,ydjF,Uncharacterized HTH-type transcriptional regulator YdjF,,,PKJKAM_00944,,,,HFCAGB_01992,,
spvA,spvA,Virulence protein SpvA,,,,,,AJBGEP_04846,HFCAGB_04841,,
group_1639,,Gluconate 5-dehydrogenase,ONMMKP_00424,,,,,,,,BEJGEH_01455
yafT,yafT,Uncharacterized lipoprotein YafT,,,,,,,HFCAGB_01214,,BEJGEH_01066
group_1613,,Resolvase,,,,,,AJBGEP_04834,HFCAGB_04851,,
group_1601,,KilA-N DNA-binding domain-containing protein,ONMMKP_00736,,,,LNHIMF_00623,,,,
group_1579,,Phage capsid protein,ONMMKP_04114,,PKJKAM_01853,,,,,,
aph3Ib,aph(3'')-Ib,aminoglycoside O-phosphotransferase APH(3'')-Ib,,,PKJKAM_04027,,LNHIMF_04731,,,,
cdtB,cdtB,cytolethal distending toxin S-CDT,,,,,LNHIMF_01285,,,GEGEGB_01180,
group_1557,,Cytoplasmic protein,,,,ODDLKH_03152,,AJBGEP_02888,,,
group_1554,,HTH araC/xylS-type domain-containing protein,,,,,LNHIMF_04585,,,,BEJGEH_04627
group_1533,,CDP-paratose synthase,,,,,,,HFCAGB_02350,GEGEGB_00828,
group_1530,,Phage tail protein,,IKCLMC_01211,,,,AJBGEP_02764,,,
ydjI,ydjI,Uncharacterized protein YdjI,,,PKJKAM_00947,,,,HFCAGB_01995,,
group_1508,,AAA domain-containing protein,,IKCLMC_00290,,,,AJBGEP_02816,,,
group_1506,,glucose-6-phosphate isomerase,,,,ODDLKH_03166,,AJBGEP_02902,,,
group_1505,,Restriction endonuclease,,,,ODDLKH_00642,,AJBGEP_00170,,,
group_1472,,hypothetical protein,,,,,,AJBGEP_02156,HFCAGB_02227,,
group_1458,,DNA-binding protein,,,,,,AJBGEP_02135,HFCAGB_02204,,
tnp,tnp,IS3 family ISSty2 transposase ORF B,,,,ODDLKH_03182,,AJBGEP_02919,,,
group_1441,,Cytoplasmic protein,,,,ODDLKH_03156,,AJBGEP_02892,,,
group_1434,,Replication initiation protein,,,,,,AJBGEP_04811,HFCAGB_04874,,
group_1418,,Phage protein,,,,,,,HFCAGB_02258,,BEJGEH_01994
group_1415,,DNA-binding protein,,,,ODDLKH_03171,,AJBGEP_02908,,,
group_1407,lysR,LysR family transcriptional regulator,,,,,LNHIMF_02084,,,,BEJGEH_02025
rfbJ,rfbJ,CDP-abequose synthase,,IKCLMC_01934,PKJKAM_04077,,,,,,
group_1389,eamA,EamA domain-containing protein,,,PKJKAM_04034,,LNHIMF_04680,,,,
group_1388,,Bacteriophage lambda Replication protein O N-terminal domain-containing protein,,IKCLMC_00294,,,,AJBGEP_02812,,,
spvR,spvR,virulence genes transcriptional activator SpvR,,,,,,AJBGEP_04848,HFCAGB_04839,,
group_1331,,Transcriptional regulator,,,,,LNHIMF_01610,,,,BEJGEH_01526
hlyE,hlyE,hemolysin HlyE,,,,,LNHIMF_01621,,,GEGEGB_01557,
group_1260,,Cytoplasmic protein,ONMMKP_04697,IKCLMC_01883,,,,,,,
group_1229,,Putative kinase,,,PKJKAM_00946,,,,HFCAGB_01994,,
group_1198,,Tail fiber protein,ONMMKP_00723,,,,LNHIMF_00638,,,,
group_1194,rhtA,Threonine/homoserine exporter RhtA,,,,,LNHIMF_02086,,,,BEJGEH_02027
group_1193,,Glycosyl transferase,,IKCLMC_01936,PKJKAM_04079,,,,,,
group_1178,,AAA+ ATPase domain-containing protein,,,,,,AJBGEP_04851,HFCAGB_04836,,
group_1174,,Inner membrane protein,ONMMKP_02242,,PKJKAM_02195,,,,,,
group_1151,,PTS system glucitol/sorbitol-specific EIIB component,,,,ODDLKH_03161,,AJBGEP_02897,,,
group_1144,,NADH-specific methylglyoxal reductase,,,PKJKAM_00945,,,,HFCAGB_01993,,
group_1118,,Glyceraldehyde-3-phosphate dehydrogenase,,,,,LNHIMF_02085,,,,BEJGEH_02026
group_1106,rfbV,Abequosyltransferase RfbV,,,,,,,HFCAGB_02347,GEGEGB_00831,
sseK3,sseK3,type III secretion system effector arginine glycosyltransferase SseK3,,,,,,AJBGEP_02099,HFCAGB_02169,,
group_1086,,Second mannosyl transferase,,IKCLMC_01940,PKJKAM_04083,,,,,,
group_1081,,Inositol 2-dehydrogenase,,,,ODDLKH_03162,,AJBGEP_02898,,,
group_1080,,Acyltransferase,,IKCLMC_04325,PKJKAM_04328,,,,,,
intI1,intI1,class 1 integron integrase IntI1,ONMMKP_02966,,,,LNHIMF_04714,,,,
group_1071,,CDP-paratose 2-epimerase,,,,,,,HFCAGB_02349,GEGEGB_00829,
group_1060,,Fimbrial-type adhesion domain-containing protein,,,,,LNHIMF_02292,,HFCAGB_02413,,
group_1059,,Phage major capsid protein P2 family putative,ONMMKP_04115,,PKJKAM_01854,,,,,,
group_1034,,Transposase IS630 family,,,,,,AJBGEP_04850,HFCAGB_04837,,
ydjJ,ydjJ,Uncharacterized zinc-type alcohol dehydrogenase-like protein YdjJ,,,PKJKAM_00948,,,,HFCAGB_01996,,
group_1024,,Glycosyl transferase,,IKCLMC_01938,PKJKAM_04081,,,,,,
group_1018,,Bacteriophage Mx8 p63 C-terminal domain-containing protein,ONMMKP_00777,IKCLMC_02361,,,,,,,
group_991,,Phage major capsid protein P2 family,,,,,,,HFCAGB_02945,GEGEGB_03596,
group_984,,Phage portal protein,ONMMKP_04112,,PKJKAM_01851,,,,,,
group_983,,hypothetical protein,ONMMKP_01988,,PKJKAM_00752,,,,,,
group_978,,Core-binding (CB) domain-containing protein,,,,ODDLKH_03149,,AJBGEP_02885,,,
ydjL,ydjL,Uncharacterized zinc-type alcohol dehydrogenase-like protein YdjL,,,PKJKAM_00950,,,,HFCAGB_01998,,
group_963,,Phage coat protein,ONMMKP_00750,,,,LNHIMF_00607,,,,
group_941,,Aec22,,,,,,,HFCAGB_01200,,BEJGEH_01054
group_934,,L-idonate 5-dehydrogenase,ONMMKP_00422,,,,,,,,BEJGEH_01453
group_904,,hypothetical protein,,,,,,AJBGEP_04856,HFCAGB_04831,,
yiaV,yiaV,Inner membrane protein YiaV,ONMMKP_03148,,,,,,,,BEJGEH_03720
group_866,,SEC-C motif protein,,,,ODDLKH_03151,,AJBGEP_02887,,,
group_834,,Protein NO VEIN C-terminal domain-containing protein,,,,ODDLKH_03163,,AJBGEP_02899,,,
group_829,,Glycosyl transferase family 1,,IKCLMC_01941,PKJKAM_04084,,,,,,
tetA,tet(A),tetracycline efflux MFS transporter Tet(A),,,PKJKAM_04035,,LNHIMF_04681,,,,
group_770,,O-antigen polymerase,,IKCLMC_01939,PKJKAM_04082,,,,,,
tnpB,tnpB,IS200/IS605 family element transposase accessory protein TnpB,,,,,,,,GEGEGB_00107,BEJGEH_00104
group_727,,Integrase,,IKCLMC_00116,,,,AJBGEP_02826,,,
group_719,,Serine hydroxymethyltransferase,,,,,,,HFCAGB_04352,GEGEGB_03698,
group_715,,hypothetical protein,,,,ODDLKH_02732,,AJBGEP_02398,,,
group_697,,D-galactonate dehydratase family member Dd703_0947,ONMMKP_00425,,,,,,,,BEJGEH_01456
group_664,,Putative O-antigen transporter,,,,,,,HFCAGB_02348,GEGEGB_00830,
group_663,,ATPase,,,,ODDLKH_03155,,AJBGEP_02891,,,
tagH,tagH,Type VI secretion system-associated FHA domain protein TagH,,,,,,,HFCAGB_01199,,BEJGEH_01053
group_608,,Terminase large subunit,ONMMKP_00755,,,,LNHIMF_00602,,,,
group_605,,Inner membrane protein,,,,ODDLKH_03173,,AJBGEP_02910,,,
group_599,,Aec25,,,,,,,HFCAGB_01197,,BEJGEH_01051
group_598,,AAA family ATPase,,,,ODDLKH_02735,,AJBGEP_02401,,,
group_589,,Polysaccharide biosynthesis protein,,IKCLMC_01935,PKJKAM_04078,,,,,,
ydjE,ydjE,Inner membrane metabolite transport protein YdjE,,,PKJKAM_00943,,,,HFCAGB_01991,,
group_558,,MFS transporter,ONMMKP_00423,,,,,,,,BEJGEH_01454
ydjK,ydjK,Putative metabolite transport protein YdjK,,,PKJKAM_00949,,,,HFCAGB_01997,,
group_536,,Aminotransferase class I/II-fold pyridoxal phosphate-dependent enzyme,,,,,LNHIMF_02088,,,,BEJGEH_02029
group_505,,Type I restriction enzyme specificity protein,,,,ODDLKH_00399,,AJBGEP_04727,,,
group_500,,VC_A0119 family protein,,,,,,,HFCAGB_01193,,BEJGEH_01047
group_462,,Phosphomannomutase,,IKCLMC_01943,PKJKAM_04086,,,,,,
gogB,gogB,type III secretion effector GogB,,IKCLMC_01215,,,,AJBGEP_02760,,,
group_438,,Type VI secretion system contractile sheath large subunit,,,,,,,HFCAGB_01203,,BEJGEH_01057
group_414,,Putative crotonobetaine/carnitine-CoA ligase,,,,,LNHIMF_02087,,,,BEJGEH_02028
group_394,,hypothetical protein,,,,,,,HFCAGB_01257,,BEJGEH_01108
group_367,,Phage portal protein,,,,,,AJBGEP_01030,HFCAGB_01376,,
group_312,,Integrase catalytic domain-containing protein,,,,,,AJBGEP_04852,HFCAGB_04835,,
group_306,,hypothetical protein,,,,ODDLKH_03168,,AJBGEP_02905,,,
group_270,,Arsenical pump-driving ATPase,,IKCLMC_02022,,,,,,,BEJGEH_02018
group_266,,Terminase ATPase subunit,,,,,,,HFCAGB_02947,GEGEGB_03594,
group_260,,Uncharacterized conserved protein,ONMMKP_04113,,PKJKAM_01852,,,,,,
spvB,spvB,SPI-2 type III secretion system effector NAD(+)--protein-arginine ADP-ribosyltransferase SpvB,,,,,,AJBGEP_04844,HFCAGB_04843,,
group_250,,Transposase,,,PKJKAM_04033,,LNHIMF_04679,,,,
group_244,,Glycosyltransferase RgtA/B/C/D-like domain-containing protein,,IKCLMC_02405,PKJKAM_03143,,,,,,
oafA,oafA,O-antigen acetyltransferase OafA,,,,ODDLKH_02729,,AJBGEP_02395,,,
group_238,,Inner membrane protein,,,,ODDLKH_03172,,AJBGEP_02909,,,
group_237,,DNA 3'-5' helicase,,IKCLMC_03302,,,,,HFCAGB_04755,,
tssF,tssF,Type VI secretion system baseplate subunit TssF,,,,,,,HFCAGB_01201,,BEJGEH_01055
group_230,,GmrSD restriction endonucleases N-terminal domain-containing protein,ONMMKP_02248,,PKJKAM_02201,,,,,,
sty2629,sty2629,STY2629 family LPS modification acyltransferase,,,,,,,HFCAGB_02658,GEGEGB_00506,
group_185,,Superfamily I DNA and RNA helicase,,,,ODDLKH_03180,,AJBGEP_02917,,,
group_173,,Replication gene A protein-like domain-containing protein,ONMMKP_04109,,PKJKAM_01848,,,,,,
group_162,,ATP-dependent Clp protease proteolytic subunit,,,,,,AJBGEP_01031,HFCAGB_01377,,
group_157,,DUF927 domain-containing protein,,,,ODDLKH_03154,,AJBGEP_02890,,,
group_146,,Terminase large subunit,,,,,,AJBGEP_01028,HFCAGB_01374,,
group_101,,Phage tail protein,,IKCLMC_01209,,,,AJBGEP_02765,,,
faeD,faeD,F4 (K88) fimbrial usher FaeD,,,,ODDLKH_00181,LNHIMF_04399,,,,
group_81,,Fimbrial outer membrane usher protein,,,,,LNHIMF_02293,,HFCAGB_02414,,
group_64,htrE,Outer membrane usher protein HtrE,ONMMKP_01984,,PKJKAM_00748,,,,,,
group_53,,DUF927 domain-containing protein,,,,,LNHIMF_00358,,,,BEJGEH_04560
tssH,tssH,Type VI secretion system ATPase TssH,,,,,,,HFCAGB_01195,,BEJGEH_01049
group_24,,Phage tail tape measure protein,,,,,,AJBGEP_01039,HFCAGB_01385,,
icmF,icmF,Type VI secretion protein IcmF,,,,,,,HFCAGB_01192,,BEJGEH_01046
group_4143,,hypothetical protein,,,,,,,HFCAGB_00920,,
group_3733,,Endonuclease,,,,,,AJBGEP_02793,,,
group_3729,,hypothetical protein,,,,,,AJBGEP_01300,,,
group_3670,,hypothetical protein,,,,,,,,,BEJGEH_04571
group_3669,tnp,IS4 family IS10R transposase,,,,,,,,,BEJGEH_04352
group_3668,,Transposase,,,,,,,,,BEJGEH_04337
group_3667,,Transposase,,,,,,,,,BEJGEH_03525
group_3666,,hypothetical protein,,,,,,,,,BEJGEH_03502
group_3665,,hypothetical protein,,,,,,,,,BEJGEH_03212
group_3664,,Integrase catalytic domain-containing protein,,,,,,,,,BEJGEH_03211
group_3663,tnp,IS4 family IS10R transposase,,,,,,,,,BEJGEH_03034
group_3662,tnp,IS4 family IS10R transposase,,,,,,,,,BEJGEH_02915
group_3661,tnp,IS4 family IS10R transposase,,,,,,,,,BEJGEH_02589
group_3660,tnp,IS4 family IS10R transposase,,,,,,,,,BEJGEH_01505
group_3659,tnp,IS3 family ISSen1 transposase ORF A,,,,,,,,,BEJGEH_01032
group_3658,,Transposase,,,,,,,,,BEJGEH_00821
group_3657,tnp,IS4 family IS10R transposase,,,,,,,,,BEJGEH_00492
group_3656,tnp,IS4 family IS10R transposase,,,,,,,,,BEJGEH_00314
group_3655,tnp,IS200/IS605 family IS200F transposase,,,,,,,,GEGEGB_04693,
group_3654,,Late control protein D,,,,,,,,GEGEGB_03619,
group_3653,,phage tail protein,,,,,,,,GEGEGB_03618,
group_3652,,Phage tail tape measure protein,,,,,,,,GEGEGB_03617,
group_3651,,Phage tail assembly protein,,,,,,,,GEGEGB_03616,
group_3650,,Phage major tail tube protein,,,,,,,,GEGEGB_03615,
group_3649,,Gp21,,,,,,,,GEGEGB_03614,
group_3648,,DNA-invertase hin,,,,,,,,GEGEGB_03613,
group_3647,,Phage tail protein I,,,,,,,,GEGEGB_03609,
group_3646,tnp,IS200/IS605 family IS200F transposase,,,,,,,,GEGEGB_03173,
group_3645,tnp,IS200/IS605 family IS200F transposase,,,,,,,,GEGEGB_03149,
group_3644,,hypothetical protein,,,,,,,,GEGEGB_03139,
group_3643,tnp,IS200/IS605 family IS200F transposase,,,,,,,,GEGEGB_03138,
group_3642,,hypothetical protein,,,,,,,,GEGEGB_03064,
group_3641,tnp,IS200/IS605 family IS200F transposase,,,,,,,,GEGEGB_03063,
group_3640,tnp,IS200/IS605 family IS200F transposase,,,,,,,,GEGEGB_03051,
group_3639,,DNA-invertase hin,,,,,,,,GEGEGB_02806,
group_3638,,Gp21,,,,,,,,GEGEGB_02805,
group_3637,,Phage major tail tube protein,,,,,,,,GEGEGB_02804,
group_3636,,Phage tail assembly protein,,,,,,,,GEGEGB_02803,
group_3635,,Phage tail tape measure protein,,,,,,,,GEGEGB_02802,
group_3634,,phage tail protein,,,,,,,,GEGEGB_02801,
group_3633,,Late control protein D,,,,,,,,GEGEGB_02800,
group_3632,tnp,IS200/IS605 family IS200F transposase,,,,,,,,GEGEGB_02591,
group_3631,tnp,IS200/IS605 family IS200F transposase,,,,,,,,GEGEGB_02525,
group_3630,tnp,IS200/IS605 family IS200F transposase,,,,,,,,GEGEGB_02373,
group_3628,tnp,IS200/IS605 family IS200F transposase,,,,,,,,GEGEGB_01932,
group_3627,tnp,IS200/IS605 family IS200F transposase,,,,,,,,GEGEGB_01830,
group_3626,tnp,IS200/IS605 family IS200F transposase,,,,,,,,GEGEGB_01637,
group_3625,tnp,IS200/IS605 family IS200F transposase,,,,,,,,GEGEGB_01478,
group_3624,tnp,IS200/IS605 family IS200F transposase,,,,,,,,GEGEGB_01217,
group_3623,tnp,IS200/IS605 family IS200F transposase,,,,,,,,GEGEGB_00636,
group_3621,,DNA damage-inducible protein I,,,,,,AJBGEP_02808,,,
group_3620,,DNA damage-inducible protein I,,,,,,AJBGEP_01263,,,
group_3619,tnp,IS6 family IS15DII transposase,,,,,LNHIMF_04701,,,,
group_3618,tnp,IS6 family IS15DII transposase,,,,,LNHIMF_04695,,,,
group_3617,,Tail protein,,,,,LNHIMF_04312,,,,
group_3616,,Baseplate protein J-like domain-containing protein,,,,,LNHIMF_04311,,,,
group_3615,,Tail protein,,,,,LNHIMF_04310,,,,
group_3614,,Phage baseplate assembly protein V,,,,,LNHIMF_04309,,,,
group_3613,,Phage tail protein,,,,,LNHIMF_04308,,,,
group_3612,,DNA circularization N-terminal domain-containing protein,,,,,LNHIMF_04307,,,,
group_3611,,Phage protein,,,,,LNHIMF_04304,,,,
group_3610,,Phage tail tube protein,,,,,LNHIMF_04303,,,,
group_3609,,Tail sheath protein,,,,,LNHIMF_04302,,,,
group_3608,,hypothetical protein,,IKCLMC_02388,,,,,,,
group_3607,,Phage tail tape measure protein,,IKCLMC_01202,,,,,,,
group_3606,,Phage minor tail protein G,,IKCLMC_01200,,,,,,,
group_3605,,BIG2 domain-containing protein,,IKCLMC_01199,,,,,,,
group_3604,,Gifsy-1 prophage protein,,IKCLMC_01195,,,,,,,
group_3602,,hypothetical protein,,IKCLMC_00922,,,,,,,
group_3601,,P21 prophage-derived head-stabilizing protein,,IKCLMC_00319,,,,,,,
group_3600,,Terminase large subunit,,IKCLMC_00318,,,,,,,
group_3599,,Phage DNA packaging protein Nu1,,IKCLMC_00317,,,,,,,
group_3598,,Head decoration protein,,IKCLMC_00238,,,,,,,
group_3597,,DUF2441 domain-containing protein,,IKCLMC_00228,,,,,,,
group_3596,,hypothetical protein,,IKCLMC_00227,,,,,,,
group_3595,,Lipocalin-like domain-containing protein,,IKCLMC_00225,,,,,,,
fin,fin,serine-type DNA invertase Fin,ONMMKP_04175,,,,,,,,
group_3594,,Tail fiber assembly protein,ONMMKP_04173,,,,,,,,
group_3593,,hypothetical protein,ONMMKP_04172,,,,,,,,
group_3592,,his operon leader peptide,,,,,,,,GEGEGB_00848,
group_3589,,DUF551 domain-containing protein,,,,ODDLKH_01664,,,,,
group_3586,,hypothetical protein,,,,,,,,GEGEGB_04599,
group_3585,,hypothetical protein,,,,,,,HFCAGB_00615,,
group_3584,,hypothetical protein,,,,,,,HFCAGB_00307,,
group_3583,,hypothetical protein,,,,,LNHIMF_02779,,,,
group_3582,,hypothetical protein,,,,,,,,,BEJGEH_01993
group_3581,,hypothetical protein,,,,,,,,GEGEGB_04460,
group_3580,,hypothetical protein,,,,,,,,GEGEGB_00106,
group_3579,,hypothetical protein,,,,,LNHIMF_00597,,,,
group_3578,,hypothetical protein,ONMMKP_00759,,,,,,,,
group_3573,,hypothetical protein,,,,,,,,,BEJGEH_01201
group_3568,,hypothetical protein,,,,,,,,,BEJGEH_03800
group_3567,,hypothetical protein,,,,,,,,,BEJGEH_03035
group_3566,,hypothetical protein,,,,,,,,,BEJGEH_01532
group_3564,,hypothetical protein,,,,,,,,,BEJGEH_04588
group_3563,,hypothetical protein,,,,,,,HFCAGB_01353,,
group_3562,,Gp60,,,,,LNHIMF_00585,,,,
group_3561,,hypothetical protein,,,,ODDLKH_01666,,,,,
group_3558,,hypothetical protein,,,,,,,,,BEJGEH_03182
group_3557,,hypothetical protein,,,,,,,HFCAGB_01206,,
group_3556,,hypothetical protein,,,,,,,,GEGEGB_01080,
group_3555,,Host cell division inhibitory peptide Kil,,,,,,,HFCAGB_00597,,
group_3554,,hypothetical protein,,,,,,AJBGEP_04820,,,
group_3548,,hypothetical protein,,,,,LNHIMF_04702,,,,
group_3547,,hypothetical protein,,,,,LNHIMF_04696,,,,
group_3546,,hypothetical protein,,,,,LNHIMF_00311,,,,
group_3543,,hypothetical protein,ONMMKP_01364,,,,,,,,
group_3542,,Transposase,,,,,LNHIMF_02228,,,,
group_3541,,hypothetical protein,ONMMKP_02956,,,,,,,,
group_3540,,hypothetical protein,,,,,,,,GEGEGB_01802,
group_3538,,Cytoplasmic protein,,,,,,,HFCAGB_00599,,
group_3536,,hypothetical protein,,,,,,,,,BEJGEH_03183
group_3535,,hypothetical protein,,,,,,,,GEGEGB_01185,
group_3534,,hypothetical protein,,,,,,,HFCAGB_00306,,
group_3533,,hypothetical protein,,,,,,,,GEGEGB_00411,
group_3531,,hypothetical protein,,,,,LNHIMF_04396,,,,
group_3530,,hypothetical protein,,,,,LNHIMF_00575,,,,
group_3529,,hypothetical protein,ONMMKP_02281,,,,,,,,
group_3528,,GpE family phage tail protein,,,,,,,,,BEJGEH_04564
group_3527,,hypothetical protein,,,,,,,,,BEJGEH_00068
group_3526,,hypothetical protein,,,,,,,,GEGEGB_01430,
group_3525,,hypothetical protein,,,,,,,,GEGEGB_00899,
group_3524,,Dehydrogenase,,,,,LNHIMF_00563,,,,
group_3522,,hypothetical protein,,IKCLMC_02348,,,,,,,
group_3521,,hypothetical protein,,,,,,,,GEGEGB_04145,
group_3520,,hypothetical protein,,,,,,,HFCAGB_00598,,
tnpA,tnpA,Truncated TnpA,,,,,LNHIMF_04722,,,,
group_3518,,Tail fiber assembly protein,,,,,LNHIMF_02146,,,,
group_3516,,DNA recombinase,ONMMKP_00786,,,,,,,,
group_3513,,hypothetical protein,,,PKJKAM_04030,,,,,,
group_3512,,hypothetical protein,,,,,,,HFCAGB_02253,,
group_3510,,hypothetical protein,,,,,LNHIMF_00574,,,,
group_3507,msgA,Virulence protein MsgA,,,,,,,,,BEJGEH_02265
group_3506,,Phage tail protein,,,,,LNHIMF_00694,,,,
group_3505,,hypothetical protein,,IKCLMC_03350,,,,,,,
group_3504,,Hok/gef family,,IKCLMC_00928,,,,,,,
group_3502,,hypothetical protein,ONMMKP_02291,,,,,,,,
group_3500,,DNA breaking-rejoining protein,,,,,,AJBGEP_01005,,,
group_3497,,hypothetical protein,,,,,,,,,BEJGEH_00304
group_3493,,hypothetical protein,ONMMKP_01593,,,,,,,,
group_3492,,hypothetical protein,ONMMKP_00784,,,,,,,,
group_3490,,hypothetical protein,,,,,,AJBGEP_04039,,,
group_3489,,hypothetical protein,,,,,LNHIMF_03821,,,,
group_3488,,Prophage protein,,,,,LNHIMF_00649,,,,
group_3487,,5-methyltetrahydropteroyltriglutamate--homocysteine methyltransferase,,,PKJKAM_01874,,,,,,
group_3485,,hypothetical protein,ONMMKP_00738,,,,,,,,
group_3484,,hypothetical protein,,,,,,,,,BEJGEH_01852
group_3483,,hypothetical protein,,,,,,,,GEGEGB_01453,
group_3481,,hypothetical protein,,,,,LNHIMF_04301,,,,
group_3479,,hypothetical protein,,,,,LNHIMF_01286,,,,
group_3478,,Prophage protein,,,PKJKAM_03174,,,,,,
group_3474,,hypothetical protein,,,,,LNHIMF_00363,,,,
group_3473,,hypothetical protein,,,,ODDLKH_02949,,,,,
group_3470,,Transcriptional regulator,,,,,LNHIMF_00651,,,,
group_3469,,Gp42-1,,,,,LNHIMF_00573,,,,
group_3468,,50S ribosomal protein L13,,IKCLMC_02393,,,,,,,
group_3464,,hypothetical protein,,,,,,,,,BEJGEH_03791
group_3462,,hypothetical protein,,,,,,,,GEGEGB_02798,
group_3461,,Transposase,,,,,,,HFCAGB_04872,,
group_3459,,Phage protein,,,,,LNHIMF_04261,,,,
group_3458,,hypothetical protein,,,,,LNHIMF_02149,,,,
group_3457,,Arc-like DNA binding domain-containing protein,,,,,LNHIMF_00620,,,,
group_3456,,hypothetical protein,,,,,LNHIMF_00353,,,,
group_3451,,hypothetical protein,,,,,,,,GEGEGB_04466,
group_3450,,hypothetical protein,,,,,,,HFCAGB_04873,,
ninF,ninF,NinF family protein,,,,,LNHIMF_00589,,,,
group_3448,,hypothetical protein,,IKCLMC_03349,,,,,,,
group_3446,,hypothetical protein,ONMMKP_01367,,,,,,,,
group_3445,,hypothetical protein,ONMMKP_00769,,,,,,,,
group_3444,,hypothetical protein,ONMMKP_00730,,,,,,,,
group_3443,,Bacteriophage protein,,,,,,,,GEGEGB_02012,
group_3442,,Uncharacterized protein in sieA-mnt intergenic region,,,,,,,HFCAGB_00639,,
group_3441,,hypothetical protein,,,,,,,HFCAGB_00100,,
group_3440,,Phytase-like domain-containing protein,,,,,,AJBGEP_04812,,,
group_3439,,Phage protein,,,PKJKAM_03159,,,,,,
group_3438,,hypothetical protein,,IKCLMC_00919,,,,,,,
group_3435,,hypothetical protein,ONMMKP_01870,,,,,,,,
group_3434,,hypothetical protein,ONMMKP_00765,,,,,,,,
group_3427,,hypothetical protein,,,PKJKAM_01841,,,,,,
group_3422,,hypothetical protein,,,,,,,HFCAGB_01346,,
group_3421,,hypothetical protein,,,,,,AJBGEP_04816,,,
group_3420,,hypothetical protein,,,,,,AJBGEP_01262,,,
group_3419,,hypothetical protein,,IKCLMC_02343,,,,,,,
group_3418,,DUF4102 domain-containing protein,,IKCLMC_02018,,,,,,,
group_3416,,S016,ONMMKP_02975,,,,,,,,
group_3413,,Cupin domain-containing protein,,,,,,,,GEGEGB_04589,
group_3412,,hypothetical protein,,,,,,,,GEGEGB_03589,
group_3411,,ANR family transcriptional regulator,,,,,,,HFCAGB_00596,,
group_3410,,Phage protein,,,PKJKAM_03153,,,,,,
group_3409,,hypothetical protein,,,PKJKAM_00633,,,,,,
group_3408,,hypothetical protein,,IKCLMC_00948,,,,,,,
group_3407,,hypothetical protein,,IKCLMC_00920,,,,,,,
group_3406,,hypothetical protein,ONMMKP_01875,,,,,,,,
group_3405,,Protein kil,ONMMKP_00785,,,,,,,,
group_3404,,hypothetical protein,,,,,,,,GEGEGB_04694,
group_3403,,Periplasmic protein,,,,,,,,GEGEGB_03579,
group_3402,,hypothetical protein,,,,,LNHIMF_02226,,,,
group_3401,,DUF2767 domain-containing protein,,,,,LNHIMF_02144,,,,
group_3400,,hypothetical protein,,,PKJKAM_02231,,,,,,
group_3397,,Arylsulfatase,ONMMKP_02146,,,,,,,,
group_3393,,Cardiolipin synthase N-terminal domain-containing protein,,,,,,,,,BEJGEH_03184
group_3392,,DUF488 domain-containing protein,,,,,,,,,BEJGEH_01207
group_3391,,hypothetical protein,,,,,,,,GEGEGB_04789,
group_3390,,hypothetical protein,,,,,,,,GEGEGB_04767,
group_3389,,hypothetical protein,,,,,,,,GEGEGB_01458,
group_3387,,hypothetical protein,,IKCLMC_04123,,,,,,,
group_3386,,hypothetical protein,ONMMKP_04105,,,,,,,,
group_3383,,hypothetical protein,,,,,,,,,BEJGEH_00905
group_3382,,Transposase,,,,,,,HFCAGB_04870,,
group_3381,,hypothetical protein,,,,,LNHIMF_02780,,,,
group_3380,,Prophage CP4-57 regulatory protein,,,,,LNHIMF_00645,,,,
group_3372,,hypothetical protein,,,,,,,,GEGEGB_04570,
group_3371,,hypothetical protein,,,,,,,,GEGEGB_02023,
group_3370,,hypothetical protein,,,,,LNHIMF_04273,,,,
group_3365,,hypothetical protein,,,,,,,,GEGEGB_03100,
group_3364,,hypothetical protein,,,,,,,,GEGEGB_01638,
group_3363,,hypothetical protein,,,,,,,,GEGEGB_01547,
group_3362,,hypothetical protein,,,,,,,HFCAGB_04871,,
group_3360,,hypothetical protein,,,,,LNHIMF_01608,,,,
group_3357,,HTH merR-type domain-containing protein,ONMMKP_04102,,,,,,,,
group_3353,,hypothetical protein,ONMMKP_01358,,,,,,,,
group_3352,,hypothetical protein,ONMMKP_00766,,,,,,,,
group_3351,,Holin,ONMMKP_00761,,,,,,,,
group_3350,,Cell division inhibitor protein,,,,,,,HFCAGB_01350,,
group_3348,alpA,AlpA family transcriptional regulator,,,,,LNHIMF_02200,,,,
group_3347,,hypothetical protein,,,,,LNHIMF_02147,,,,
group_3346,,Primosomal replication protein PriB/PriC domain protein,,,,,LNHIMF_00673,,,,
group_3345,,hypothetical protein,,,PKJKAM_01849,,,,,,
group_3344,alpA,AlpA family transcriptional regulator,,IKCLMC_03360,,,,,,,
group_3343,,Phage protein,,IKCLMC_02368,,,,,,,
group_3342,,hypothetical protein,,IKCLMC_01705,,,,,,,
group_3339,,hypothetical protein,ONMMKP_00781,,,,,,,,
group_3338,,hypothetical protein,,,,,,,,GEGEGB_04521,
group_3336,,Fumarase D,,,,,,,HFCAGB_00603,,
group_3335,,hypothetical protein,,,,,,AJBGEP_04827,,,
group_3334,,DNA-binding protein,,,,,LNHIMF_02793,,,,
group_3332,,S008,ONMMKP_02983,,,,,,,,
group_3329,,hypothetical protein,,,,,,,,GEGEGB_01427,
pefI,pefI,transcriptional regulator PefI,,,,,,AJBGEP_04819,,,
group_3326,,SWIM-type domain-containing protein,,,,ODDLKH_00367,,,,,
group_3324,,hypothetical protein,ONMMKP_04110,,,,,,,,
group_3322,,hypothetical protein,ONMMKP_00729,,,,,,,,
group_3319,,hypothetical protein,,,,,,,,,BEJGEH_01527
group_3318,,Outer membrane lipoprotein,,,,,,,,,BEJGEH_01205
group_3317,,hypothetical protein,,,,,,,,,BEJGEH_01042
group_3316,,Prophage membrane protein,,,,,,,,GEGEGB_01462,
group_3315,alpA,Phage transcriptional regulator AlpA,,,,,,,,GEGEGB_00918,
group_3313,,HTH cro/C1-type domain-containing protein,,,,,LNHIMF_00581,,,,
group_3311,,Helix-turn-helix transcriptional regulator,,,PKJKAM_03180,,,,,,
group_3309,,hypothetical protein,,IKCLMC_02345,,,,,,,
group_3308,,Lysis protein,,IKCLMC_00229,,,,,,,
group_3303,,hypothetical protein,,,,,,,,,BEJGEH_02677
group_3302,,hypothetical protein,,,,,,,,GEGEGB_04469,
group_3301,,Prophage P2 Ogr protein,,,,,,,,GEGEGB_03620,
group_3300,,Prophage P2 Ogr protein,,,,,,,,GEGEGB_02799,
group_3298,,hypothetical protein,,,,,,,HFCAGB_01184,,
group_3296,,hypothetical protein,,,,,,AJBGEP_01019,,,
group_3295,,hypothetical protein,,IKCLMC_02381,,,,,,,
group_3293,,hypothetical protein,ONMMKP_04150,,,,,,,,
group_3287,,Ner winged helix-turn-helix DNA-binding domain-containing protein,,,,,,,,GEGEGB_04602,
group_3286,,DNA-binding protein,,,,,,,,GEGEGB_03581,
group_3285,,hypothetical protein,,,,,LNHIMF_00642,,,,
group_3284,,DNA-binding protein,,,PKJKAM_01839,,,,,,
group_3283,,Ner winged helix-turn-helix DNA-binding domain-containing protein,ONMMKP_03726,,,,,,,,
ykfH,ykfH,Uncharacterized protein YkfH,ONMMKP_01888,,,,,,,,
group_3281,,hypothetical protein,ONMMKP_01270,,,,,,,,
group_3280,,hypothetical protein,,,,,,,,GEGEGB_04605,
group_3279,,Prophage protein,,,,,,,,GEGEGB_03583,
group_3278,,hypothetical protein,,,,,,,,GEGEGB_02067,
group_3275,,hypothetical protein,,,,,LNHIMF_02784,,,,
group_3274,,hypothetical protein,,,,,LNHIMF_00617,,,,
group_3273,,Transposase,,,,,LNHIMF_00578,,,,
ninY,ninY,Putative protein ninY,ONMMKP_00767,,,,,,,,
group_3270,,Bacteriophage protein,,,,,,,,GEGEGB_04768,
group_3269,,Zinc finger DksA/TraR C4-type domain-containing protein,,,,,,,,GEGEGB_04457,
group_3268,,Zinc finger DksA/TraR C4-type domain-containing protein,,,,,,,,GEGEGB_03586,
group_3267,,Bacteriophage protein,,,,,,,,GEGEGB_01998,
group_3265,,hypothetical protein,,,,,,,,GEGEGB_01074,
group_3264,ninG,Protein ninG,,,,,,,HFCAGB_01364,,
group_3263,,hypothetical protein,,,,,,AJBGEP_03278,,,
group_3261,,Helix-turn-helix domain-containing protein,,,,,,AJBGEP_01254,,,
group_3260,,hypothetical protein,,,,,LNHIMF_00652,,,,
group_3259,,Bacteriophage protein,,IKCLMC_04122,,,,,,,
group_3258,,hypothetical protein,,IKCLMC_02390,,,,,,,
group_3256,,DUF2724 domain-containing protein,ONMMKP_04104,,,,,,,,
group_3254,,Helix-turn-helix domain-containing protein,ONMMKP_02987,,,,,,,,
group_3253,,hypothetical protein,ONMMKP_02950,,,,,,,,
group_3251,,Dipicolinate synthase,,,,,,,,,BEJGEH_04555
group_3250,,AbrB/MazE/SpoVT family DNA-binding domain-containing protein,,,,,,,,,BEJGEH_04516
group_3249,,hypothetical protein,,,,,,,,GEGEGB_01464,
group_3248,,AbrB/MazE/SpoVT family DNA-binding domain-containing protein,,,,,,,HFCAGB_04856,,
group_3247,,hypothetical protein,,,,,,AJBGEP_02150,,,
group_3246,,hypothetical protein,,,,,LNHIMF_02791,,,,
group_3245,,hypothetical protein,,,,,LNHIMF_00693,,,,
group_3243,,GH18 domain-containing protein,,,PKJKAM_00951,,,,,,
group_3241,,DUF2732 domain-containing protein,ONMMKP_04107,,,,,,,,
yqhH,yqhH,Uncharacterized lipoprotein YqhH,,,,,,,,,BEJGEH_03179
group_3238,,DUF2732 domain-containing protein,,,,,,,,GEGEGB_03585,
group_3237,,hypothetical protein,,,,,,,,GEGEGB_03577,
group_3236,,hypothetical protein,,,,,,,,GEGEGB_02526,
group_3234,msgA,Virulence protein MsgA,,,,,LNHIMF_00703,,,,
group_3233,,DUF2732 domain-containing protein,,,PKJKAM_01844,,,,,,
group_3232,,hypothetical protein,ONMMKP_01592,,,,,,,,
group_3231,traG,Conjugal transfer protein TraG,,,,,,,,,BEJGEH_04582
group_3229,merE,broad-spectrum mercury transporter MerE,,,,,LNHIMF_04691,,,,
group_3228,,hypothetical protein,,,,,LNHIMF_04458,,,,
merE,merE,broad-spectrum mercury transporter MerE,ONMMKP_02939,,,,,,,,
group_3225,,Helix-turn-helix domain-containing protein,ONMMKP_01127,,,,,,,,
group_3223,,hypothetical protein,,,,,,,,,BEJGEH_01039
sty4826,sty4826,STY4826 family bacteriophage gene regulatory protein,,,,,,,,GEGEGB_04761,
group_3222,,Integrating conjugative element protein PFL_4701 family,,,,,,,,GEGEGB_04497,
group_3220,,hypothetical protein,,,,,LNHIMF_00632,,,,
group_3219,,hypothetical protein,,IKCLMC_01882,,,,,,,
group_3211,copG,Ribbon-helix-helix protein CopG domain-containing protein,,,,,,,,GEGEGB_03776,
group_3210,,hypothetical protein,,,,,,,HFCAGB_02201,,
group_3209,,hypothetical protein,,,,,LNHIMF_00677,,,,
group_3208,,Helix-turn-helix domain-containing protein,,,,ODDLKH_01656,,,,,
group_3207,,hypothetical protein,,,PKJKAM_04645,,,,,,
group_3205,,Phage protein,,,PKJKAM_03475,,,,,,
group_3203,,hypothetical protein,,IKCLMC_00330,,,,,,,
group_3200,,hypothetical protein,ONMMKP_04137,,,,,,,,
group_3199,,GNAT family N-acetyltransferase,ONMMKP_02961,,,,,,,,
group_3195,,hypothetical protein,ONMMKP_01326,,,,,,,,
group_3194,,hypothetical protein,,,,,,,HFCAGB_02218,,
grpB,grpB,GrpB family protein,,,,,LNHIMF_04704,,,,
group_3193,dnaJ,Molecular chaperone DnaJ,,,,ODDLKH_01662,,,,,
group_3192,,hypothetical protein,,,PKJKAM_04031,,,,,,
group_3191,,Zinc finger Ogr/Delta-type domain-containing protein,,IKCLMC_04129,,,,,,,
merF,merF,mercury resistance system transport protein MerF,ONMMKP_02942,,,,,,,,
group_3187,,Helix-turn-helix domain-containing protein,ONMMKP_00797,,,,,,,,
group_3186,,hypothetical protein,,,,,,,,,BEJGEH_03799
group_3185,,Transposase,,,,,,,,GEGEGB_04462,
group_3184,,Cytoplasmic protein,,,,,,,HFCAGB_04714,,
group_3183,,Gifsy-2 prophage protein,,,,,,,HFCAGB_01102,,
group_3182,,hypothetical protein,,,,,LNHIMF_04705,,,,
group_3181,,DNA damage-inducible protein I,,,,,LNHIMF_04317,,,,
group_3179,copG,Ribbon-helix-helix protein CopG domain-containing protein,ONMMKP_02294,,,,,,,,
group_3178,,hypothetical protein,ONMMKP_01357,,,,,,,,
group_3174,,hypothetical protein,,,,,,,,GEGEGB_04485,
group_3173,,hypothetical protein,,,,,,,,GEGEGB_01476,
group_3172,,Phage-like protein,,,,,,,,GEGEGB_01435,
group_3171,,Regulatory protein mnt,,,,,,,HFCAGB_00640,,
group_3169,bssS,Biofilm formation regulatory protein BssS,,,,,LNHIMF_04270,,,,
group_3168,,hypothetical protein,,,,,LNHIMF_00702,,,,
group_3167,,hypothetical protein,,,,,LNHIMF_00669,,,,
group_3163,,hypothetical protein,,,,,,,,GEGEGB_04496,
group_3161,,hypothetical protein,,,,ODDLKH_00366,,,,,
group_3160,,DUF905 domain-containing protein,,,PKJKAM_03193,,,,,,
group_3158,,S010,ONMMKP_02981,,,,,,,,
copG,copG,CopG family transcriptional regulator,ONMMKP_01366,,,,,,,,
group_3155,,hypothetical protein,,,,,,,,,BEJGEH_01846
group_3154,,UPF0386 protein F959_01731,,,,,,,,GEGEGB_04576,
group_3153,,hypothetical protein,,,,,,AJBGEP_02132,,,
group_3152,,hypothetical protein,,,,,LNHIMF_00618,,,,
group_3151,,Bacteriophage protein,,,,,LNHIMF_00600,,,,
group_3150,,Transposase,,IKCLMC_03977,,,,,,,
group_3149,,Toxin SymE-like domain-containing protein,,IKCLMC_02072,,,,,,,
group_3146,,Aryl sulfotransferase,ONMMKP_02140,,,,,,,,
group_3145,,hypothetical protein,,,,,,,,,BEJGEH_02752
group_3144,,Integrase DNA-binding domain-containing protein,,,,,,,,,BEJGEH_02537
group_3143,,hypothetical protein,,,,,,,,,BEJGEH_01041
group_3142,,PAAR domain-containing protein,,,,,,,,GEGEGB_04458,
group_3141,,Invasin,,,,,,,,GEGEGB_00634,
group_3140,,DUF2645 domain-containing protein,,,,,LNHIMF_00303,,,,
group_3139,,hypothetical protein,,IKCLMC_01201,,,,,,,
group_3133,,Lipoprotein,ONMMKP_01121,,,,,,,,
group_3132,,hypothetical protein,,,,,,,,GEGEGB_04448,
group_3131,,hypothetical protein,,,,,,,,GEGEGB_01942,
group_3130,,hypothetical protein,,,,,,AJBGEP_00307,,,
group_3129,,Cell wall-binding protein,,IKCLMC_03353,,,,,,,
group_3126,,hypothetical protein,ONMMKP_01362,,,,,,,,
group_3125,,DUF2746 domain-containing protein,ONMMKP_01333,,,,,,,,
group_3123,,hypothetical protein,,,,,,,,,BEJGEH_04575
group_3122,,hypothetical protein,,,,,,,,,BEJGEH_04091
group_3121,tnp,IS3 family ISEch12 transposase ORF A,,,,,,,,GEGEGB_04784,
group_3120,,hypothetical protein,,,,,,,,GEGEGB_04759,
group_3119,,hypothetical protein,,,,,,,,GEGEGB_03944,
group_3118,alpA,AlpA family transcriptional regulator,,,,,,,,GEGEGB_02788,
group_3117,,hypothetical protein,,,,,,,,GEGEGB_01424,
group_3116,,hypothetical protein,,,,,,,HFCAGB_04858,,
group_3114,,hypothetical protein,,,,,,,HFCAGB_01352,,
group_3111,,DUF3467 domain-containing protein,,,,,LNHIMF_02143,,,,
group_3110,tnp,IS3 family ISEch12 transposase ORF A,,,,,LNHIMF_00704,,,,
pagM,pagM,Phage encoded protein PagM,,,PKJKAM_04315,,,,,,
alpA,alpA,AlpA family transcriptional regulator,,IKCLMC_04127,,,,,,,
group_3108,,LF-82,,IKCLMC_02342,,,,,,,
group_3104,,Zinc finger Ogr/Delta-type domain-containing protein,,,,,,,,,BEJGEH_02675
group_3103,,hypothetical protein,,,,,,,,,BEJGEH_00292
group_3102,,Secreted protein,,,,,,,,GEGEGB_04529,
group_3101,,Prophage protein,,,,,,,,GEGEGB_01456,
group_3100,,hypothetical protein,,,,,LNHIMF_04296,,,,
group_3095,,S015,ONMMKP_02976,,,,,,,,
group_3094,,Zinc finger Ogr/Delta-type domain-containing protein,,,,,,,,,BEJGEH_04562
group_3093,,hypothetical protein,,,,,,,,GEGEGB_01459,
group_3092,,Fimbrial protein,,,,,,,HFCAGB_04867,,
prtN,prtN,Pyocin activator protein PrtN,,,,,LNHIMF_04262,,,,
group_3091,,Transmembrane protein,,,,,LNHIMF_02786,,,,
group_3089,,Bacteriophage protein,,,,,LNHIMF_00595,,,,
group_3088,,hypothetical protein,,,,,LNHIMF_00566,,,,
group_3087,,Zinc finger Ogr/Delta-type domain-containing protein,,,,,LNHIMF_00360,,,,
group_3086,,hypothetical protein,,IKCLMC_00926,,,,,,,
group_3079,,hypothetical protein,,,,,,,,GEGEGB_04791,
group_3078,,Phage protein,,,,,,,HFCAGB_01351,,
group_3077,,Cyanophage baseplate Pam3 plug gp18 domain-containing protein,,,,,,,HFCAGB_01091,,
group_3076,merP,mercury resistance system periplasmic binding protein MerP,,,,,LNHIMF_04727,,,,
group_3075,tnp,IS3 family IS1133 transposase ORF A,,,PKJKAM_04023,,,,,,
group_3074,,hypothetical protein,,IKCLMC_02392,,,,,,,
group_3071,,Secreted protein,ONMMKP_02972,,,,,,,,
group_3070,tnp,IS1 family ISKpn14 transposase ORF A,ONMMKP_02955,,,,,,,,
merP,merP,mercury resistance system periplasmic binding protein MerP,ONMMKP_02943,,,,,,,,
group_3068,,Type II toxin-antitoxin system RelE/ParE family toxin,ONMMKP_02293,,,,,,,,
group_3067,,Ner winged helix-turn-helix DNA-binding domain-containing protein,ONMMKP_02287,,,,,,,,
group_3066,,Putative cytoplasmic protein,ONMMKP_01882,,,,,,,,
group_3064,,hypothetical protein,,,,,,,,,BEJGEH_02754
group_3062,tnp,IS3 family ISKpn53 transposase ORF A,,,,,,,HFCAGB_04713,,
group_3061,,Gp62,,,,,LNHIMF_00587,,,,
group_3060,,Transposase,,,PKJKAM_02230,,,,,,
group_3059,,Transmembrane protein,,IKCLMC_03351,,,,,,,
group_3056,,Transcriptional regulator,ONMMKP_00775,,,,,,,,
group_3055,,Phage-like protein,,,,,,,,GEGEGB_01432,
group_3053,,ASCH domain-containing protein,,,,,,AJBGEP_01261,,,
group_3046,,Transposase IS66 central domain-containing protein,,,,,,,,,BEJGEH_00295
group_3045,,hypothetical protein,,,,,,,HFCAGB_02217,,
bleO,bleO,bleomycin binding protein,,,,,LNHIMF_04698,,,,
group_3043,,DNA breaking-rejoining protein,,IKCLMC_00918,,,,,,,
group_3035,,hypothetical protein,ONMMKP_00788,,,,,,,,
group_3034,,Derepression protein,,,,,,,,GEGEGB_02793,
group_3033,,hypothetical protein,,,,,,,,GEGEGB_00921,
group_3032,,hypothetical protein,,,,,,,HFCAGB_02952,,
group_3031,,hypothetical protein,,,,,,AJBGEP_04838,,,
group_3030,,hypothetical protein,,,,,,AJBGEP_04686,,,
group_3029,,Host cell division inhibitor Icd-like protein,,,,,LNHIMF_00648,,,,
group_3028,,hypothetical protein,,IKCLMC_03344,,,,,,,
group_3020,,hypothetical protein,,,,,,,,,BEJGEH_04240
group_3013,,S009,ONMMKP_02982,,,,,,,,
group_3010,,Cytoplasmic protein,ONMMKP_01887,,,,,,,,
group_3009,,hypothetical protein,ONMMKP_01595,,,,,,,,
group_3007,,hypothetical protein,ONMMKP_01128,,,,,,,,
group_3005,,hypothetical protein,,,,,,,,,BEJGEH_04578
tacA2,tacA2,Antitoxin TacA2,,,,,,,,GEGEGB_04593,
group_3004,,hypothetical protein,,,,,,,,GEGEGB_04523,
group_3003,,hypothetical protein,,,,,,,,GEGEGB_00924,
group_3002,,hypothetical protein,,,,,,,,GEGEGB_00922,
group_3001,,YCII-related domain-containing protein,,,,,,,HFCAGB_01183,,
group_3000,,Anti-RecBCD protein 2,,,,,LNHIMF_00570,,,,
group_2999,,hypothetical protein,,,,ODDLKH_00368,,,,,
group_2998,,hypothetical protein,,IKCLMC_03338,,,,,,,
group_2997,,hypothetical protein,,IKCLMC_00925,,,,,,,
group_2992,,Host-nuclease inhibitor protein Gam,,,,,,,,GEGEGB_02024,
group_2991,,Lipoprotein SmpA/OmlA domain-containing protein,,,,,LNHIMF_00630,,,,
group_2990,,hypothetical protein,,,,,LNHIMF_00625,,,,
group_2989,,Bacteriophage CII protein,,,PKJKAM_03179,,,,,,
group_2987,,Putative transposase,ONMMKP_02954,,,,,,,,
group_2984,,hypothetical protein,ONMMKP_01335,,,,,,,,
group_2983,,Holin (3TMs family),ONMMKP_01328,,,,,,,,
group_2980,,Holin,,,,,,,,,BEJGEH_01204
group_2979,,hypothetical protein,,,,,,,HFCAGB_00600,,
group_2978,,ClpX-type ZB domain-containing protein,,,,,,,HFCAGB_00584,,
group_2977,,Phage protein,,,,,LNHIMF_00567,,,,
group_2976,,Transcriptional regulator,,,,,LNHIMF_00352,,,,
group_2973,,hypothetical protein,ONMMKP_02960,,,,,,,,
group_2972,,DUF1327 domain-containing protein,ONMMKP_01342,,,,,,,,
group_2970,,hypothetical protein,,,,,,,,,BEJGEH_04577
group_2969,,hypothetical protein,,,,,,,,GEGEGB_04519,
group_2968,,Cyanophage baseplate Pam3 plug gp18 domain-containing protein,,,,,,,,GEGEGB_01980,
mazG,mazG,NTP pyrophosphohydrolase MazG putative catalytic core domain-containing protein,,,,,,,,GEGEGB_01460,
pefB,pefB,transcriptional regulator PefB,,,,,,AJBGEP_04826,,,
group_2966,,Phage protein,,,,,,AJBGEP_02127,,,
group_2965,,hypothetical protein,,,,,LNHIMF_04265,,,,
group_2964,,putative regulatory protein N,,,,,LNHIMF_00579,,,,
group_2960,,hypothetical protein,,IKCLMC_00967,,,,,,,
group_2956,,XRE family transcriptional regulator,,,,,,,,,BEJGEH_02681
group_2955,,hypothetical protein,,,,,,,,GEGEGB_04503,
group_2953,,hypothetical protein,,,,,LNHIMF_00655,,,,
group_2952,,hypothetical protein,,,,,LNHIMF_00643,,,,
group_2948,,hypothetical protein,,,,,,,,,BEJGEH_01995
group_2947,,hypothetical protein,,,,,,,,,BEJGEH_00175
group_2946,,Cytoplasmic protein,,,,,LNHIMF_02792,,,,
group_2944,,hypothetical protein,ONMMKP_03728,,,,,,,,
group_2941,,hypothetical protein,ONMMKP_01122,,,,,,,,
group_2939,,Phage tail assembly protein,,,,,,,,,BEJGEH_04563
group_2938,,mRNA interferase toxin of the HigB-HigA toxin-antitoxin system,,,,,,,,,BEJGEH_01203
group_2937,,Phage protein,,,,,,,,GEGEGB_01446,
group_2936,,hypothetical protein,,,,,,,,GEGEGB_00919,
group_2935,,Phage protein,,,PKJKAM_03175,,,,,,
group_2934,,hypothetical protein,,IKCLMC_00937,,,,,,,
group_2929,,hypothetical protein,ONMMKP_01361,,,,,,,,
group_2927,,Integrase catalytic domain-containing protein,,,,,,,,,BEJGEH_02005
group_2926,,hypothetical protein,,,,,,,,GEGEGB_00931,
mobA,mobA,Molybdopterin-guanine dinucleotide biosynthesis protein MobA,,,,,,AJBGEP_04697,,,
group_2925,cdiI,CdiI immunity protein domain-containing protein,,IKCLMC_03359,,,,,,,
group_2919,,hypothetical protein,ONMMKP_02280,,,,,,,,
group_2916,,Lipoprotein,ONMMKP_00734,,,,,,,,
group_2915,,hypothetical protein,,,,,,,,GEGEGB_04472,
group_2913,,S018,ONMMKP_02974,,,,,,,,
group_2911,,TIGR03745 family integrating conjugative element membrane protein,ONMMKP_02282,,,,,,,,
group_2910,,hypothetical protein,,,,,,,,,BEJGEH_00493
group_2909,,DUF5375 domain-containing protein,,,,,,,,GEGEGB_04769,
group_2908,,DUF5375 domain-containing protein,,,,,,,,GEGEGB_02795,
group_2907,,Cell wall-binding protein,,,,,LNHIMF_02788,,,,
group_2906,,HTH arsR-type domain-containing protein,,,,,LNHIMF_00699,,,,
group_2905,,Ant2,,,,,LNHIMF_00653,,,,
group_2904,,Ead/Ea22-like family protein,,,,ODDLKH_01661,,,,,
group_2903,,DUF5375 domain-containing protein,,IKCLMC_04121,,,,,,,
group_2898,,Uncharacterized protein ORF88,,,,,,,,GEGEGB_04763,
traD,traD,Conjugal transfer protein TraD,,,,,,,,GEGEGB_00929,
group_2896,,hypothetical protein,,,,,LNHIMF_04297,,,,
group_2894,,RecA/RadA recombinase,,,,,LNHIMF_00676,,,,
group_2891,,HTH cro/C1-type domain-containing protein,ONMMKP_02286,,,,,,,,
group_2889,,hypothetical protein,ONMMKP_01346,,,,,,,,
group_2887,,DUF3085 domain-containing protein,,,,,,,,GEGEGB_04528,
group_2886,,DUF2730 domain-containing protein,,,,,,,,GEGEGB_01447,
group_2885,lexA,LexA family transcriptional regulator,,,,,LNHIMF_04278,,,,
group_2884,,hypothetical protein,,,,ODDLKH_01665,,,,,
group_2876,,hypothetical protein,,,,,,,,,BEJGEH_04378
group_2875,,hypothetical protein,,,,,,,HFCAGB_02233,,
group_2874,,hypothetical protein,,,,,,,HFCAGB_00637,,
group_2871,,Protein ORFd in retron Ec67,,,PKJKAM_01846,,,,,,
group_2864,,C-type lysozyme inhibitor domain-containing protein,ONMMKP_01354,,,,,,,,
group_2861,,Phage protein,,,,,,,,,BEJGEH_02679
group_2860,,hypothetical protein,,,,,,,,GEGEGB_04510,
group_2859,,hypothetical protein,,,,,,,,GEGEGB_03972,
group_2858,,hypothetical protein,,,,,,,HFCAGB_01210,,
group_2857,,hypothetical protein,,,,,,,HFCAGB_01094,,
group_2856,,HTH merR-type domain-containing protein,,,,,,AJBGEP_04519,,,
qacL,qacL,quaternary ammonium compound efflux SMR transporter QacL,,,,,LNHIMF_04708,,,,
group_2854,,hypothetical protein,,,,,LNHIMF_00647,,,,
group_2848,,hypothetical protein,,,,,,,,GEGEGB_01978,
group_2847,,Phage tail assembly protein,,,,,,,,GEGEGB_01431,
group_2846,,hypothetical protein,,,,,,,HFCAGB_04716,,
group_2838,,Phage tail protein,ONMMKP_01329,,,,,,,,
group_2837,,Periplasmic protein,ONMMKP_00735,,,,,,,,
group_2835,,Regulatory phage protein cox,,,,,,,,,BEJGEH_02680
group_2834,,DUF2190 domain-containing protein,,,,,,,,GEGEGB_01438,
group_2833,,hypothetical protein,,,,,,,HFCAGB_00308,,
group_2832,,hypothetical protein,,,,,LNHIMF_04275,,,,
yopX,yopX,YopX protein domain-containing protein,,IKCLMC_02071,,,,,,,
group_2825,,hypothetical protein,ONMMKP_01594,,,,,,,,
group_2822,,Prophage protein,,,,,,,,GEGEGB_03584,
group_2821,,DUF2591 domain-containing protein,,IKCLMC_02370,,,,,,,
yeeU,yeeU,Antitoxin YeeU,ONMMKP_02297,,,,,,,,
group_2818,,Toxin,ONMMKP_02296,,,,,,,,
group_2815,,hypothetical protein,,,,,,,,,BEJGEH_00215
group_2814,,Prophage protein,,,,,,,HFCAGB_00583,,
group_2813,,HNH endonuclease,,,,,LNHIMF_04290,,,,
group_2812,,Rz1 lytic protein,,,,,LNHIMF_02176,,,,
group_2811,,Bacteriophage cohesive ends,,IKCLMC_00929,,,,,,,
group_2806,,hypothetical protein,,,,,,,,,BEJGEH_04242
group_2805,,Phage holin lambda family,,,,,,,HFCAGB_02200,,
group_2803,,Phage protein,,IKCLMC_00957,,,,,,,
qacEdelta1,qacEdelta1,quaternary ammonium compound efflux SMR transporter QacE delta 1,ONMMKP_02963,,,,,,,,
group_2800,,Arylsulfatase,ONMMKP_02145,,,,,,,,
group_2795,,Holin,,,,,,,,GEGEGB_01450,
luxR,luxR,Bacterial regulatory proteins luxR family,,,,,,AJBGEP_04818,,,
group_2794,merT,mercuric transport protein MerT,,,,,LNHIMF_04728,,,,
group_2793,,hypothetical protein,,,,,LNHIMF_00565,,,,
merT,merT,mercuric transport protein MerT,ONMMKP_02944,,,,,,,,
group_2791,,P22,,,,,,,,,BEJGEH_01531
group_2790,,hypothetical protein,,,,,,,,GEGEGB_04575,
group_2789,,Bacteriophage protein,,,,,,,,GEGEGB_01974,
group_2788,,Lipoprotein,,,,,LNHIMF_00626,,,,
dndE,dndE,DNA sulfur modification protein DndE,,,,ODDLKH_00362,,,,,
group_2782,,hypothetical protein,,,,,,,,,BEJGEH_00903
group_2781,,hypothetical protein,,IKCLMC_02394,,,,,,,
group_2780,,Bacteriophage protein,,IKCLMC_00970,,,,,,,
group_2775,,hypothetical protein,,,,,,,,GEGEGB_04773,
group_2774,,hypothetical protein,,,,,,,,GEGEGB_04476,
group_2773,,IraD/Gp25-like domain-containing protein,,,,,,,,GEGEGB_03607,
group_2772,,4Fe-4S ferredoxin-type domain-containing protein,,,,,,AJBGEP_00636,,,
group_2771,,Acyl-CoA dehydrogenase,,,,,LNHIMF_03774,,,,
group_2770,,Integrase DNA-binding domain-containing protein,,,,ODDLKH_00356,,,,,
group_2769,,hypothetical protein,,IKCLMC_02347,,,,,,,
group_2760,,DUF4102 domain-containing protein,,,,,,,,,BEJGEH_00291
group_2759,,TIGR03745 family integrating conjugative element membrane protein,,,,,,,,GEGEGB_04498,
group_2758,merD,mercury resistance co-regulator MerD,,,,,LNHIMF_04692,,,,
group_2753,,hypothetical protein,ONMMKP_01355,,,,,,,,
group_2751,,Phage protein,,,,,,,HFCAGB_00638,,
group_2750,,Phage protein,,IKCLMC_00960,,,,,,,
group_2749,,Integrase catalytic domain-containing protein,ONMMKP_03729,,,,,,,,
merD,merD,mercury resistance co-regulator MerD,ONMMKP_02940,,,,,,,,
group_2746,,Bacteriophage protein,,,,,,,,GEGEGB_01990,
group_2745,,Phage tail protein,,,,,,,,GEGEGB_01419,
group_2744,,hypothetical protein,,,,,LNHIMF_04263,,,,
group_2743,,hypothetical protein,,,,,LNHIMF_00322,,,,
group_2739,,Antitoxin,ONMMKP_01889,,,,,,,,
group_2736,,hypothetical protein,ONMMKP_01341,,,,,,,,
yafW,yafW,Antitoxin YafW,ONMMKP_01890,,,,,,,,
group_2733,,hypothetical protein,,,,,,,,,BEJGEH_04243
group_2732,,TIGR03750 family conjugal transfer protein,,,,,,,,GEGEGB_04499,
group_2731,vapC,Ribonuclease VapC,,,,,,,,GEGEGB_03775,
group_2730,,hypothetical protein,,,,,LNHIMF_03947,,,,
group_2728,,hypothetical protein,,,,,LNHIMF_00312,,,,
group_2726,,DUF2591 domain-containing protein,,,PKJKAM_03198,,,,,,
group_2725,,DUF2591 domain-containing protein,,,PKJKAM_03171,,,,,,
group_2724,,hypothetical protein,,IKCLMC_03343,,,,,,,
group_2720,,ASCH domain-containing protein,,,,,,,,,BEJGEH_02737
group_2719,,hypothetical protein,,,,,,,,GEGEGB_04531,
group_2718,,Phage protein,,,,,,,,GEGEGB_01999,
ethD,ethD,EthD domain-containing protein,,,,,,AJBGEP_04518,,,
group_2715,,HTH cro/C1-type domain-containing protein,,,,,LNHIMF_03777,,,,
group_2713,,Lysozyme,,IKCLMC_02380,,,,,,,
group_2711,,hypothetical protein,ONMMKP_00770,,,,,,,,
group_2710,,hypothetical protein,,,,,,,,GEGEGB_04520,
group_2709,,hypothetical protein,,,,,,,,GEGEGB_04147,
group_2707,,Gp11,,IKCLMC_02391,,,,,,,
group_2706,,hypothetical protein,,IKCLMC_01438,,,,,,,
group_2700,,hypothetical protein,,,,,,,,GEGEGB_04007,
group_2699,,Prophage protein,,,,,,,,GEGEGB_01461,
group_2698,,hypothetical protein,,,,,LNHIMF_00656,,,,
group_2697,,Single-stranded DNA-binding protein,,,,,LNHIMF_00571,,,,
group_2696,,DUF3168 domain-containing protein,,IKCLMC_02396,,,,,,,
group_2693,,hypothetical protein,ONMMKP_01884,,,,,,,,
group_2692,,ACT domain-containing protein,,,,,,,,,BEJGEH_02650
group_2691,,putative periplasmic protein,,,,,,,,,BEJGEH_00297
group_2690,,Cytoplasmic protein,,,,,,,,,BEJGEH_00296
group_2689,,hypothetical protein,,,,,,,,GEGEGB_04506,
group_2688,,hypothetical protein,,,,,,,,GEGEGB_00920,
group_2687,lysR,LysR family transcriptional regulator,,,,,,,HFCAGB_02247,,
group_2686,,Lipoprotein,,,,,LNHIMF_02787,,,,
group_2685,,Transposase,,IKCLMC_03355,,,,,,,
group_2684,,Lipoprotein,,IKCLMC_03352,,,,,,,
group_2683,,Ead/Ea22-like family protein,,IKCLMC_02349,,,,,,,
group_2676,,PTS system mannose-specific transporter subunits IIAB,,,,,,,,,BEJGEH_04380
group_2675,,hypothetical protein,,,,,,,,,BEJGEH_01530
group_2674,,Head-tail adaptor,,,,,,,,GEGEGB_01987,
rdgB,rdgB,DNA-binding protein RdgB,,,,,,,,GEGEGB_01466,
group_2673,,Lysine-specific metallo-endopeptidase domain-containing protein,,,,,,,HFCAGB_00622,,
group_2671,rusA,Crossover junction endodeoxyribonuclease rusA,,,,,LNHIMF_04279,,,,
group_2670,,Type VI secretion protein,,,,,LNHIMF_03948,,,,
group_2666,,TIGR03757 family integrating conjugative element protein,,,,,,,,GEGEGB_04507,
group_2665,,DUF2570 domain-containing protein,,,,,,,HFCAGB_02198,,
group_2664,,Pyridoxamine 5'-phosphate oxidase N-terminal domain-containing protein,,,,,LNHIMF_04697,,,,
group_2663,,RNA methyltransferase,,,PKJKAM_03195,,,,,,
group_2660,,hypothetical protein,ONMMKP_02957,,,,,,,,
group_2659,,hypothetical protein,ONMMKP_01352,,,,,,,,
group_2658,,hypothetical protein,,,,,,,,GEGEGB_00923,
group_2657,,Transposase IS200-like domain-containing protein,,,,,,,HFCAGB_02970,,
group_2656,,Single-stranded DNA-binding protein,,,,,LNHIMF_00659,,,,
mcjB,mcjB,Microcin J25-processing protein McjB C-terminal domain-containing protein,ONMMKP_02977,,,,,,,,
group_2650,,hypothetical protein,ONMMKP_02284,,,,,,,,
group_2648,,DUF6950 domain-containing protein,ONMMKP_01337,,,,,,,,
group_2647,,HK97 gp10 family phage protein,ONMMKP_00745,,,,,,,,
group_2644,,DNA primase,,,,,LNHIMF_00650,,,,
group_2642,,Gp22,ONMMKP_00732,,,,,,,,
group_2641,vapC,tRNA(fMet)-specific endonuclease VapC,,,,,,,,,BEJGEH_04515
group_2640,,Type VI secretion amidase effector 2 protein,,,,,,,,GEGEGB_02717,
group_2638,,Phage protein,,,PKJKAM_01843,,,,,,
group_2637,,Phage protein,ONMMKP_04106,,,,,,,,
group_2633,,hypothetical protein,ONMMKP_01360,,,,,,,,
group_2632,,Phage tail protein,ONMMKP_01345,,,,,,,,
group_2630,,hypothetical protein,,,,,,,,,BEJGEH_04598
group_2629,,Rap1a immunity protein domain-containing protein,,,,,,,,,BEJGEH_04241
group_2628,,DNA-binding protein H-NS plasmid,,,,,,,HFCAGB_02252,,
group_2626,,Decoration protein,,,,,,,HFCAGB_00623,,
group_2624,,Fels-1 prophage protein,,,,,LNHIMF_00662,,,,
group_2623,,Phage tail protein,,IKCLMC_00964,,,,,,,
group_2622,,hypothetical protein,ONMMKP_04655,,,,,,,,
group_2615,,Eaa protein,,,PKJKAM_01845,,,,,,
group_2612,,DUF6971 domain-containing protein,,,,,,,,GEGEGB_03099,
group_2610,ninB,Recombination protein NinB,,IKCLMC_02369,,,,,,,
group_2609,,hypothetical protein,,IKCLMC_01437,,,,,,,
group_2601,,DUF4238 domain-containing protein,,,,,,,HFCAGB_01074,,
group_2600,,Head-tail adaptor,,,,,LNHIMF_04298,,,,
group_2599,,DUF1499 domain-containing protein,,,,,LNHIMF_00629,,,,
group_2598,,HTH cro/C1-type domain-containing protein,,,,ODDLKH_01655,,,,,
group_2597,,Gas vesicle protein,,IKCLMC_00949,,,,,,,
group_2594,,Secreted protein,ONMMKP_01881,,,,,,,,
group_2591,,hypothetical protein,ONMMKP_00740,,,,,,,,
group_2589,,Conjugative transfer ATPase,,,,,,,,GEGEGB_04504,
higA,higA,Antitoxin HigA,,,,,,,,,BEJGEH_01202
pilM,pilM,type IV pilus biogenesis protein PilM,,,,,,,,GEGEGB_04474,
group_2584,,DUF4054 domain-containing protein,,,,,,,,GEGEGB_01989,
group_2583,,hypothetical protein,,,,,,AJBGEP_02128,,,
group_2581,,hypothetical protein,ONMMKP_02947,,,,,,,,
group_2578,umuD,DNA polymerase V subunit UmuD,ONMMKP_00721,,,,,,,,
fosA72,fosA7.2,fosfomycin resistance glutathione transferase FosA7-2,,,,,,,,,BEJGEH_04599
merC,merC,organomercurial transporter MerC,,,,,LNHIMF_04726,,,,
group_2577,,Transmembrane protein,,,,,LNHIMF_02789,,,,
group_2576,,hypothetical protein,,,PKJKAM_03158,,,,,,
group_2572,,hypothetical protein,,,,,,,,GEGEGB_02716,
group_2571,,Bacteriophage protein,,,,,,,HFCAGB_01083,,
group_2570,,Cytoplasmic protein,,,,,LNHIMF_03771,,,,
arsC,arsC,glutaredoxin-dependent arsenate reductase,,,,,LNHIMF_00701,,,,
group_2569,,hypothetical protein,,,PKJKAM_01842,,,,,,
group_2568,,HK97 gp10 family phage protein,,IKCLMC_02395,,,,,,,
group_2567,,Putative regulator,,IKCLMC_00921,,,,,,,
group_2560,,hypothetical protein,ONMMKP_01081,,,,,,,,
group_2559,,Type VI secretion protein,,,,,,,,,BEJGEH_02163
group_2558,,Bacteriophage protein,,,,,,,,GEGEGB_01976,
vapC,vapC,tRNA(fMet)-specific endonuclease VapC,,,,,,,HFCAGB_04857,,
group_2557,,hypothetical protein,,,,,,,HFCAGB_04746,,
group_2556,,HNH endonuclease,,,,,,,HFCAGB_01345,,
group_2555,,Transmembrane protein,,IKCLMC_03354,,,,,,,
group_2550,,hypothetical protein,,,,,,,,,BEJGEH_00298
group_2549,tnp,IS200/IS605 family ISSen6 transposase,,,,,,,,,BEJGEH_00103
group_2548,,hypothetical protein,,,,,,,,GEGEGB_01452,
group_2546,,Phage protein,,,,,,,HFCAGB_01084,,
group_2542,,Putative endonuclease SegE-like GIY-YIG domain-containing protein,ONMMKP_01331,,,,,,,,
group_2540,,Periplasmic protein,,,,,,,HFCAGB_02197,,
group_2539,merR,mercury resistance transcriptional regulator MerR,,,,,LNHIMF_04729,,,,
group_2538,,hypothetical protein,,,,,LNHIMF_01607,,,,
group_2537,,hypothetical protein,,,,,LNHIMF_00644,,,,
merR,merR,mercury resistance transcriptional regulator MerR,ONMMKP_02945,,,,,,,,
group_2531,,DUF4231 domain-containing protein,,,,,,,,,BEJGEH_01974
group_2530,,Phage protein,,,,,,,HFCAGB_01087,,
group_2529,,hypothetical protein,,,,,,,HFCAGB_00305,,
group_2528,,HK97 gp10 family phage protein,,,,,LNHIMF_00612,,,,
group_2521,,Tail fiber assembly protein,,,,,,,,GEGEGB_03612,
group_2520,,DUF3277 domain-containing protein,,,,,,,,GEGEGB_01984,
group_2519,,Reverse transcriptase,,,,,LNHIMF_02782,,,,
group_2517,,Knr4/Smi1-like domain-containing protein,,,,,,,,GEGEGB_02696,
group_2516,,Mannitol-specific cryptic phosphotransferase enzyme IIA component,,,,,LNHIMF_03123,,,,
ninB,ninB,Protein ninB,,,PKJKAM_03173,,,,,,
group_2511,,DUF1240 domain-containing protein,,,,,,,,,BEJGEH_01038
group_2510,,Mu-like prophage protein gp36,,,,,,,,GEGEGB_01437,
group_2509,,Type IV secretion protein Rhs,,,,,,,HFCAGB_00310,,
group_2506,,Phage protein,,IKCLMC_00963,,,,,,,
group_2505,,DUF4054 domain-containing protein,,IKCLMC_00958,,,,,,,
group_2500,,DUF3577 domain-containing protein,,,,,,,,GEGEGB_04468,
group_2499,,Phage protein,,,,,LNHIMF_04306,,,,
group_2492,,Phage head completion protein,,,,,,,,,BEJGEH_02669
group_2491,,SLATT domain-containing protein,,,,,,,,GEGEGB_04595,
group_2490,,Beta/gamma crystallin 'Greek key' domain-containing protein,,,,,,,,GEGEGB_04522,
group_2489,,Bacteriophage protein,,,,,,,,GEGEGB_01983,
group_2488,,Rha family transcriptional regulator,,,,,,,,GEGEGB_01465,
group_2486,,Endolysin,,,,,,AJBGEP_02792,,,
group_2484,,hypothetical protein,ONMMKP_01879,,,,,,,,
group_2483,,Lipoprotein YfjS/YafY domain-containing protein,ONMMKP_01878,,,,,,,,
group_2482,,Lysozyme,ONMMKP_01332,,,,,,,,
group_2479,,Uncharacterized protein ORF151,,,,,,,,GEGEGB_02794,
group_2478,,Protein gp14,,,,,,,HFCAGB_00633,,
group_2477,,Protein gp14,,,PKJKAM_03149,,,,,,
group_2468,,hypothetical protein,,,,,,,,GEGEGB_04524,
group_2467,,hypothetical protein,,,,,,,,GEGEGB_01441,
group_2466,,DUF1795 domain-containing protein,,,PKJKAM_03477,,,,,,
yfjX,yfjX,Uncharacterized protein YfjX,ONMMKP_01885,,,,,,,,
group_2459,,Ash family protein,,,,,,,,GEGEGB_04601,
group_2458,,DNA stabilization protein,,,PKJKAM_03152,,,,,,
group_2454,,Phage membrane protein,ONMMKP_04324,,,,,,,,
group_2453,,Ash family protein,ONMMKP_03725,,,,,,,,
group_2450,,DNA-binding protein,ONMMKP_01365,,,,,,,,
group_2448,,Gp37 protein,,,,,,,,GEGEGB_01436,
group_2446,,Phage terminase small subunit P27 family,,,,,LNHIMF_04291,,,,
group_2441,,hypothetical protein,ONMMKP_01809,,,,,,,,
group_2440,,Integrase,,,,,,,,GEGEGB_04785,
group_2439,,Pili assembly chaperone,,,,,,,,GEGEGB_04487,
group_2438,,HTH cro/C1-type domain-containing protein,,,,,,AJBGEP_01253,,,
group_2437,,Integrase,,,,,LNHIMF_00706,,,,
group_2436,,Spanin inner membrane subunit,,,,,LNHIMF_00598,,,,
group_2433,,hypothetical protein,,IKCLMC_01537,,,,,,,
group_2428,,hypothetical protein,,,,,,,,,BEJGEH_04586
group_2427,,hypothetical protein,,,,,,,,,BEJGEH_04354
group_2426,,Spanin inner membrane subunit,,,,,,,HFCAGB_00619,,
group_2425,,Methyltransferase family protein,,,,,,AJBGEP_01259,,,
traB,traB,TraB,,,,,LNHIMF_04719,,,,
group_2424,,Prophage protein,,,,,LNHIMF_00577,,,,
group_2423,parB,ParB,,,PKJKAM_04029,,,,,,
group_2421,,hypothetical protein,,IKCLMC_03348,,,,,,,
group_2420,,DUF1833 domain-containing protein,,IKCLMC_02401,,,,,,,
group_2410,,Methyltransferase family protein,,,,,,,HFCAGB_02223,,
group_2409,perC,PerC family transcriptional regulator,,,,,,,HFCAGB_02207,,
group_2407,,hypothetical protein,,,,,LNHIMF_03173,,,,
dfrA1,dfrA1,trimethoprim-resistant dihydrofolate reductase DfrA1,ONMMKP_02965,,,,,,,,
group_2401,,phage tail tube protein,ONMMKP_01343,,,,,,,,
group_2400,,Adhesin,,,,,,,,,BEJGEH_00904
pilT,pilT,lytic transglycosylase domain-containing protein,,,,,,,,GEGEGB_04482,
group_2399,,Endolysin,,,,,,,HFCAGB_02199,,
group_2395,,Aec32,,,,,,,,,BEJGEH_01044
group_2394,,Aec32,,,,,,,HFCAGB_01190,,
group_2393,,Tyr recombinase domain-containing protein,,,,,LNHIMF_04687,,,,
group_2390,,hypothetical protein,ONMMKP_02964,,,,,,,,
group_2388,,MPN domain-containing protein,ONMMKP_01886,,,,,,,,
group_2387,,PTS mannose/fructose/sorbose transporter subunit IIB,,,,,,,,,BEJGEH_04381
group_2386,,Phage protein,,,,,,,,,BEJGEH_02668
yfgH,yfgH,YfgH,,,,,,,,GEGEGB_00384,
perC,perC,PerC family transcriptional regulator,,,,,,AJBGEP_02138,,,
group_2385,,Phosphotriesterase,,,,,LNHIMF_00310,,,,
group_2384,,hypothetical protein,,,PKJKAM_03190,,,,,,
group_2383,,DUF2190 domain-containing protein,,IKCLMC_00955,,,,,,,
group_2382,,BRCT domain-containing protein,ONMMKP_04184,,,,,,,,
vgrG,vgrG,Type VI secretion system tip protein VgrG,,,,,,,,,BEJGEH_00293
group_2380,,Large polyvalent protein-associated domain-containing protein,,,,,,,HFCAGB_01082,,
group_2379,,hypothetical protein,,,,,,AJBGEP_04837,,,
group_2378,,Spanin inner membrane subunit,,,,,,AJBGEP_02129,,,
group_2371,,tRNA-acetylating toxin 2,,,,,,,,GEGEGB_04594,
group_2370,,DNA-packaging protein,,,,,,,HFCAGB_00624,,
group_2369,,Phage antiterminator q protein,,,,,,,HFCAGB_00616,,
group_2366,,hypothetical protein,,,,,,AJBGEP_04829,,,
group_2365,,Lysozyme,,IKCLMC_00230,,,,,,,
group_2360,,hypothetical protein,,,,,,,,,BEJGEH_04379
ydaT,ydaT,Bacterial toxin YdaT domain-containing protein,,IKCLMC_00923,,,,,,,
group_2357,,Acetyltransferase gnat family,ONMMKP_02285,,,,,,,,
group_2356,,Phage protein,ONMMKP_01893,,,,,,,,
group_2354,,GlcNAc transferase,,,,,,,,,BEJGEH_01200
group_2353,,hypothetical protein,,,,,,,,GEGEGB_04885,
group_2352,,Type VI secretion system amidase effector protein Tae4,,,,,,,,GEGEGB_02710,
group_2351,,hypothetical protein,,,,,,,,GEGEGB_01692,
sfaS,sfaS,S-fimbrial adhesin protein SfaS,,,,,LNHIMF_01233,,,,
group_2350,,Outer membrane protein,,,,,LNHIMF_00316,,,,
group_2346,,Aec76,ONMMKP_01892,,,,,,,,
group_2343,,Fido domain-containing protein,,,,,,,,GEGEGB_02011,
group_2342,,Bacteriophage protein,,,,,,,,GEGEGB_01992,
group_2341,,hypothetical protein,,,,,,,HFCAGB_02232,,
group_2340,,hypothetical protein,,,,,,,HFCAGB_01090,,
group_2338,,DUF1441 domain-containing protein,,,,,LNHIMF_00671,,,,
group_2337,,DNA-binding protein,,,,,LNHIMF_00599,,,,
group_2336,,Lysozyme,,,,,LNHIMF_00596,,,,
group_2335,,Eae protein,,,,,LNHIMF_00569,,,,
group_2329,,DUF2971 domain-containing protein,,,,,,,,,BEJGEH_01984
group_2328,,Integrating conjugative element protein,,,,,,,,GEGEGB_04492,
group_2327,,Transactivation protein,,,,,,,,GEGEGB_02786,
group_2326,,Packaged DNA stabilization gp4 family protein,,,,,,,HFCAGB_00630,,
group_2324,,hypothetical protein,,,,,LNHIMF_00568,,,,
group_2320,,hypothetical protein,ONMMKP_01123,,,,,,,,
group_2318,,Phage regulatory CII family protein,,,PKJKAM_01840,,,,,,
group_2317,,Lipoprotein,,,PKJKAM_00269,,,,,,
group_2316,,Phage tail protein,,IKCLMC_02400,,,,,,,
group_2314,,Lysis protein,,IKCLMC_00231,,,,,,,
group_2311,,hypothetical protein,ONMMKP_01363,,,,,,,,
rrrD,rrrD,lysozyme RrrD,ONMMKP_00760,,,,,,,,
group_2308,,Mutator family transposase,,,,,,,,,BEJGEH_00906
group_2307,,Single-stranded DNA-binding protein,,,,,,,HFCAGB_00594,,
group_2306,,hypothetical protein,,,PKJKAM_03472,,,,,,
group_2301,,Regulatory protein CII,,,,,,,,GEGEGB_03582,
group_2300,,hypothetical protein,,,,,,,,GEGEGB_00927,
group_2298,,hypothetical protein,,IKCLMC_02386,,,,,,,
lysM,lysM,LysM peptidoglycan-binding domain-containing protein,,,,,,,,,BEJGEH_01037
group_2294,,hypothetical protein,,,,,,,,GEGEGB_03858,
group_2292,,Phage protein,,,,,LNHIMF_04299,,,,
group_2288,,Transposase,,,,,,,,GEGEGB_00928,
group_2287,,GmrSD restriction endonucleases N-terminal domain-containing protein,,,,,,AJBGEP_02151,,,
group_2276,,Tail fiber assembly protein,,,,,,,,GEGEGB_01970,
pefA,pefA,major pilin PefA,,,,,,AJBGEP_04825,,,
group_2275,,Tail fiber assembly protein,,,,,LNHIMF_00692,,,,
group_2274,,Endodeoxyribonuclease,,,,,LNHIMF_00594,,,,
group_2272,,Endodeoxyribonuclease,,IKCLMC_02377,,,,,,,
group_2270,,Transglycosylase SLT domain protein,ONMMKP_02276,,,,,,,,
group_2268,,Phage tail protein,ONMMKP_01349,,,,,,,,
group_2266,,Phage major tail tube protein,,,,,,,,GEGEGB_01433,
group_2264,,MotA/TolQ/ExbB proton channel domain-containing protein,,,,,LNHIMF_03773,,,,
group_2259,,DNA-binding protein,ONMMKP_00757,,,,,,,,
group_2256,,DUF1851 domain-containing protein,,,,,,,HFCAGB_01366,,
tnpR,tnpR,TnpR resolvase,,,,,LNHIMF_04723,,,,
group_2255,,Fimbrial-type adhesion domain-containing protein,,,,,LNHIMF_01232,,,,
group_2254,,hypothetical protein,,IKCLMC_01196,,,,,,,
group_2250,,hypothetical protein,,,,,,,,,BEJGEH_04591
group_2249,,Phage tail spike protein,,,,,,,,GEGEGB_01425,
group_2242,,Tail fiber assembly protein,,,,,,,,,BEJGEH_02655
group_2241,,Bacteriophage Mu Gam like protein,,,,,,,,GEGEGB_01457,
group_2240,,hypothetical protein,,,,,,,,GEGEGB_01451,
group_2239,,KilA-N domain-containing protein,,,,,,,HFCAGB_00620,,
group_2231,,Transposase,,,,,,,HFCAGB_04701,,
group_2229,,N-acetyltransferase domain-containing protein,,,,,LNHIMF_04260,,,,
group_2228,,hypothetical protein,,,,,LNHIMF_00670,,,,
group_2225,,Regulator,ONMMKP_02985,,,,,,,,
group_2221,,Single-stranded DNA-binding protein,,,,,,,,GEGEGB_04470,
group_2220,,hypothetical protein,,,,,LNHIMF_00668,,,,
group_2218,,hypothetical protein,ONMMKP_01868,,,,,,,,
tviA,tviA,Vi polysaccharide biosynthesis regulator TviA,,,,,,,,GEGEGB_04588,
group_2216,,Protein gp55,,,,,,,,GEGEGB_02000,
yfgI,yfgI,Uncharacterized protein YfgI,,,,,,,,GEGEGB_00383,
group_2215,,Malate transporter,,,,ODDLKH_00369,,,,,
group_2209,,GYF domain-containing protein,ONMMKP_01880,,,,,,,,
group_2206,,DUF1062 domain-containing protein,,,,,,,,GEGEGB_04514,
group_2205,,DUF2514 domain-containing protein,,,,,LNHIMF_04288,,,,
group_2204,,Lipoprotein,,,,,LNHIMF_03568,,,,
group_2202,,Fimbrial protein,,,,,LNHIMF_01237,,,,
group_2201,,SMI1/KNR4 family protein,,IKCLMC_02068,,,,,,,
group_2199,,hypothetical protein,,IKCLMC_00323,,,,,,,
group_2197,,Tunicamycin resistance protein,ONMMKP_02952,,,,,,,,
group_2194,,Terminase small subunit,ONMMKP_01351,,,,,,,,
group_2193,,Integrase catalytic domain-containing protein,,,,,,,,,BEJGEH_04572
group_2192,,hypothetical protein,,,,,,,,GEGEGB_01445,
group_2191,,Bacteriophage protein,,,,,LNHIMF_04300,,,,
group_2190,,Phage protein,,IKCLMC_00961,,,,,,,
group_2188,,Superinfection exclusion protein B,ONMMKP_04152,,,,,,,,
group_2182,,hypothetical protein,ONMMKP_02289,,,,,,,,
group_2177,,Bacteriophage protein,,,,,,,,GEGEGB_01986,
group_2176,,Exonuclease,,,,,,,HFCAGB_00593,,
group_2171,,DUF2514 domain-containing protein,,,,,,,HFCAGB_01073,,
group_2170,,Eaa protein,,,,,,AJBGEP_01244,,,
group_2169,,Lipoprotein,,,,,LNHIMF_04289,,,,
ymfL,ymfL,Uncharacterized protein YmfL,,,,,LNHIMF_04274,,,,
group_2164,,Bacteriophage protein,,,,,,,,GEGEGB_01988,
group_2162,,Phage protein,,,,,LNHIMF_02175,,,,
group_2161,,NadR/Ttd14 AAA domain-containing protein,,,,,LNHIMF_01827,,,,
group_2156,,HNH endonuclease,ONMMKP_00725,,,,,,,,
group_2155,,DUF2857 domain-containing protein,,,,,,,,GEGEGB_04461,
group_2154,,Fimbrial protein,,,,,,AJBGEP_04822,,,
rcK,rcK,complement resistance protein Rck,,,,,,AJBGEP_04814,,,
group_2150,,hypothetical protein,,,,,,,HFCAGB_00629,,
group_2147,,Transposon Tn501 resolvase,,,,,LNHIMF_04700,,,,
group_2143,,3-hexulose-6-phosphate isomerase,,,,,,,,,BEJGEH_04385
group_2142,,DNA-invertase,,,,,LNHIMF_04316,,,,
group_2141,,Helix-turn-helix domain-containing protein,,,,,LNHIMF_02790,,,,
group_2140,,Ead/Ea22-like family protein,,IKCLMC_02346,,,,,,,
group_2135,,TIGR03759 family integrating conjugative element protein,ONMMKP_02275,,,,,,,,
group_2131,,Phage polarity suppression protein,,,,,,,,GEGEGB_04760,
group_2127,,YokE-like PH domain-containing protein,,,PKJKAM_01837,,,,,,
group_2126,,Phage polarity suppression protein,,IKCLMC_04130,,,,,,,
group_2122,,Lipoprotein,ONMMKP_01877,,,,,,,,
group_2120,,Phage tail protein,ONMMKP_01339,,,,,,,,
group_2119,,3'-5' exoribonuclease,,,,,,,,,BEJGEH_02678
group_2118,,Restriction endonuclease type IV Mrr domain-containing protein,,,,,,,,GEGEGB_04493,
group_2117,,DUF4942 domain-containing protein,,,,,,,,GEGEGB_03973,
group_2116,,putative repressor protein,,,,,,,,GEGEGB_03580,
group_2115,,Fimbrial protein,,,,,,,HFCAGB_04868,,
group_2114,,hypothetical protein,,,,,LNHIMF_04720,,,,
group_2113,,Phage protein,,IKCLMC_02351,,,,,,,
group_2112,,hypothetical protein,ONMMKP_01330,,,,,,,,
group_2109,,Polarity suppression protein,,,,,,,,GEGEGB_02785,
group_2108,,Serine recombinase gin,,,,,,,,GEGEGB_01418,
group_2105,,Repressor protein CI,ONMMKP_04101,,,,,,,,
stgA,stgA,Stg fimbria major subunit StgA,,,,,,,,GEGEGB_03856,
group_2101,,transposase,,,,,LNHIMF_04707,,,,
group_2097,,Phage baseplate assembly protein V,,,,,,,,GEGEGB_03606,
group_2096,,Tail fiber protein,,,,,,,,GEGEGB_01422,
group_2091,,hypothetical protein,ONMMKP_01359,,,,,,,,
group_2089,,hypothetical protein,,,,,,,,,BEJGEH_02751
group_2088,,Phage repressor protein CI,,,PKJKAM_01838,,,,,,
group_2082,,Fimbrial protein,,,,,,,,,BEJGEH_03795
group_2081,,Exodeoxyribonuclease 10,,,,,,,,GEGEGB_04566,
group_2079,,Fimbrial protein,,,,,,,,GEGEGB_00201,
group_2078,,CHAT domain-containing protein,,,,,LNHIMF_03776,,,,
group_2077,,Phage protein,,IKCLMC_00959,,,,,,,
group_2076,,Resolvase/invertase-type recombinase catalytic domain-containing protein,ONMMKP_02967,,,,,,,,
pilP,pilP,type IV pilus biogenesis protein PilP,,,,,,,,GEGEGB_04478,
group_2072,,hypothetical protein,,,,,,,HFCAGB_01088,,
group_2071,,Fumarase E,,,,,LNHIMF_03119,,,,
group_2070,,hypothetical protein,,IKCLMC_02358,,,,,,,
group_2066,,Ash-like/host cell division inhibitor Icd-like protein,,,,,,,,GEGEGB_02789,
group_2065,,S-adenosylmethionine-binding protein,,,PKJKAM_03172,,,,,,
group_2064,,Phage regulatory CII family protein,ONMMKP_04103,,,,,,,,
group_2058,,Fimbrial protein,,,,,,,,,BEJGEH_03793
pilX,pilX,pilus assembly protein PilX,,,,,,,,GEGEGB_04481,
group_2057,,Tail fiber assembly protein,,,,,,,,GEGEGB_03611,
group_2056,,Superinfection exclusion protein B,,,,,,,HFCAGB_02964,,
group_2055,,Fimbrial protein,,,,,LNHIMF_00196,,,,
group_2050,,TIGR02646 family protein,,,,,,,,GEGEGB_03974,
group_2049,,Transposase IS200-like domain-containing protein,,,,,,,,GEGEGB_00423,
group_2048,,Rha family transcriptional regulator,,,,,LNHIMF_00646,,,,
group_2038,,hypothetical protein,,,,,,,,,BEJGEH_01985
brxB,brxB,BREX protein BrxB,,,,,,AJBGEP_04695,,,
group_2037,,hypothetical protein,,,,,LNHIMF_03778,,,,
group_2036,,Phage protein,,IKCLMC_02382,,,,,,,
group_2035,,DUF2612 domain-containing protein,,IKCLMC_00972,,,,,,,
group_2031,,Recombinase,,,,,LNHIMF_00572,,,,
group_2027,ninG,Protein ninG,ONMMKP_00768,,,,,,,,
group_2026,,Fimbrial protein,,,,,,,,,BEJGEH_03794
group_2025,,Transposase,,,,,,,,GEGEGB_04471,
group_2024,,Phage head morphogenesis domain-containing protein,,,,,,,,GEGEGB_01994,
group_2023,,Fimbrial protein,,,,,,,,GEGEGB_00197,
group_2022,,hypothetical protein,,,,,,,HFCAGB_02234,,
brxA,brxA,BREX protein BrxA,,,,,,AJBGEP_04696,,,
group_2021,,Hydrolase,,,,,LNHIMF_04712,,,,
group_2020,,Fimbrial protein,,,,,LNHIMF_00192,,,,
group_2015,,Transcriptional regulator,ONMMKP_02984,,,,,,,,
group_2012,,Glycoside hydrolase family 19 protein,,,,,LNHIMF_02177,,,,
group_2011,,DUF4376 domain-containing protein,,,,ODDLKH_00057,,,,,
group_2010,,Transposon DNA-invertase,,,PKJKAM_04024,,,,,,
group_2008,,Transposon DNA-invertase,ONMMKP_02938,,,,,,,,
group_2005,,hypothetical protein,,,,,,,,GEGEGB_01420,
group_2004,,hypothetical protein,,,,,,AJBGEP_02152,,,
group_1986,,DUF1133 domain-containing protein,,,,,,AJBGEP_02133,,,
group_1985,,Antitermination protein Q,,,,,LNHIMF_00593,,,,
group_1979,,DUF2163 domain-containing protein,ONMMKP_01338,,,,,,,,
group_1977,,hypothetical protein,ONMMKP_00793,,,,,,,,
group_1976,,Nucleotide modification associated domain-containing protein,ONMMKP_00783,,,,,,,,
ecpD2,ecpD2,Pilin chaperone ecpD2,,,,,,,,,BEJGEH_03798
group_1975,,DUF2612 domain-containing protein,,,,,,,HFCAGB_01096,,
group_1974,,Phage repressor protein,,,,,LNHIMF_04272,,,,
group_1967,,Phage protein,,IKCLMC_00950,,,,,,,
group_1963,,S044,ONMMKP_02934,,,,,,,,
group_1962,,hypothetical protein,,,,,LNHIMF_04715,,,,
group_1961,,HTH cro/C1-type domain-containing protein,,,,,LNHIMF_00580,,,,
group_1950,,hypothetical protein,,,,,,,,,BEJGEH_04576
group_1949,,hypothetical protein,,,,,,,,,BEJGEH_04554
group_1946,,Envelope-penetrating protein gp26,,,PKJKAM_03150,,,,,,
ybdM,ybdM,Uncharacterized protein YbdM,,,,,,,,GEGEGB_04513,
ninG,ninG,Protein ninG,,IKCLMC_00222,,,,,,,
group_1932,,Uracil-DNA glycosylase,,,,,,,,GEGEGB_00925,
group_1927,,Antitoxin of toxin-antitoxin stability system,ONMMKP_01891,,,,,,,,
group_1925,,DNA-binding protein,,,,,,,,GEGEGB_04146,
group_1924,,Phage protein,,,,,LNHIMF_00657,,,,
group_1918,,Dit-like phage tail protein N-terminal domain-containing protein,,,,,,,,GEGEGB_01981,
group_1917,,Lipoprotein,,,,,,,,GEGEGB_01448,
group_1913,pilL,Pilus assembly protein PilL,ONMMKP_02274,,,,,,,,
group_1911,,TIGR03746 family integrating conjugative element protein,,,,,,,,GEGEGB_04500,
group_1909,,Thiol:disulfide interchange protein,,,,,,AJBGEP_04817,,,
group_1908,,Hypothetical bacteriophage protein,,,,,,AJBGEP_01260,,,
group_1907,,DNA adenine methylase,,,,,LNHIMF_04277,,,,
group_1906,,Repressor,,,PKJKAM_03181,,,,,,
group_1903,,hypothetical protein,ONMMKP_01873,,,,,,,,
group_1900,,Phage tail protein,ONMMKP_01334,,,,,,,,
group_1896,,DUF2726 domain-containing protein,,,,,,,,,BEJGEH_01030
pilU,pilU,prepilin peptidase,,,,,,,,GEGEGB_04483,
group_1890,,hypothetical protein,,,,,,,,GEGEGB_01320,
group_1882,,hypothetical protein,,,,,,AJBGEP_01258,,,
group_1878,,Capsid protein of prophage,,IKCLMC_00321,,,,,,,
group_1875,,Endonuclease III,ONMMKP_02958,,,,,,,,
group_1871,,Ankyrin repeat domain-containing protein,,,,,,,,,BEJGEH_00294
group_1870,,Abasic site processing protein,,,,,LNHIMF_00696,,,,
group_1868,,Transposase,,IKCLMC_01351,,,,,,,
group_1862,,Bacteriophage T7 Gp4 DNA primase/helicase N-terminal domain-containing protein,,,,,,,,GEGEGB_04770,
group_1861,,IS6 family transposase,,,,,LNHIMF_04717,,,,
group_1857,,D-allulose-6-phosphate 3-epimerase,,,,,,,,,BEJGEH_04387
group_1856,,hypothetical protein,,,,,,,,GEGEGB_02699,
group_1855,,Fimbrial chaparone,,,,,LNHIMF_01236,,,,
group_1854,,DUF551 domain-containing protein,,,,,LNHIMF_00564,,,,
group_1853,,Phage protein Gp138 N-terminal domain-containing protein,,IKCLMC_00969,,,,,,,
group_1847,,Exonuclease,,,,,,,,GEGEGB_02026,
group_1846,,Bacteriophage protein,,,,,,,,GEGEGB_01972,
group_1840,,DUF2786 domain-containing protein,,,,,,,,GEGEGB_01463,
group_1837,,Transglycosylase SLT domain-containing protein,,,,,,,,GEGEGB_04491,
group_1836,,Fimbrial chaperone protein,,,,,,,,GEGEGB_03857,
group_1835,,Rha family phage regulatory protein,,,PKJKAM_03161,,,,,,
group_1829,,hypothetical protein,,,,,,,,GEGEGB_00382,
group_1828,,Internal virion protein gp7,,,,,,,HFCAGB_00634,,
group_1827,,Internal virion protein gp7,,,PKJKAM_03148,,,,,,
group_1826,,Phage protein,,IKCLMC_02398,,,,,,,
group_1825,,Putative phage putative head morphogenesis protein SPP1 gp7 family,,IKCLMC_00953,,,,,,,
group_1821,,hypothetical protein,,,,,,,,GEGEGB_03245,
pefD,pefD,fimbrial chaperone PefD,,,,,,AJBGEP_04823,,,
group_1820,,Phage replication protein,,,,,,AJBGEP_01257,,,
group_1818,,hypothetical protein,ONMMKP_01356,,,,,,,,
vexC,vexC,Vi polysaccharide ABC transporter ATP-binding protein VexC,,,,,,,,GEGEGB_04581,
group_1816,,DUF4747 domain-containing protein,,,,,,,,GEGEGB_04559,
group_1813,,hypothetical protein,,IKCLMC_04132,,,,,,,
group_1807,,Phage replication protein,ONMMKP_01124,,,,,,,,
group_1806,,Phage terminase subunit,,,,,,,,,BEJGEH_02670
group_1805,,hypothetical protein,,,,,LNHIMF_00698,,,,
group_1798,,DUF1076 domain-containing protein,,,,,,,,GEGEGB_01969,
group_1797,,Phage tail protein,,,,,,,HFCAGB_00632,,
group_1796,,DUF2461 domain-containing protein,,,,,LNHIMF_03946,,,,
group_1791,,Phage protein,,,,,,,,,BEJGEH_02667
group_1785,ydiV,Anti-FlhC(2)FlhD(4) factor YdiV,,,,,LNHIMF_04690,,,,
group_1784,,Inner membrane protein,,,,,LNHIMF_03566,,,,
group_1783,,DUF551 domain-containing protein,,IKCLMC_02344,,,,,,,
group_1782,,Integrase family protein,ONMMKP_04136,,,,,,,,
group_1777,,Dit-like phage tail protein N-terminal domain-containing protein,,IKCLMC_00966,,,,,,,
faeJ,faeJ,K88 minor fimbrial subunit FaeJ,,,,,,,HFCAGB_04864,,
group_1771,,WYL domain-containing protein,ONMMKP_01876,,,,,,,,
group_1769,,Phage protein Gp138 N-terminal domain-containing protein,,,,,,,HFCAGB_01093,,
yggC,yggC,Uncharacterized protein YggC,,,,,LNHIMF_03118,,,,
group_1765,,Rha family transcriptional regulator,,,,,,,,GEGEGB_03101,
group_1755,,DUF2786 domain-containing protein,,,,,,,,GEGEGB_04459,
group_1754,,Lipoprotein,,,,,LNHIMF_02145,,,,
group_1753,,Inner membrane protein,,,,,LNHIMF_01758,,,,
group_1752,,Bro-N domain-containing protein,,,,,LNHIMF_00621,,,,
group_1747,,MotA/TolQ/ExbB proton channel domain-containing protein,,IKCLMC_03337,,,,,,,
group_1743,,DUF4400 domain-containing protein,ONMMKP_02278,,,,,,,,
group_1738,,Lytic murein transglycosylase,,,,,,,,GEGEGB_01449,
group_1734,,Methyltransferase small domain-containing protein,ONMMKP_01353,,,,,,,,
group_1732,,hypothetical protein,,,,,,,,GEGEGB_01977,
group_1726,,hypothetical protein,ONMMKP_02288,,,,,,,,
group_1723,,Glycoprotein 3,,,,,,,,GEGEGB_02787,
group_1718,,Ead/Ea22-like family protein,,,,,,,HFCAGB_02222,,
group_1716,,Glycoprotein 3,,IKCLMC_04128,,,,,,,
group_1715,,Integrase catalytic domain-containing protein,,IKCLMC_03980,,,,,,,
group_1708,,TIGR03759 family integrating conjugative element protein,,,,,,,,GEGEGB_04490,
group_1707,,HIRAN domain-containing protein,,,,,,,,GEGEGB_03592,
group_1700,ecpD,Chaperone protein EcpD,,,,,,,,,BEJGEH_03797
group_1699,,Capsid protein,,,,,,,,GEGEGB_04762,
group_1694,,Trans-aconitate methyltransferase,,,,,,,,GEGEGB_04578,
group_1693,,Phage abortive infection protein,,,,,,,,GEGEGB_02783,
group_1689,,PTS sugar transporter subunit IIC,,,,,,,,,BEJGEH_04382
group_1688,,hypothetical protein,,,,,,,HFCAGB_02224,,
group_1686,,Uncharacterized short-chain type dehydrogenase/reductase y4mP,,IKCLMC_01440,,,,,,,
group_1682,,Terminase,,,,,,,,GEGEGB_01997,
group_1681,,Lambdoid prophage Qin antitermination protein Q-like protein,,,,,,,HFCAGB_02202,,
group_1680,,Lambdoid prophage Qin antitermination protein Q-like protein,,,,,LNHIMF_04282,,,,
group_1677,,Phage protein Gp138 N-terminal domain-containing protein,,,,,,,,GEGEGB_01975,
group_1671,,Integrating conjugative element membrane protein,,,,,,,,GEGEGB_04495,
group_1670,,3-dehydroquinate dehydratase,,,,,,,,GEGEGB_01300,
group_1669,,RiboL-PSP-HEPN domain-containing protein,,,,,,,HFCAGB_02949,,
group_1668,,ORF11,,,,,,AJBGEP_04813,,,
group_1667,,Ig-like domain-containing protein,,IKCLMC_02397,,,,,,,
group_1658,,hypothetical protein,,,PKJKAM_04041,,,,,,
group_1649,,Outer membrane/exported protein,ONMMKP_02144,,,,,,,,
group_1645,,Restriction endonuclease,,,,,LNHIMF_01852,,,,
group_1644,,hypothetical protein,,IKCLMC_00243,,,,,,,
group_1638,,hypothetical protein,,,,,LNHIMF_00695,,,,
group_1635,,DUF3800 domain-containing protein,ONMMKP_03181,,,,,,,,
group_1633,,RNA-directed DNA polymerase,,,,,,,,GEGEGB_02797,
group_1628,,DUF4942 domain-containing protein,ONMMKP_02295,,,,,,,,
group_1625,,Antitermination protein Q,ONMMKP_00764,,,,,,,,
group_1624,,hypothetical protein,,,,,,,,GEGEGB_04464,
aadA2,aadA2,ANT(3'')-Ia family aminoglycoside nucleotidyltransferase AadA2,,,,,LNHIMF_04711,,,,
aadA1,aadA1,ANT(3'')-Ia family aminoglycoside nucleotidyltransferase AadA1,,,,,LNHIMF_04709,,,,
group_1619,,GIY-YIG domain-containing protein,,,,,LNHIMF_03820,,,,
group_1614,,DNA-binding protein,,,,,,,,GEGEGB_04604,
group_1612,,Fimbrial protein,,,,,LNHIMF_04402,,,,
group_1608,,Recombination protein bet,,,,,,,,GEGEGB_02025,
group_1600,,hypothetical protein,,,,,,,HFCAGB_04745,,
sul3,sul3,sulfonamide-resistant dihydropteroate synthase Sul3,,,,,LNHIMF_04706,,,,
group_1599,,DUF6602 domain-containing protein,ONMMKP_02279,,,,,,,,
group_1594,,RES family NAD+ phosphorylase,,,,,,,,,BEJGEH_01998
vexB,vexB,Vi polysaccharide ABC transporter inner membrane protein VexB,,,,,,,,GEGEGB_04582,
group_1593,,Fimbrial protein,,,,,,,HFCAGB_04869,,
group_1592,,KilA-N DNA-binding domain-containing protein,,,,,LNHIMF_00654,,,,
group_1589,,Cytosine-specific DNA methyltransferase,ONMMKP_02959,,,,,,,,
group_1585,,DNA-binding protein,,,,,LNHIMF_04280,,,,
group_1583,,HTH cro/C1-type domain-containing protein,ONMMKP_02292,,,,,,,,
group_1575,,DUF3800 domain-containing protein,,,,,,,HFCAGB_02965,,
group_1574,,Antitermination protein Q,,,,,LNHIMF_00661,,,,
group_1569,,DUF3037 domain-containing protein,ONMMKP_01130,,,,,,,,
group_1567,,WG repeat-containing protein,,,,,,,,,BEJGEH_03894
group_1566,,RNA polymerase sigma-70 domain-containing protein,,,,,,,,,BEJGEH_02916
group_1565,,Phage protein,,IKCLMC_03361,,,,,,,
group_1558,,DUF4435 domain-containing protein,,,,,,AJBGEP_04691,,,
group_1553,,Fimbrial protein,,,,ODDLKH_00184,,,,,
group_1550,,DNA-binding protein,,,,,,AJBGEP_02139,,,
group_1547,,DUF945 domain-containing protein,ONMMKP_01883,,,,,,,,
group_1544,,hypothetical protein,,,,,,,,GEGEGB_02784,
group_1543,,Phage head morphogenesis domain-containing protein,,,,,,,,GEGEGB_01442,
group_1542,,Phage replication protein O N-terminal domain,,,PKJKAM_03177,,,,,,
group_1541,,Exodeoxyribonuclease 8,,IKCLMC_02352,,,,,,,
group_1532,,Zinc-regulated secreted antivirulence protein C-terminal domain-containing protein,,,,,LNHIMF_01729,,,,
group_1531,,hypothetical protein,,,,,LNHIMF_00351,,,,
group_1524,,Phage tail protein,ONMMKP_01085,,,,,,,,
group_1517,,DUF551 domain-containing protein,,,,,,AJBGEP_02153,,,
group_1516,,Lysozyme inhibitor LprI-like N-terminal domain-containing protein,,,,,LNHIMF_03775,,,,
group_1510,,hypothetical protein,,,,,LNHIMF_00302,,,,
sul1,sul1,sulfonamide-resistant dihydropteroate synthase Sul1,ONMMKP_02962,,,,,,,,
group_1507,,DUF3944 domain-containing protein,,,,,,,,,BEJGEH_01043
group_1503,,DUF502 domain-containing protein,ONMMKP_04151,,,,,,,,
group_1500,,Phosphotransferase,ONMMKP_01327,,,,,,,,
group_1498,,DUF2971 domain-containing protein,,,,,,,HFCAGB_02240,,
group_1497,,Transketolase,,IKCLMC_01441,,,,,,,
group_1492,,DUF4942 domain-containing protein,ONMMKP_01894,,,,,,,,
group_1488,,ATP-dependent Clp protease proteolytic subunit,,,,,LNHIMF_04294,,,,
group_1479,,HipA-like protein,ONMMKP_01129,,,,,,,,
group_1476,,Phage protein,,,,,LNHIMF_02794,,,,
group_1471,,DNA-binding protein,,,,,LNHIMF_00627,,,,
group_1466,,Site-specific DNA-methyltransferase (adenine-specific),,,,,,,,GEGEGB_03587,
group_1462,,Lipoprotein,ONMMKP_02978,,,,,,,,
blaTEM1,blaTEM-1,broad-spectrum class A beta-lactamase TEM-1,,,,,LNHIMF_04694,,,,
group_1457,,Replication protein,,,,,LNHIMF_00584,,,,
aac3IId,aac(3)-IId,aminoglycoside N-acetyltransferase AAC(3)-IId,ONMMKP_02953,,,,,,,,
group_1451,,Phage protein,,,,,,,,GEGEGB_00917,
group_1450,,Short chain dehydrogenase,,,,,LNHIMF_04703,,,,
group_1442,,Apea-like HEPN domain-containing protein,,,,,,,HFCAGB_02935,,
group_1439,,Phage tail protein,ONMMKP_04174,,,,,,,,
group_1437,,Bro-N domain-containing protein,ONMMKP_00737,,,,,,,,
group_1433,,hypothetical protein,,IKCLMC_03342,,,,,,,
group_1432,,UDP-3-O-(3-hydroxymyristoyl)glucosamine N-acyltransferase,,IKCLMC_02561,,,,,,,
group_1431,,Phage protein,,IKCLMC_00968,,,,,,,
group_1427,,Inner membrane protein,ONMMKP_02598,,,,,,,,
group_1424,,PTS system mannose/fructose/sorbose-specific IID component,,,,,,,,,BEJGEH_04383
group_1423,,DNA-binding protein,,,,,,,,,BEJGEH_01997
group_1422,,DNA-binding protein,,,,,,,HFCAGB_01189,,
group_1421,,Phage tail protein,,,,,,,HFCAGB_01080,,
group_1420,,hypothetical protein,,,,,,,HFCAGB_00611,,
traE,traE,IncI1 plasmid conjugative transfer protein TraE,,,,,,,,GEGEGB_04488,
group_1417,,Phage head morphogenesis domain-containing protein,,,,,,,HFCAGB_01078,,
group_1416,,Outer membrane protein,,,,,,AJBGEP_04821,,,
group_1410,,HNH nuclease domain-containing protein,ONMMKP_02299,,,,,,,,
group_1409,,G domain-containing protein,ONMMKP_01874,,,,,,,,
group_1398,,Site-specific DNA-methyltransferase (adenine-specific),,,,,,,,GEGEGB_02028,
group_1397,,hypothetical protein,,,,,,,HFCAGB_02235,,
group_1396,,Site-specific DNA-methyltransferase (adenine-specific),,,,,,,HFCAGB_02206,,
group_1390,,Phage tail protein,,,,,,,,GEGEGB_01428,
group_1384,,hypothetical protein,,,PKJKAM_02232,,,,,,
group_1383,,hypothetical protein,,IKCLMC_02074,,,,,,,
group_1378,,Cypemycin methyltransferase,,,,,,,,GEGEGB_04577,
group_1373,,hypothetical protein,ONMMKP_00773,,,,,,,,
group_1372,,Phage N-6-adenine-methyltransferase,,,,,,AJBGEP_02137,,,
group_1371,,Scaffolding protein,,,PKJKAM_03155,,,,,,
group_1359,,hypothetical protein,,,,,,,,GEGEGB_04527,
group_1358,,TIGR03749 family integrating conjugative element protein,,,,,,,,GEGEGB_04501,
group_1357,,Lipoprotein,,,,,,AJBGEP_04815,,,
group_1355,,Phage head morphogenesis domain-containing protein,,IKCLMC_02385,,,,,,,
group_1347,,DNA recombinase,,,PKJKAM_03189,,,,,,
group_1340,,Replication protein O,,,,,,AJBGEP_01256,,,
group_1334,,DUF1120 domain-containing protein,,,,,,,,,BEJGEH_03177
group_1333,,hypothetical protein,,,,,,,,GEGEGB_04526,
group_1332,,Baseplate protein J,,,,,,,,GEGEGB_03608,
group_1330,,Minor capsid protein C from bacteriophage origin,,IKCLMC_00322,,,,,,,
group_1325,,AAA+ ATPase domain-containing protein,ONMMKP_02936,,,,,,,,
group_1316,,Scaffolding protein,,,,,,,HFCAGB_00627,,
group_1313,,hypothetical protein,ONMMKP_02298,,,,,,,,
group_1309,,Plasmid transfer protein,,,,,,,,GEGEGB_04489,
group_1308,,HipA-like C-terminal domain-containing protein,,,,,,,,GEGEGB_03591,
group_1307,,Helix-turn-helix domain-containing protein,,,,,LNHIMF_00660,,,,
group_1296,,Bacteriophage lambda Replication protein O N-terminal domain-containing protein,ONMMKP_01125,,,,,,,,
group_1295,,DNA-binding protein,,,,,,,,GEGEGB_04517,
group_1293,,Transposase,,,PKJKAM_02229,,,,,,
group_1287,,Prophage protein,,,,,,,HFCAGB_00604,,
group_1281,,Tyr recombinase domain-containing protein,,,,,,,,,BEJGEH_04573
estX,estX,macrolide esterase EstX,,,,,LNHIMF_04713,,,,
group_1280,,ATP-binding protein,,IKCLMC_04131,,,,,,,
group_1275,,Phage head morphogenesis domain-containing protein,ONMMKP_00753,,,,,,,,
group_1273,,Phage major capsid protein E,,IKCLMC_00239,,,,,,,
group_1263,,hypothetical protein,,,,,,,,,BEJGEH_04597
group_1262,,DUF4424 domain-containing protein,,,,,,,,,BEJGEH_00176
group_1261,,RNA-directed DNA polymerase,,IKCLMC_02562,,,,,,,
group_1253,,hypothetical protein,,,,,,,,GEGEGB_04475,
group_1252,,RNA-directed DNA polymerase,,,,,,AJBGEP_04038,,,
group_1247,,Phage protein,,,,,,,HFCAGB_01085,,
group_1246,,hypothetical protein,,,PKJKAM_03192,,,,,,
group_1239,,Bacteriophage protein,,,,,,,,GEGEGB_01991,
group_1238,,Helix-turn-helix domain-containing protein,,,,,LNHIMF_04276,,,,
group_1237,,CMP-N-acetylneuraminate-beta-galactosamide-alpha-2 3-sialyltransferase,,,,,LNHIMF_03754,,,,
group_1231,,DUF2971 domain-containing protein,,,,,,,,,BEJGEH_01206
group_1230,,Ankyrin repeat domain-containing protein,,,,,LNHIMF_02783,,,,
group_1222,,Toll/interleukin-1 receptor domain-containing protein,,,,,LNHIMF_01606,,,,
group_1215,,Phage-like protein,,,,,,,,GEGEGB_01439,
group_1212,,Replication protein,ONMMKP_02988,,,,,,,,
group_1203,,Helix-turn-helix transcriptional regulator,,,,,,,HFCAGB_03514,,
group_1202,,Phage head morphogenesis domain-containing protein,,,,,LNHIMF_00604,,,,
group_1196,,Phage protein,,,,,,,HFCAGB_02246,,
group_1195,,Inner membrane protein,,,,,,AJBGEP_04037,,,
group_1183,,Core-binding (CB) domain-containing protein,ONMMKP_02973,,,,,,,,
group_1182,,TIGR03746 family integrating conjugative element protein,ONMMKP_02283,,,,,,,,
group_1180,,Methyltransferase,,,,,,,,,BEJGEH_04579
group_1179,,TIGR03756 family integrating conjugative element protein,,,,,,,,GEGEGB_04508,
group_1177,,hypothetical protein,,,,,LNHIMF_00576,,,,
group_1170,,DUF4424 domain-containing protein,,,,,,,,,BEJGEH_00173
group_1169,,Fructose-16-bisphosphatase,,,,,LNHIMF_03120,,,,
group_1162,,Phage conserved hypothetical protein C-terminal domain-containing protein,,,,,,,HFCAGB_02208,,
group_1161,,Terminase small subunit,,,,,,,HFCAGB_01075,,
group_1146,,TIR domain-containing protein,,,,,,,,,BEJGEH_04592
group_1145,,ATP-binding protein,,,,,LNHIMF_00361,,,,
group_1131,,Capsid scaffolding protein,,,,,,,,,BEJGEH_02672
yjbM,yjbM,GTP pyrophosphokinase yjbM,,,,,,,,,BEJGEH_01973
group_1130,,RepFIB replication protein A,,,,,,AJBGEP_04828,,,
group_1129,,DUF968 domain-containing protein,,,,,LNHIMF_04281,,,,
group_1127,ftsH,ATP-dependent zinc metalloprotease FtsH,ONMMKP_02968,,,,,,,,
group_1122,,Integrase,,,,,,,,,BEJGEH_02682
group_1120,,1-deoxy-D-xylulose-5-phosphate synthase,,IKCLMC_01442,,,,,,,
group_1112,,Fimbrial protein,,,,,LNHIMF_01234,,,,
group_1105,,Glycosyltransferase family 1 protein,ONMMKP_04741,,,,,,,,
group_1093,,Restriction endonuclease type IV Mrr domain-containing protein,,,,,,AJBGEP_04688,,,
dnaT,dnaT,DnaT DNA-binding domain-containing protein,,IKCLMC_00924,,,,,,,
group_1092,,hypothetical protein,,IKCLMC_00320,,,,,,,
group_1091,,Glycosyltransferase,ONMMKP_04742,,,,,,,,
group_1082,,Phage integrase,,,,,,,,GEGEGB_04592,
group_1078,,Phage integrase,ONMMKP_04100,,,,,,,,
group_1077,,Phage abortive infection protein,ONMMKP_04099,,,,,,,,
group_1066,,Phage portal protein,,,,,,,,,BEJGEH_02674
group_1062,,Outer membrane protein C2,,,,,,,,,BEJGEH_01503
group_1056,,Phage tail protein,,,,,,,,GEGEGB_01421,
group_1051,,Phage major capsid protein P2 family,,,,,,,,,BEJGEH_02671
group_1050,,DUF2184 domain-containing protein,,IKCLMC_00956,,,,,,,
group_1048,,HNH nuclease domain-containing protein,ONMMKP_03182,,,,,,,,
group_1044,,Bacteriophage protein,,,,,,,,GEGEGB_01979,
group_1043,,DUF2184 domain-containing protein,,,,,,,HFCAGB_01081,,
cpsD,cpsD,Tyrosine-protein kinase CpsD,,,,,,,,GEGEGB_04454,
group_1038,,CHAT domain-containing protein,,,PKJKAM_03723,,,,,,
group_1033,,Integrase,,,PKJKAM_01836,,,,,,
group_1030,,hypothetical protein,,,,,,,,,BEJGEH_04384
group_1027,,ParB/Sulfiredoxin domain-containing protein,ONMMKP_02290,,,,,,,,
group_1017,,Enoyl reductase (ER) domain-containing protein,,,,,,,,,BEJGEH_04386
tviC,tviC,Vi polysaccharide biosynthesis UDP-N-acetylglucosaminuronic acid C-4 epimerase TviC,,,,,,,,GEGEGB_04586,
group_1008,tcfD,Fimbrial protein TcfD,,,,,LNHIMF_00328,,,,
group_1005,,hypothetical protein,,,,,,,,,BEJGEH_03178
group_1004,,Integrase,,,,,,,,GEGEGB_03578,
group_1003,,Phage tail protein,,,,,,,HFCAGB_01092,,
group_997,,N-acetyltransferase,,,,,,,,,BEJGEH_02738
group_996,,Nucleoid-associated protein,,,,,,,,,BEJGEH_01972
group_992,,Serine/threonine-protein kinase,,,,,,,,GEGEGB_04757,
group_990,,Serine/threonine-protein phosphatase,,IKCLMC_03345,,,,,,,
group_981,nurA,NurA domain-containing protein,,,,,,,,GEGEGB_04561,
group_980,,WYL domain-containing protein,,,,,,,,GEGEGB_04560,
group_979,,DGQHR domain-containing protein,,,,,,,,GEGEGB_02027,
vexA,vexA,Vi polysaccharide ABC transporter protein VexA,,,,,,,,GEGEGB_04583,
stgD,stgD,Fimbrial protein StgD,,,,,,,,GEGEGB_03860,
group_970,,Protein kinase,,IKCLMC_03346,,,,,,,
group_965,,non-specific serine/threonine protein kinase,,,,,,,,GEGEGB_04756,
group_964,,DUF4158 domain-containing protein,,,PKJKAM_04025,,,,,,
group_962,tcfD,Fimbrial protein TcfD,,,,,,,,GEGEGB_02679,
group_961,,Replication initiation protein,,,,,LNHIMF_03779,,,,
group_957,,O-antigen polymerase,ONMMKP_04740,,,,,,,,
group_951,,DUF550 domain-containing protein,,,,,,,HFCAGB_00586,,
group_949,,Secreted protein,,,,,,,,,BEJGEH_02953
pilR,pilR,type II secretion system F family protein,,,,,,,,GEGEGB_04480,
group_948,,ATPase domain protein,,,,,,AJBGEP_01252,,,
dndB,dndB,DNA sulfur modification protein DndB,,,,ODDLKH_00365,,,,,
group_944,,Cytosine-specific methyltransferase,ONMMKP_03718,,,,,,,,
group_942,,DUF4431 domain-containing protein,,,,,,,,,BEJGEH_00174
group_937,,Restriction endonuclease type IV Mrr domain-containing protein,,,,,,,,,BEJGEH_04589
group_936,,ATPase AAA-type core domain-containing protein,,,,,,AJBGEP_04692,,,
group_933,,Phage coat protein,,IKCLMC_02389,,,,,,,
group_929,,Integrase,,,,,LNHIMF_04318,,,,
group_925,,DUF3696 domain-containing protein,,IKCLMC_03341,,,,,,,
group_921,,Baseplate protein J-like domain-containing protein,,,,,,,,GEGEGB_01423,
tcfD,tcfD,Fimbrial protein TcfD,ONMMKP_01856,,,,,,,,
group_912,,Sporulation initiation inhibitor protein Soj,,,,ODDLKH_01654,,,,,
group_911,,Protein kinase,,IKCLMC_03347,,,,,,,
group_906,,hypothetical protein,,,,,,,,,BEJGEH_04590
group_905,,Peptidase,,,,,,,,GEGEGB_01440,
group_903,,SIR2-like domain-containing protein,,IKCLMC_04133,,,,,,,
group_900,,Secreted protein,,,,,,,,GEGEGB_03000,
group_898,,DUF4935 domain-containing protein,ONMMKP_04135,,,,,,,,
group_892,,DUF4043 domain-containing protein,,,,,,,,GEGEGB_03098,
group_891,,Cytosine-specific methyltransferase,,,PKJKAM_02233,,,,,,
group_880,,DUF4431 domain-containing protein,,,,,,,,,BEJGEH_00177
group_879,,hypothetical protein,,,,,,,,GEGEGB_01563,
exoZ,exoZ,Exopolysaccharide production protein ExoZ,,,,,LNHIMF_02148,,,,
group_874,,Peptidase S74 domain-containing protein,,,,,LNHIMF_00639,,,,
group_870,,Protein NO VEIN C-terminal domain-containing protein,ONMMKP_02949,,,,,,,,
group_869,,Transposase IS4 family,ONMMKP_02948,,,,,,,,
group_867,,hypothetical protein,,,,,,,,GEGEGB_02548,
group_855,,DUF4431 domain-containing protein,,,,,,,,,BEJGEH_03181
group_854,,Bacteriophage protein,,,,,,,,GEGEGB_01985,
group_851,,Restriction endonuclease subunit S,,,,,,,,,BEJGEH_04595
group_850,,DNA (cytosine-5-)-methyltransferase,,IKCLMC_03339,,,,,,,
group_848,,PD-(D/E)XK endonuclease-like domain-containing protein,ONMMKP_03722,,,,,,,,
group_838,,SIR2-like domain-containing protein,ONMMKP_00492,,,,,,,,
group_837,,Shufflon-specific DNA recombinase,,,,,,,,GEGEGB_04486,
group_836,,MFS transporter,,,,,,,,GEGEGB_04144,
group_835,,Putative alcohol dehydrogenase,,,,,LNHIMF_03716,,,,
group_832,,Phage protein D,,,,,,,,GEGEGB_01426,
group_827,,GmrSD restriction endonucleases N-terminal domain-containing protein,,,,,,,HFCAGB_02950,,
group_823,,PPM-type phosphatase domain-containing protein,,,,,,,,GEGEGB_04758,
group_819,,cysteine-S-conjugate beta-lyase,,,,,,,,GEGEGB_04148,
group_818,,HTH cro/C1-type domain-containing protein,,,,,,,,GEGEGB_01455,
group_808,,Fimbrial protein,,,,,,,,GEGEGB_00195,
group_807,,Wzy,,,,,LNHIMF_02225,,,,
group_797,,Integrase,,,,,LNHIMF_02201,,,,
group_790,,hypothetical protein,,,,,,,,,BEJGEH_02588
group_789,,Integrase,,,,,LNHIMF_00641,,,,
group_788,,Integrase,,,,,LNHIMF_00350,,,,
group_771,,Baseplate protein J-like domain-containing protein,,,,,,,,GEGEGB_01973,
group_769,,Glycosyltransferase,ONMMKP_04743,,,,,,,,
group_768,,Tyr recombinase domain-containing protein,,IKCLMC_03358,,,,,,,
group_754,,Type II restriction enzyme EcoRII,,,,,LNHIMF_04558,,,,
group_752,,Integrase,ONMMKP_00798,,,,,,,,
group_747,,Capsid protein,,,,,LNHIMF_04295,,,,
group_746,,Cytoplasmic protein,,,,ODDLKH_01663,,,,,
group_745,,hypothetical protein,,,PKJKAM_04032,,,,,,
xerC,xerC,Tyrosine recombinase XerC,ONMMKP_02989,,,,,,,,
tniQ,tniQ,TniQ,ONMMKP_02937,,,,,,,,
group_739,,Transposase,ONMMKP_01082,,,,,,,,
group_734,,Baseplate protein J-like domain-containing protein,,,,,,,HFCAGB_01095,,
group_730,,Fimbrial protein,,,,,,,,,BEJGEH_03792
group_728,,Core-binding (CB) domain-containing protein,,,,,LNHIMF_02777,,,,
group_724,,DUF2213 domain-containing protein,,,,,,,,GEGEGB_01993,
group_722,,hypothetical protein,,,,,,,,,BEJGEH_01040
group_717,,MobA/VirD2-like nuclease domain-containing protein,,,,,LNHIMF_02785,,,,
group_714,,Baseplate protein J-like domain-containing protein,,IKCLMC_00971,,,,,,,
pilL,pilL,type IV pilin component protein pilL,,,,,,,,GEGEGB_04473,
ybdN,ybdN,Uncharacterized protein YbdN,,,,,,,,GEGEGB_04512,
group_702,,Coat protein,,,PKJKAM_03154,,,,,,
group_695,,DUF4102 domain-containing protein,,,,,,,,GEGEGB_04607,
cmlA1,cmlA1,chloramphenicol efflux MFS transporter CmlA1,,,,,LNHIMF_04710,,,,
group_688,,Integrase,,,,,,,,,BEJGEH_04553
group_687,,Integrase,,,,,LNHIMF_03770,,,,
group_684,,Integrase,,,,,,,,GEGEGB_04755,
uidC,uidC,Membrane-associated protein UidC,,,,,LNHIMF_03176,,,,
group_683,,Integrase,,,,,LNHIMF_04689,,,,
group_682,,Fimbrial protein,,,,,LNHIMF_00190,,,,
group_678,umuC,Protein UmuC,ONMMKP_00720,,,,,,,,
group_675,,Adenylyl/Guanylyl and SMODS C-terminal sensor domain-containing protein,,,,,,,HFCAGB_02254,,
group_674,,Large terminase,,,,,,,HFCAGB_01076,,
umuC,umuC,Translesion error-prone DNA polymerase V subunit UmuC,,,,,,,,GEGEGB_04530,
group_672,,Mannitol-1-phosphate 5-dehydrogenase,,,,,LNHIMF_03121,,,,
group_671,,Reverse transcriptase domain-containing protein,,,,,LNHIMF_02795,,,,
tviB,tviB,Vi polysaccharide biosynthesis UDP-N-acetylglucosamine C-6 dehydrogenase TviB,,,,,,,,GEGEGB_04587,
group_666,,Phage abortive infection protein,,,,,,,,,BEJGEH_01979
group_665,,SH3 domain-containing protein,,,,,,,,GEGEGB_04606,
pilO2,pilO2,type 4b pilus protein PilO2,,,,,,,,GEGEGB_04477,
group_659,,Tn3 transposase DDE domain-containing protein,,,,,LNHIMF_04725,,,,
group_655,,Arsenical pump membrane protein,,,,,LNHIMF_00700,,,,
group_649,,Transporter major facilitator family protein,,,,,,,,GEGEGB_04149,
group_648,,Major capsid protein,,,,,,,HFCAGB_00628,,
group_637,,Phage tail fiber repeat-containing domain protein,ONMMKP_00722,,,,,,,,
vexD,vexD,Vi polysaccharide ABC transporter inner membrane protein VexD,,,,,,,,GEGEGB_04580,
group_631,,hypothetical protein,,,,,,,,GEGEGB_00932,
group_630,,phage DNA ejection protein,,,,,,,HFCAGB_00635,,
group_629,,Phage portal protein,,,,,LNHIMF_04293,,,,
pilV,pilV,shufflon system plasmid conjugative transfer pilus tip adhesin PilV,,,,,,,,GEGEGB_04484,
group_622,,Tyr recombinase domain-containing protein,,IKCLMC_03357,,,,,,,
group_616,,hypothetical protein,,,,,,,,,BEJGEH_04574
group_615,,hypothetical protein,,,,,,,,GEGEGB_03102,
group_606,,DUF6575 domain-containing protein,,,,,LNHIMF_03772,,,,
dptG,dptG,DNA phosphorothioation-dependent restriction protein DptG,,,,ODDLKH_00359,,,,,
hipA,hipA,Serine/threonine-protein kinase HipA,,,,,,,,,BEJGEH_04587
yjjJ,yjjJ,Toxin YjjJ,,,,,,,HFCAGB_04800,,
group_597,,D-glucarate permease,,IKCLMC_01439,,,,,,,
group_586,,Helix-turn-helix domain-containing protein,,,,,,,,GEGEGB_04463,
group_585,,hypothetical protein,,,,,LNHIMF_02778,,,,
group_578,,Phage protein,,IKCLMC_00954,,,,,,,
group_577,,DNA transfer protein,,,PKJKAM_03147,,,,,,
group_557,,Replicative DNA helicase,,,,,,,,GEGEGB_04455,
cpsG,cpsG,colanic acid biosynthesis phosphomannomutase CpsG,ONMMKP_04745,,,,,,,,
group_547,,Glucuronide carrier protein,,,,,LNHIMF_03175,,,,
group_543,,replicative DNA helicase,,,PKJKAM_03176,,,,,,
group_539,,PTS system mannitol-specific EIICB component,,,,,LNHIMF_03122,,,,
group_534,,DUF2213 domain-containing protein,,IKCLMC_02387,,,,,,,
nurA,nurA,NurA domain-containing protein,,,,,,,,,BEJGEH_04581
group_531,,Restriction endonuclease subunit S,,,,,,,,GEGEGB_04819,
spnT,spnT,SpnT protein,,,,,,,,GEGEGB_00935,
group_522,,DUF3383 domain-containing protein,,,,,,,HFCAGB_01086,,
group_521,,Tn3 transposase DDE domain-containing protein,,,,,LNHIMF_04718,,,,
group_520,,Type I restriction modification DNA specificity domain-containing protein,,IKCLMC_03310,,,,,,,
group_510,,Phage terminase large subunit N-terminal domain-containing protein,,,,,,,,GEGEGB_01996,
group_501,,hypothetical protein,ONMMKP_01872,,,,,,,,
group_497,,Phage terminase large subunit N-terminal domain-containing protein,,,PKJKAM_03157,,,,,,
group_494,,Phage stabilisation protein,,,,,,,HFCAGB_00631,,
group_493,,Phage stabilisation protein,,,PKJKAM_03151,,,,,,
group_492,,mannose-1-phosphate guanylyltransferase,ONMMKP_04744,,,,,,,,
group_485,,Type II methyltransferase M-EcoRII,,,,,LNHIMF_04557,,,,
traH,traH,Conjugal transfer protein TraH,ONMMKP_02979,,,,,,,,
group_480,,hypothetical protein,,,,,,,,GEGEGB_01434,
group_476,,Exported protein,,,,,,,,GEGEGB_04509,
group_475,,DUF1073 domain-containing protein,,,,,,,HFCAGB_01077,,
group_465,,Bacterial shufflon protein N-terminal domain-containing protein,,,,,,,,,BEJGEH_01975
group_464,,hypothetical protein,,,,,,,,GEGEGB_00930,
group_459,,DNA 5'-3' helicase,ONMMKP_00772,,,,,,,,
apeA,apeA,ApeA N-terminal domain-containing protein,,,,,,,,,BEJGEH_02722
group_451,,hypothetical protein,,,,,,,HFCAGB_04021,,
group_448,,Inner membrane protein,ONMMKP_01596,,,,,,,,
group_447,gtrB,Uncharacterized protein in gtrB 5'region,,,,,,,HFCAGB_00642,,
gtrB,gtrB,Uncharacterized protein in gtrB 5'region,,,,,LNHIMF_00707,,,,
group_443,,DUF1073 domain-containing protein,,,,,,,,GEGEGB_01995,
group_442,,DUF1073 domain-containing protein,,IKCLMC_02384,,,,,,,
group_439,,AAA+ ATPase domain-containing protein,,,,,,,,,BEJGEH_02651
group_437,,Terminase,,IKCLMC_02383,,,,,,,
xylE,xylE,D-xylose transporter XylE,,,,,LNHIMF_04243,,,,
group_428,,TIGR03752 family integrating conjugative element protein,,,,,,,,GEGEGB_04502,
group_424,,DUF3383 domain-containing protein,,IKCLMC_00962,,,,,,,
group_417,,site-specific DNA-methyltransferase (adenine-specific),,,,,,,,,BEJGEH_04594
group_415,,Mu-like prophage FluMu protein gp29,,,,,,,,GEGEGB_01443,
group_410,,site-specific DNA-methyltransferase (adenine-specific),,,,,,,,,BEJGEH_04593
group_409,,Terminase large subunit,,,,,,,HFCAGB_00625,,
group_406,traG,TraG N-terminal Proteobacteria domain-containing protein,,,,,,,,GEGEGB_04511,
group_400,,DNA 3'-5' helicase,,,,,,,,GEGEGB_04590,
group_399,,Putative tail fiber protein gp53-like C-terminal domain-containing protein,,,,,,,,GEGEGB_01971,
group_398,,DNA strand transferase,,,,,,,,GEGEGB_00926,
group_396,,Tail fiber protein,,,,,,,,GEGEGB_03610,
group_389,,hypothetical protein,,IKCLMC_00952,,,,,,,
group_385,,O-antigen flippase,ONMMKP_04746,,,,,,,,
group_384,,DUF3987 domain-containing protein,ONMMKP_01869,,,,,,,,
group_379,,Phage portal protein,ONMMKP_01348,,,,,,,,
group_377,,Phage portal protein,,,,,LNHIMF_00674,,,,
group_355,,Nudix hydrolase domain-containing protein,,,,,,,HFCAGB_01079,,
group_352,,Inner membrane protein,ONMMKP_01591,,,,,,,,
group_351,,Relaxase,,,,,,,,GEGEGB_04591,
group_346,,PTS system maltose and glucose-specific transporter subunit IICB,,,,,LNHIMF_01515,,,,
group_344,,Mu-like prophage FluMu protein gp28,,,,,,,,GEGEGB_01444,
group_339,,hypothetical protein,,,,,,,HFCAGB_02245,,
terL,terL,TerL protein,,IKCLMC_00951,,,,,,,
group_331,,Phosphoadenosine phosphosulphate reductase domain-containing protein,,,,ODDLKH_00364,,,,,
traC,traC,DNA primase TraC,,,,,,,,GEGEGB_04771,
group_325,merA,mercury(II) reductase,ONMMKP_02941,,,,,,,,
dptF,dptF,DNA phosphorothioation-dependent restriction protein DptF,,,,ODDLKH_00358,,,,,
group_318,,Phage tail protein,,,,ODDLKH_00058,,,,,
group_316,,DNA 3'-5' helicase,ONMMKP_02971,,,,,,,,
group_313,,KAP NTPase domain-containing protein,,,,,,,,,BEJGEH_02736
group_308,,ATP-binding protein,,,,,,,,GEGEGB_04597,
group_304,,Integrase,ONMMKP_02946,,,,,,,,
group_302,,Integrase,ONMMKP_02935,,,,,,,,
merA,merA,mercury(II) reductase,,,,,LNHIMF_04693,,,,
group_293,,Amidohydrolase,,,,,,,,,BEJGEH_03180
group_292,,Abortive phage infection protein C-terminal domain-containing protein,ONMMKP_04166,,,,,,,,
group_290,,Terminase,ONMMKP_01350,,,,,,,,
pilQ,pilQ,Flp pilus assembly complex ATPase component TadA,,,,,,,,GEGEGB_04479,
tviE,tviE,Vi polysaccharide biosynthesis glycosyltransferase TviE,,,,,,,,GEGEGB_04584,
group_276,,Terminase large subunit,,,,,LNHIMF_04292,,,,
group_274,,Type I restriction modification DNA specificity domain-containing protein,,,PKJKAM_02198,,,,,,
group_268,,Restriction endonuclease subunit S,ONMMKP_02245,,,,,,,,
group_263,,Integrase,,,,,,,,GEGEGB_01454,
group_259,,Phage tail protein,ONMMKP_04171,,,,,,,,
group_257,,Uncharacterized conserved protein,,,,,,,,,BEJGEH_02673
group_255,,DUF262 domain-containing protein,,,,ODDLKH_00361,,,,,
group_251,,Prepilin-type N-terminal cleavage/methylation domain-containing protein,,,,,,,HFCAGB_02236,,
parB,parB,Chromosome partitioning protein ParB,,,,,,,,GEGEGB_04456,
group_245,,Beta-glucuronidase,,,,,LNHIMF_03174,,,,
group_239,,Hsp90xo protein,,,,,,,,,BEJGEH_04092
group_231,,DNA-binding protein,ONMMKP_01871,,,,,,,,
group_227,,Conjugative coupling factor TraD PFGI-1 class,ONMMKP_02277,,,,,,,,
group_223,,Inner membrane protein,,,,,,,,,BEJGEH_02753
group_222,,DNA-binding protein,,IKCLMC_03356,,,,,,,
group_221,,Recombinase family protein,ONMMKP_01368,,,,,,,,
group_220,,DNA primase,,,,,LNHIMF_00586,,,,
group_213,,DUF262 domain-containing protein,,IKCLMC_03340,,,,,,,
group_211,,DNA transfer protein,,,,,,,HFCAGB_00636,,
group_209,,Putative long polar fimbriae,,,,,,,,GEGEGB_03859,
group_208,,Phage tail tape measure protein domain-containing protein,,,,,LNHIMF_04305,,,,
group_207,,AAA family ATPase,ONMMKP_02970,,,,,,,,
group_204,,lytic transglycosylase domain-containing protein,,,PKJKAM_03146,,,,,,
group_199,,HK97 family phage prohead protease,ONMMKP_01347,,,,,,,,
group_196,,site-specific DNA-methyltransferase (adenine-specific),,,,,,,,GEGEGB_04525,
group_195,,Lytic transglycosylase,,,,,,,,GEGEGB_01982,
group_190,,Tetratricopeptide repeat protein,,,,,,,,,BEJGEH_01999
vexE,vexE,Vi polysaccharide transport protein VexE,,,,,,,,GEGEGB_04579,
group_189,,site-specific DNA-methyltransferase (adenine-specific),,,,,,,,GEGEGB_00934,
group_182,,DNA topoisomerase,,,,,,,,GEGEGB_04465,
group_180,,Tail spike protein,,,,,,,HFCAGB_00641,,
group_179,,Rad50/SbcC-type AAA domain-containing protein,,,,ODDLKH_00363,,,,,
group_178,,hypothetical protein,,,,,,,,,BEJGEH_04580
group_177,,Phage tail protein,,,,,,,,,BEJGEH_02656
group_176,,Reverse transcriptase domain-containing protein,,,,,LNHIMF_02796,,,,
group_166,,NERD domain-containing protein,ONMMKP_02273,,,,,,,,
group_163,,Lytic transglycosylase domain-containing protein,,,,,,,HFCAGB_01089,,
group_158,,ATP-dependent Clp protease proteolytic subunit,,,,,LNHIMF_00675,,,,
brxL,brxL,Lon-like protease BrxL,,,,,,AJBGEP_04689,,,
traM,traM,TraD/TraG TraM recognition site domain-containing protein,,,,,,,,GEGEGB_04494,
group_152,,RHS repeat protein,,IKCLMC_02070,,,,,,,
group_149,,Terminase large subunit,,,,,LNHIMF_00672,,,,
group_144,,DUF927 domain-containing protein,,,,,LNHIMF_00658,,,,
group_135,,peptidoglycan lytic exotransglycosylase,,IKCLMC_00965,,,,,,,
group_132,,Portal protein,,,,,,,HFCAGB_00626,,
group_130,,Tape measure protein N-terminal domain-containing protein,ONMMKP_00733,,,,,,,,
group_128,,Portal protein,,,PKJKAM_03156,,,,,,
group_125,,Phage tail tape measure protein,ONMMKP_01340,,,,,,,,
group_115,,hypothetical protein,,,,,,,,GEGEGB_04596,
group_110,,Tetratricopeptide repeat protein,,,,,,,,,BEJGEH_04093
group_106,,DNA primase,,,,,,,,GEGEGB_02796,
group_105,,DNA primase,,IKCLMC_04120,,,,,,,
secA,secA,Preprotein translocase subunit SecA,,,,,,,,,BEJGEH_02536
pefC,pefC,outer membrane usher protein PefC,,,,,,AJBGEP_04824,,,
group_96,,Bacteriophage replication gene A protein (GPA),,,,,,,,GEGEGB_03588,
sspH1,sspH1,E3 ubiquitin-protein ligase SspH1,,,,,,,,,BEJGEH_01196
group_92,,Conjugative transfer ATPase,,,,,,,,GEGEGB_04505,
group_90,,Exodeoxyribonuclease VIII,,,,ODDLKH_01650,,,,,
group_86,,S8 family peptidase,,,,,LNHIMF_00362,,,,
group_82,,Phage tail tape-measure protein,,,,,,,,GEGEGB_01429,
tviD,tviD,Vi polysaccharide biosynthesis protein TviD,,,,,,,,GEGEGB_04585,
group_79,,Phage tail fiber protein,,IKCLMC_02402,,,,,,,
group_76,,Bacteriophage tail tape measure N-terminal domain-containing protein,,IKCLMC_02399,,,,,,,
group_75,,Tail fiber domain-containing protein,ONMMKP_01344,,,,,,,,
group_72,,hypothetical protein,,,,,,,,GEGEGB_04787,
s025,s025,S8 family peptidase,ONMMKP_02969,,,,,,,,
group_67,,Fimbrial biogenesis outer membrane usher protein,,,,,LNHIMF_01235,,,,
htrE,htrE,Outer membrane usher protein HtrE,,,,,,,,,BEJGEH_03796
group_62,,hypothetical protein,,,,,,AJBGEP_04690,,,
group_58,,Phage tail tape measure protein domain-containing protein,,,,,,,,,BEJGEH_04565
group_56,,Toprim domain protein,,,,,,,,,BEJGEH_02676
group_54,adhE,Bifunctional aldehyde-alcohol dehydrogenase AdhE,,IKCLMC_01443,,,,,,,
group_46,,Sigma-54 factor interaction domain-containing protein,,,,,,,,,BEJGEH_04388
traN,traN,Conjugal transfer mating pair stabilization protein TraN,ONMMKP_02986,,,,,,,,
group_41,,Lantibiotic biosynthesis dehydratase-like protein,ONMMKP_03719,,,,,,,,
group_40,,Phage tail tape measure protein domain-containing protein,,,,,,,,GEGEGB_04535,
group_39,,hypothetical protein,ONMMKP_03720,,,,,,,,
group_29,,Type III restriction endonuclease subunit R,,,,,,,,GEGEGB_00933,
group_28,,Tn3-like element TnAs3 family transposase,,,,,LNHIMF_04699,,,,
group_26,,Type I restriction enzyme endonuclease subunit,,,,,,,,,BEJGEH_04596
group_21,,tape measure protein,,,,,LNHIMF_00631,,,,
group_20,,Fibronectin type-III domain-containing protein,ONMMKP_01336,,,,,,,,
yjiT,yjiT,Protein YjiT,,,,,,,,GEGEGB_04788,
traG,traG,TraG N-terminal Proteobacteria domain-containing protein,ONMMKP_02980,,,,,,,,
brxC,brxC,BREX system P-loop protein BrxC,,,,,,AJBGEP_04694,,,
brxX,brxX,Adenine-specific methyltransferase BrxX,,,,,,AJBGEP_04693,,,
group_10,,Restriction endonuclease type IV Mrr domain-containing protein,,,,,LNHIMF_02781,,,,
group_9,,Helicase related protein,,,,,,,,GEGEGB_04786,
group_8,,ATP-binding protein,,,,,,,,,BEJGEH_02000
group_2,,Type IV secretion protein Rhs,,,PKJKAM_03476,,,,,,
dptH,dptH,DNA phosphorothioation-dependent restriction protein DptH,,,,ODDLKH_00360,,,,,
group_1,,Helicase ATP-binding domain-containing protein,ONMMKP_03721,,,,,,,,
group_0,,Autotransporter outer membrane beta-barrel domain-containing protein,,,,,,,,,BEJGEH_02339
