group_391.aln,0.015106150392464312
assT.aln,0.01073413711488062
gatY.aln,0.1877882532263104
yiaH~~~wecH.aln,0.11135640546775119
aggC.aln,0.013517591192873159
group_381.aln,0.01127738936242341
slrP.aln,0.13376196228762052
hybA.aln,0.00928833928075285
hycA.aln,0.008991076417424592
group_1090.aln,0.020658959472878265
yhhM.aln,0.02368449496271619
lpoB.aln,0.012883712072406461
group_2282.aln,0.01681588270206532
scsB.aln,0.10696117324315053
trmN.aln,0.012619931764987153
mdtB.aln,0.014968722317290843
group_3798.aln,0.019203945396777836
group_816.aln,0.01508960169298798
ygeA.aln,0.01560618785619267
dmsA.aln,0.0144415976259589
group_3854.aln,0.11032176569258642
group_806.aln,0.030905677897886237
group_1029.aln,0.010036488603370242
group_4777.aln,0.042990022178317835
group_1039.aln,0.009172456935701146
group_773.aln,0.01237049161238404
rihC.aln,0.05951926127829587
group_3721.aln,0.01352408263177831
yoaI.aln,0.06711074178074433
group_3164.aln,0.00415276304575038
group_1704.aln,0.014690866183457168
group_68.aln,0.015986669675605854
group_3995.aln,0.10614155892273001
arnE.aln,0.017117448319724376
ftsH.aln,0.021066058706087777
group_1714.aln,0.016848622976766793
group_126.aln,0.015387443022393307
group_328.aln,0.014124976409990738
yafS.aln,0.011494409136071727
ttrR.aln,0.010898757764845763
group_2708.aln,0.0009155698053622886
group_338.aln,0.010602603255185208
eutL.aln,0.022460006859943198
group_240.aln,0.027304741248246566
group_4254.aln,0.03323334466332572
group_405.aln,0.007652066933562157
yjbJ.aln,0.003275418740310159
tisB.aln,0.0
hpaA.aln,0.007581042145642097
group_4401.aln,0.024792745759102997
group_1227.aln,0.011681219608981535
ybjI.aln,0.020922617669981915
group_467.aln,0.019871104215478098
group_4473.aln,0.03427385048357709
group_1255.aln,0.021283600892623107
hisH.aln,0.012925530129150386
group_1245.aln,0.016455822657422414
group_3425.aln,0.012091347840882859
yjeH.aln,0.01150650237383858
group_1578.aln,0.010304740629769299
group_232.aln,0.02663518302623237
group_4226.aln,0.027232571037414114
yhhX.aln,0.043129508775627184
group_1568.aln,0.015420705558310455
group_2602.aln,0.022317227086519866
rlmB.aln,0.016079106971432368
group_4038.aln,0.014735762613715639
exbB.aln,0.0116470692058767
group_2574.aln,0.017544247979646408
group_1766.aln,0.006275452501730253
uhpA.aln,0.016784098354020817
group_4140.aln,0.10528603498553979
group_3106.aln,0.0064923515510352785
group_154.aln,0.011204487620110448
group_2564.aln,0.013812500497708869
cspD.aln,0.0031426314940813686
group_4028.aln,0.016509612331383497
ccmF.aln,0.013486176741643886
group_1776.aln,0.014635251583594262
group_4150.aln,0.12249418971377946
cutA.aln,0.0035269264101830985
ydcR.aln,0.01396127022573086
group_2321.aln,0.022732129031089607
mzrA.aln,0.006358918413805269
group_1133.aln,0.008532984029456556
group_701.aln,0.016619147960598525
group_2331.aln,0.010725909442530343
group_669.aln,0.009442472951157884
yeeZ.aln,0.012206962851071314
group_711.aln,0.016381117184511892
group_4705.aln,0.049405579462905386
group_3826.aln,0.039153363772918656
yfeK.aln,0.04195805577556545
group_3836.aln,0.016754035127321407
group_864.aln,0.012974859367270976
yiiG.aln,0.013673908968970461
dsbE.aln,0.02478161055982938
csgC.aln,0.005333824095459203
yihG.aln,0.014394634995584176
greA.aln,0.00995942700195221
group_1394.aln,0.009917538103448637
ycfH.aln,0.007994373521701677
group_2186.aln,0.005710775883534445
group_2196.aln,0.008816172221348749
yddE.aln,0.011892113222826189
ydeE.aln,0.102918837932751
sifA.aln,0.029411593827613706
fhuE.aln,0.10716876901400404
group_4303.aln,0.028657622481253798
group_317.aln,0.011132606968732132
siiE.aln,0.11528064663148731
group_3355.aln,0.01079418646957266
group_307.aln,0.004403088104592544
caiE.aln,0.014422796121655632
group_4313.aln,0.0569263423494556
group_1535.aln,0.007712609826160788
group_1370.aln,0.014431464156756967
group_542.aln,0.015102540410884066
rluA.aln,0.015858808938373898
group_1208.aln,0.011892402719315995
ldcC.aln,0.018507265277879645
group_552.aln,0.01674642528463877
pdeK.aln,0.014322713055548306
ygaY.aln,0.010669194698689594
sgcA.aln,0.017142007168844994
group_1360.aln,0.014067313858213026
group_2172.aln,0.0062230752640260985
group_1218.aln,0.0175608753768573
group_1016.aln,0.012959667110026517
group_4630.aln,0.03518963682856993
prpR.aln,0.10800446139529697
invA.aln,0.009291741566285226
group_1006.aln,0.014931323911233115
yahB.aln,0.05986656436507639
group_634.aln,0.007599306635878768
group_4758.aln,0.09745288659048075
group_1643.aln,0.013989314266523195
mreC.aln,0.009624034065548487
group_4065.aln,0.1267441297013425
group_2451.aln,0.004530286959000414
fimY.aln,0.028055202519844256
group_109.aln,0.014549843437714175
group_890.aln,0.019765707893882423
group_57.aln,0.019880258345321686
group_1653.aln,0.019502504344197424
group_4075.aln,0.007684979250337483
mscK.aln,0.013622482375042527
group_47.aln,0.015127240153315478
group_119.aln,0.013588215414067042
zntR.aln,0.01530146921319558
fluC.aln,0.013943799512933133
group_1936.aln,0.007385550732626892
golB.aln,0.012274824400493258
sinR.aln,0.009679409271829462
group_1926.aln,0.009792475273533665
group_4699.aln,0.022546138629056363
tmcA.aln,0.11866015425950441
bioD.aln,0.011924935618234364
group_3903.aln,0.037842017888645295
yggN.aln,0.014851869372760144
group_2590.aln,0.004187096290160433
ybhS.aln,0.012671971667969989
fliM.aln,0.009474860017362948
ybiS.aln,0.01218332101188652
group_2580.aln,0.009882541304517996
group_3913.aln,0.029684160040571315
yohO.aln,0.0032299268133614066
xapR.aln,0.013689833914561569
group_839.aln,0.007267365185895237
group_1792.aln,0.012085241097519005
rcsD.aln,0.009657129327788876
nadR.aln,0.01563197352368907
ymiA.aln,0.008112374321930975
ssaQ.aln,0.02605926714791982
group_3294.aln,0.020281093047040833
group_483.aln,0.01889553718274995
tatE.aln,0.005964057723798911
group_2842.aln,0.008312113875719429
sapC.aln,0.008896375284825656
group_4497.aln,0.11276435897971636
ybbO.aln,0.012546923921512014
group_2958.aln,0.004901649260796138
phnT.aln,0.01262728367671022
ydgJ.aln,0.009642653714576501
group_2694.aln,0.0
modF.aln,0.016420676952172163
mcbR.aln,0.006812358470655987
pduN.aln,0.009840022006983182
yaiW.aln,0.014272216153868249
group_3180.aln,0.0
yciY.aln,0.0030442885003313476
group_923.aln,0.017386919904217292
group_3971.aln,0.005007709910882821
group_3809.aln,0.0230095841093427
group_3190.aln,0.010713881645130322
group_1954.aln,0.01249094496125973
yadI.aln,0.0611974058595422
fklB.aln,0.011898900749653697
group_1944.aln,0.010557941667589797
osmE.aln,0.010735112740182498
group_1621.aln,0.016795068056922585
group_4007.aln,0.01615834877544816
group_3041.aln,0.003082590508423461
group_1759.aln,0.029077094057622047
group_35.aln,0.010886032388423745
yodD.aln,0.0030599306652897536
group_1631.aln,0.021868319395943827
group_25.aln,0.013513631759759564
group_1074.aln,0.015537764720360198
group_646.aln,0.021589119464386068
group_1895.aln,0.005288688566557261
ssaD.aln,0.01324742483142514
nrfEF.aln,0.09343421933624864
group_656.aln,0.012403260460207788
group_1064.aln,0.004056618860109162
nemR.aln,0.04800619598425546
group_1885.aln,0.011200612907763249
group_1312.aln,0.009296508550447662
group_458.aln,0.013770271836587362
group_2899.aln,0.009780339135785942
group_4524.aln,0.11385167488292144
ybhF.aln,0.013686119744809816
group_2068.aln,0.010643970361527463
group_2110.aln,0.011787125333542621
group_375.aln,0.009455866673776372
group_4361.aln,0.23269464469878517
group_2755.aln,0.015374520832029897
group_365.aln,0.010768834099985396
yejK.aln,0.019457700407454377
group_506.aln,0.015098329133813987
tolB.aln,0.012574481773293745
group_516.aln,0.025939159237726134
clpS.aln,0.010086628387019245
group_4502.aln,0.028951149986897087
group_1324.aln,0.010991582078738285
group_2136.aln,0.022384623534472865
yfbU.aln,0.008413292767553338
tomB.aln,0.0046569972659003525
group_4347.aln,0.039846088834151173
group_353.aln,0.011144325101507762
group_1419.aln,0.009617251482748607
group_343.aln,0.012035749062283085
group_1571.aln,0.011507909974091129
zapD.aln,0.011248698738994594
group_2763.aln,0.011320466652431128
engB.aln,0.010132415003610847
group_1607.aln,0.0073338436796445364
group_2415.aln,0.004827742416715104
group_13.aln,0.05114622546676039
group_4159.aln,0.03271456126925524
ygiC.aln,0.010769920746314443
sirB2.aln,0.0062610888997467265
group_1617.aln,0.009821830162177988
group_3896.aln,0.016035283083991814
group_4149.aln,0.08688574372120579
group_2405.aln,0.009526636099745583
group_660.aln,0.014806700290635801
group_1052.aln,0.016288378907144987
group_4674.aln,0.039776902658137506
sscB.aln,0.004487260098903921
group_718.aln,0.016066662440949373
sdaC.aln,0.007538081978130446
livK.aln,0.011823845048828635
yheO.aln,0.008160790151539135
group_670.aln,0.009996447090240149
group_708.aln,0.01710389888838211
group_915.aln,0.012884046799810256
group_3947.aln,0.022204332211195908
lptG.aln,0.011218467508178107
mdoG.aln,0.007827372540020607
napF.aln,0.0245412033730407
mlaF.aln,0.0065107859650369885
group_1972.aln,0.006850090294818205
group_2391.aln,0.010450603192108398
tyrR.aln,0.011531272908871622
eutP.aln,0.005336559897342907
ridA.aln,0.015362468308566484
dsbL.aln,0.011507262150266106
lsrA.aln,0.007264690715091601
yieP.aln,0.008822753471320279
yecD.aln,0.013449223499612003
group_4296.aln,0.013785387592691942
group_282.aln,0.0065685502244272895
group_388.aln,0.013693680348062677
yedF.aln,0.024065805428757966
group_2085.aln,0.006889240614942794
group_1297.aln,0.004127362899202956
hycH.aln,0.010890220725220529
yjiJ.aln,0.01639975100552045
tusD.aln,0.01421758396501845
group_1089.aln,0.021617818316842015
mdtK.aln,0.01271625583904715
ppiC.aln,0.013955574127373197
cedA.aln,0.003615383929632454
group_3925.aln,0.03999099355370805
group_4182.aln,0.10421803275292263
group_967.aln,0.01373556170926221
group_3935.aln,0.008010945236893047
yojI.aln,0.013176069257080397
group_4616.aln,0.039309852794195084
group_602.aln,0.016503978027348543
group_2222.aln,0.010022856774286238
yieE.aln,0.006974716466196633
group_612.aln,0.015951653699790798
nhaP2.aln,0.01702923991311649
group_1020.aln,0.013629826003985634
yajD.aln,0.014498079627405349
group_4606.aln,0.027944074013733795
group_2232.aln,0.014996596047542108
yidE.aln,0.014988602882842378
group_1158.aln,0.017237517104031732
group_1665.aln,0.018842889931624047
aaeX.aln,0.00742672776076225
ftsA.aln,0.006726936952534508
group_71.aln,0.010997612134015946
ynfH.aln,0.033427062759618646
group_3015.aln,0.007155635601269591
group_61.aln,0.010090301145251975
tapT.aln,0.015331838000226649
group_2669.aln,0.017150249674223586
eutE.aln,0.029535568341719123
group_249.aln,0.011053707727016969
group_4335.aln,0.15895744030058853
sadB.aln,0.030621681374450333
group_1513.aln,0.01675172669835579
mnmC.aln,0.01798528427672823
group_3373.aln,0.0017617782618334946
group_321.aln,0.013937599487920777
group_2679.aln,0.0070863639636672285
wcaF.aln,0.012660769105768452
group_2701.aln,0.015828551114107366
degP.aln,0.011605362502913785
group_564.aln,0.008825020579547083
group_4570.aln,0.016832925178614025
group_2144.aln,0.008110422196155261
group_574.aln,0.006495313953643835
group_4418.aln,0.049678397718590006
dpiA.aln,0.026862627596352752
group_580.aln,0.014235537095121108
galS.aln,0.015603663856011574
group_590.aln,0.013233294107811273
pduG.aln,0.028759553318454728
group_3978.aln,0.013225493539271398
group_95.aln,0.021730736065738356
group_3800.aln,0.01601752439833326
group_852.aln,0.017384727225943156
group_2493.aln,0.004277854627621739
group_1691.aln,0.015882671724493137
hlyD.aln,0.015066204516976446
group_3189.aln,0.00498931053147853
group_85.aln,0.012771879818121768
sdhE.aln,0.003290405598878975
pdxY.aln,0.12383370254404212
csdE.aln,0.015886386343083442
mdfA.aln,0.012094762271060941
group_993.aln,0.009745008767584046
group_172.aln,0.005246262714801002
group_1740.aln,0.0049033211094334055
yjjP.aln,0.010580166903344306
group_4166.aln,0.018449283073124274
yncE.aln,0.010708268245626191
group_1750.aln,0.03428822738029064
group_4176.aln,0.22735383632064068
group_1115.aln,0.011366388463356693
ssaM.aln,0.0185917299907238
group_737.aln,0.013832734168708555
group_3765.aln,0.02706934691661708
prgI.aln,0.013770350563680396
group_2061.aln,0.017412401452739007
maeB.aln,0.009957728289053128
kefF.aln,0.02156211373893977
sfbB.aln,0.015968510982940474
group_2880.aln,0.0016198966332038364
fliQ.aln,0.011449092406600924
group_441.aln,0.007086394885046077
group_529.aln,0.016367186184364974
ghoS.aln,0.012362001454175087
ybiO.aln,0.014657630149818773
yjgN.aln,0.1080799641238077
yfaZ.aln,0.011579630727293224
group_4445.aln,0.0505006352670152
group_2634.aln,0.0039209017079272395
yejB.aln,0.01219067265549118
group_1426.aln,0.013817943857167865
group_214.aln,0.009273378716416612
dppB.aln,0.00790127240724831
hypB.aln,0.009906743741276229
group_4368.aln,0.026429181742331793
group_3224.aln,0.0
group_4262.aln,0.11234445593286342
group_1444.aln,0.008546351931870129
rhaS.aln,0.010650648279422501
nanR.aln,0.010552473006432283
group_2646.aln,0.00437741884880409
osmY.aln,0.015794732918985983
btuD.aln,0.009217221235347009
group_1454.aln,0.013777905078620641
sitB.aln,0.014751303697666978
group_2003.aln,0.012265556474377394
group_1369.aln,0.008476329175544325
group_3471.aln,0.005229394612504086
group_423.aln,0.01513803201889968
yciE.aln,0.009349002100280994
sgbH.aln,0.04670938087252746
group_1379.aln,0.010494217543621306
group_2013.aln,0.010588027284408424
group_1201.aln,0.01627590284534701
ychE.aln,0.009343050463194228
group_433.aln,0.013704694655850225
group_3717.aln,0.07072167448711689
group_2375.aln,0.014064094928802734
group_755.aln,0.010388590963097572
secF.aln,0.006520115001652979
group_1167.aln,0.015285279710218858
invH.aln,0.015815174304605606
stdB.aln,0.01939775715065834
group_4104.aln,0.11224253508311352
group_889.aln,0.011023377679217112
group_100.aln,0.01163071148505702
group_899.aln,0.018878634319178675
group_4114.aln,0.10612838314716506
ndh.aln,0.007357512786570083
btsS.aln,0.014462881055378156
tcuB.aln,0.012805835073689457
group_694.aln,0.01369418701383364
group_3083.aln,0.008329181971695288
pgtC.aln,0.1073618611340538
flhD.aln,0.005909765896427486
group_830.aln,0.018998706514919927
group_958.aln,0.010941788000594846
yggG.aln,0.014905460275311248
group_3872.aln,0.01693078223483458
group_2797.aln,0.0211496174482735
oppF.aln,0.015572809477724998
group_1595.aln,0.022393389999538056
zipA.aln,0.007448131949215903
group_2787.aln,0.014894560221601214
group_2923.aln,0.00759870081935297
putA.aln,0.015193539192755382
cpdA.aln,0.011284632259494061
rssA.aln,0.007575702722613554
group_2933.aln,0.001118051589240487
group_1192.aln,0.021069865409977157
yfeC.aln,0.004342155610431819
hrpB.aln,0.02184405103831413
group_3956.aln,0.10586150713815022
group_4089.aln,0.08468066635412139
lptF.aln,0.01249862141007684
group_4099.aln,0.01664431432825272
group_914.aln,0.009164237114825021
mutL.aln,0.012576887699742693
slyD.aln,0.014875267999734406
mogA.aln,0.0479615339330939
group_283.aln,0.013057159244860719
iroE.aln,0.02081925594438372
group_4287.aln,0.030255294462171744
yebE.aln,0.017913684059816064
sprB.aln,0.011754470326376132
group_2817.aln,0.008509885516279611
group_3494.aln,0.002193912552471899
group_2807.aln,0.00808886019346161
zapE.aln,0.017604056483342
group_1408.aln,0.0076929734945772954
group_342.aln,0.013375962975490461
group_1560.aln,0.013603159652537505
group_2137.aln,0.005461972224633881
group_3545.aln,0.0
group_517.aln,0.013103305924659397
group_4503.aln,0.15142744715722284
tolC.aln,0.009403885511149557
group_1335.aln,0.0228604003759249
group_507.aln,0.013395068628414046
sopD2.aln,0.08547532253132477
yibF.aln,0.04898449275172687
group_2251.aln,0.013608071310528361
pipB.aln,0.016808549333860147
sdaB.aln,0.014780688471666723
livJ.aln,0.12596093030297983
ydcZ.aln,0.017353688432119468
group_661.aln,0.008705125769317043
group_1053.aln,0.011786018147139313
flgA.aln,0.015746587523256528
group_4148.aln,0.018991663539015106
group_2404.aln,0.013370362408452945
group_4030.aln,0.13522455064530547
group_1616.aln,0.009981462908690779
group_2414.aln,0.0035505474325587434
group_3887.aln,0.01427782398487998
group_12.aln,0.017088876467071256
group_4158.aln,0.05249485011848701
group_4020.aln,0.021277771160840477
potG.aln,0.008786540020191072
group_1606.aln,0.022546631434596426
yghB.aln,0.010118022360391605
group_60.aln,0.009259676826002072
group_3014.aln,0.010101110050490228
aroM.aln,0.10849438926940731
ubiT.aln,0.0070381472053664155
group_4052.aln,0.11074476617142631
group_1674.aln,0.015232174183007064
group_70.aln,0.012224325269790507
group_4042.aln,0.018109164828663746
group_1664.aln,0.01799218292475327
citS.aln,0.01758836893429373
igaA.aln,0.01336218115937937
group_2233.aln,0.013913215524809416
group_1159.aln,0.004700193525438765
group_613.aln,0.012044048829422851
group_1021.aln,0.015994436495871435
group_1149.aln,0.012522594625139421
yqjF~~~doxX.aln,0.030595040693516807
sseA.aln,0.009677371440078531
group_2223.aln,0.015462023756820906
group_4617.aln,0.01689145081100082
group_1031.aln,0.014385348749810857
group_603.aln,0.011374796585669032
group_4419.aln,0.12296450594720745
yjbB.aln,0.01384669668582053
ehaB~~~yaiT.aln,0.2947461370578404
group_575.aln,0.017081210168520922
group_2145.aln,0.018372517923044517
yjcB.aln,0.013219039425805185
group_565.aln,0.011188182202845506
group_4571.aln,0.025967566375991333
recA.aln,0.012847087141836145
group_1512.aln,0.0047877234676215455
group_4334.aln,0.040676097841881885
group_2678.aln,0.008889113812985223
group_320.aln,0.017314382001651963
group_248.aln,0.011883540611672929
yiiZ.aln,0.106578009034925
group_2668.aln,0.008950088343404595
group_330.aln,0.005838841812428363
ydhF.aln,0.015151405445227108
group_4324.aln,0.18021180469999862
yjiK.aln,0.010181298339674853
group_1286.aln,0.016966321354484497
group_2094.aln,0.014300009364117176
group_2865.aln,0.010029273790039907
group_2084.aln,0.010390539075937772
yicS.aln,0.015802898660515367
nusB.aln,0.002491657827450228
group_187.aln,0.013372106071653731
ygdI.aln,0.0023232728028844494
group_3934.aln,0.006119861330579507
group_966.aln,0.016149897835924208
group_197.aln,0.01134408426061623
group_976.aln,0.02577839792943022
group_1098.aln,0.01401831745090562
group_1901.aln,0.013737941507014823
yehY.aln,0.017307276673117235
mdtJ.aln,0.011861457933718332
group_3790.aln,0.013960662152046189
group_1088.aln,0.009931720073657321
tusE.aln,0.00897220683293981
hscB.aln,0.008874934140608965
dbpA.aln,0.10828938999464163
group_1104.aln,0.017389123363319107
group_3764.aln,0.012928264492542165
group_736.aln,0.017172410570027143
ssaL.aln,0.014147472508713583
group_3774.aln,0.009864701642289099
group_726.aln,0.024396749929019197
group_1114.aln,0.03085087334567129
idnT.aln,0.04018704414516669
group_4177.aln,0.10997588914622901
group_1751.aln,0.01745280847969168
ycbX.aln,0.017088120558708977
group_982.aln,0.020783612250972926
group_1629.aln,0.017033542827584628
group_3049.aln,0.004352377272140846
aaaT.aln,0.020560392166338586
group_2543.aln,0.002422445110021055
rfaJ.aln,0.03152925439284821
yjjQ.aln,0.010958281758821886
group_1741.aln,0.0024202156884316427
group_2553.aln,0.015704584287981008
fadR.aln,0.012931416048886783
group_205.aln,0.013797370796741716
group_4211.aln,0.0191282136762511
hypC.aln,0.004663107460035259
dppC.aln,0.016574692506158176
cdaR.aln,0.017993042261659004
hilA.aln,0.009767422974920073
group_215.aln,0.019648124205794766
group_4379.aln,0.11437766205002477
group_2635.aln,0.007783050366911808
group_450.aln,0.01580892953456061
group_4444.aln,0.018214783125409275
group_528.aln,0.012878351904044063
group_1272.aln,0.01379449820151848
group_2881.aln,0.00408005614673051
group_4454.aln,0.11376162959596818
kefG.aln,0.004008544664640513
group_440.aln,0.011896345306391921
fliP.aln,0.00969804003877182
ybhN.aln,0.016277584776568682
prgH.aln,0.007807491600170558
group_2060.aln,0.012634305991939659
group_538.aln,0.009722419955875486
pduF.aln,0.008035219106804032
group_3396.aln,0.020039027072398092
apaG.aln,0.010663871079561342
group_2828.aln,0.013555695439808899
group_4585.aln,0.10697526583927076
group_2950.aln,0.005629919114502218
group_591.aln,0.01160321624278365
fimD.aln,0.018421340374779955
group_581.aln,0.0077406624854449765
galR.aln,0.013600113877074054
group_2940.aln,0.00996942503137058
group_1824.aln,0.013325245728595099
nrdR.aln,0.004141965686752291
group_1834.aln,0.01109936191658286
dksA.aln,0.0015299653326448768
group_3188.aln,0.018423745036586524
group_84.aln,0.015650269096837182
group_843.aln,0.015138702986717717
group_3811.aln,0.032068205054666815
group_1690.aln,0.006149118209359487
group_3969.aln,0.048660464576520845
group_853.aln,0.012116804700031614
group_3801.aln,0.05933090012878313
group_94.aln,0.014617839321456697
group_3198.aln,0.0056980484291497425
group_3979.aln,0.1044452340329536
fliE.aln,0.025883182310603773
group_821.aln,0.01582967045806191
group_3873.aln,0.012957441372952136
suhB.aln,0.009279014550510856
pgtB.aln,0.015961505914687424
group_831.aln,0.004375602450154397
flhE.aln,0.020087945377896786
group_2588.aln,0.011972831670352705
group_3082.aln,0.0012777732448462707
tcuC.aln,0.00930567908238969
btsR.aln,0.009071308326954904
yhjJ.aln,0.00993441880732932
group_685.aln,0.014410485011261681
hyaF.aln,0.017274851766811358
rcnB.aln,0.006450293814815685
group_2932.aln,0.001118051589240487
mprB.aln,0.019154345681225687
pspE.aln,0.010938128565318596
yegH.aln,0.009162584046211968
group_2796.aln,0.009999516778273137
group_1584.aln,0.023724703742793014
group_1200.aln,0.0063042533381795695
group_4426.aln,0.018767103031627083
group_432.aln,0.009339406076985914
group_1210.aln,0.008484320603933563
group_4436.aln,0.027138629609719175
macA.aln,0.011632719688269158
group_2002.aln,0.015049504097045802
pdeC.aln,0.009115075930799405
sitC.aln,0.014856130064926943
group_1368.aln,0.012388053556476541
lrgB.aln,0.022073009695426363
group_1455.aln,0.015660862619200418
btuE.aln,0.00695136422875607
hemW.aln,0.019226055251628533
osmX.aln,0.10849230209663464
group_267.aln,0.015604869831732709
sopF.aln,0.02886804109986937
group_1445.aln,0.0030355309885600067
group_4263.aln,0.01610383733332751
ycdZ.aln,0.007051584755409681
mdaB.aln,0.04479353953505524
steC.aln,0.04110668697015406
group_888.aln,0.01264973575035636
group_4105.aln,0.03214423122607813
group_111.aln,0.014631343065756133
stdC.aln,0.02812155306906283
group_1166.aln,0.010351462183692482
secG.aln,0.004190175325441825
group_2374.aln,0.006832022563378415
pduS.aln,0.05820805302423307
group_1176.aln,0.010837739143533478
group_3716.aln,0.06340470307993326
group_744.aln,0.01725746153872755
group_1997.aln,0.004709354120659591
group_2364.aln,0.011559925767907656
ftsI.aln,0.01080698241779802
group_127.aln,0.013941635623178001
group_3994.aln,0.012870859577761677
arnD.aln,0.021889975828079066
group_137.aln,0.016194719948178612
group_3165.aln,0.006729867327024293
mgtR.aln,0.005695765581265102
group_69.aln,0.009728921806822208
group_1705.aln,0.02333921976750258
group_3984.aln,0.01925544982559264
group_1140.aln,0.01713855962785957
group_3720.aln,0.015841678841455615
group_772.aln,0.0077931863856716185
yhbE.aln,0.010202289119089932
group_762.aln,0.00548865729803179
yebY.aln,0.013832105797708081
group_1150.aln,0.008069930431890308
group_1028.aln,0.02777101046643629
group_1226.aln,0.014982812370241112
group_2034.aln,0.02201199711799036
ppsR.aln,0.013820415224750698
group_1236.aln,0.012773156869240744
group_4410.aln,0.10456097717546227
nudL.aln,0.013294580937409322
group_404.aln,0.02198514667480859
group_4568.aln,0.13618628779544115
slyX.aln,0.003185681240575634
group_3213.aln,0.025146444075268046
group_241.aln,0.020133256588691393
group_1473.aln,0.01699556491990785
group_2661.aln,0.0026628404262826863
group_1463.aln,0.012552433623920627
yihS.aln,0.09235748425640071
pmrB.aln,0.009926423243033812
ttrS.aln,0.015205463221606165
rsgA.aln,0.008097483106185474
chbB.aln,0.0065604631951539085
group_329.aln,0.017178379934863222
group_2914.aln,0.006019911846984408
mraZ.aln,0.0022799483388433457
group_4394.aln,0.02914154142489467
gltD.aln,0.02330135510259752
ydcF.aln,0.018590197669983446
group_390.aln,0.012770341030876079
cysA.aln,0.02571757655570928
group_4384.aln,0.01670717327321324
group_3855.aln,0.009487878009078847
yfcH.aln,0.014302392084390932
group_817.aln,0.018193980255060603
group_3845.aln,0.020282349333446692
group_1860.aln,0.011553269895355585
iscX.aln,0.0017354830638956812
mdtC.aln,0.01637119655885528
group_3799.aln,0.012254405045297557
nfuA.aln,0.007244282236230056
group_2283.aln,0.002028093580482744
group_3789.aln,0.015033571077855528
csgB.aln,0.005383203468174203
group_1802.aln,0.017305684908681885
pqiA.aln,0.008102172991181555
group_2389.aln,0.007893581544725654
thiP.aln,0.011663679587394688
dsbD.aln,0.013787034826110376
group_3837.aln,0.01784351154326028
group_4090.aln,0.16925881123168876
yfeJ.aln,0.05588676450840866
group_875.aln,0.01097204223109265
group_3827.aln,0.008226572316164225
fhuD.aln,0.01762668710101878
pstA.aln,0.027822079197043593
group_1395.aln,0.013089076939317882
group_1411.aln,0.015090695968233642
group_3271.aln,0.004651094611240425
rlmC.aln,0.025342737622168016
group_2603.aln,0.011861703703676833
group_233.aln,0.02296639741888411
mpaA.aln,0.012768276373545235
envZ.aln,0.013543122790187665
group_4227.aln,0.10922018623759937
group_2613.aln,0.01028511101407712
group_1244.aln,0.009331627490229375
group_3424.aln,0.0
group_466.aln,0.009367890730006309
gsiA.aln,0.012249545411088029
group_1254.aln,0.013024692230062331
group_4472.aln,0.0247768930395919
ytnA.aln,0.014823040288165005
group_2046.aln,0.007863125827464918
group_710.aln,0.009998934914963052
group_668.aln,0.009809223590539913
group_2330.aln,0.013914884185345333
cysT.aln,0.02847882872177781
group_1132.aln,0.018751058971932792
group_700.aln,0.0114833112501982
group_2258.aln,0.015812446828439096
group_145.aln,0.01384867805023989
group_4151.aln,0.10527011739280139
group_2565.aln,0.005563314630096789
cspE.aln,0.0
group_4029.aln,0.023863917724190165
group_1767.aln,0.016655082751735814
group_155.aln,0.018791972857287984
group_3107.aln,0.011937679040938828
group_4039.aln,0.1112899419078292
group_1793.aln,0.01250571792171832
ybiR.aln,0.01990865383118955
clsA.aln,0.010963510048176294
group_940.aln,0.009740994682578169
fliL.aln,0.011434180218414
group_828.aln,0.01620879019565673
pduJ~~~eutN.aln,0.3868190083237865
group_3902.aln,0.01747069309806814
group_950.aln,0.0102687291234205
group_4698.aln,0.02881836570006033
group_1937.aln,0.0019117918858936422
group_4486.aln,0.028628800604344185
dgcN.aln,0.012866501189239142
ygjQ.aln,0.015828573904148352
tatD.aln,0.014127724864196509
group_482.aln,0.008230975172510637
group_4496.aln,0.02634289916902003
sapB.aln,0.011750285348527468
group_2843.aln,0.00207638152287519
ssaP.aln,0.018033769351799105
kdpC.aln,0.013498833575393828
group_2173.aln,0.005917140851223896
group_1219.aln,0.005325471551016898
group_553.aln,0.014388511298213901
group_1361.aln,0.008089002084416
motB.aln,0.008812390524745257
group_1209.aln,0.013694847769933509
ychM.aln,0.014053226308718214
group_2982.aln,0.007773811478215424
group_3354.aln,0.0034199225082650188
group_1534.aln,0.013595094881150377
hosA.aln,0.004785063439545667
siiD.aln,0.11415359826695676
group_4302.aln,0.1311218163509849
group_881.aln,0.013499476558408921
qseB.aln,0.011267740868084505
group_118.aln,0.011237987978979937
group_4074.aln,0.1120665672925848
fabY.aln,0.014442986822359833
group_1652.aln,0.01136051697409942
mrdB.aln,0.00973403913585453
group_108.aln,0.014155597503225387
group_3022.aln,0.004807728362095095
group_4064.aln,0.01313092312275505
mreB.aln,0.00764091742057679
group_1642.aln,0.01776205480816566
group_4759.aln,0.06657673980950092
group_1007.aln,0.009351997253279256
group_635.aln,0.014951972861634785
rhlE.aln,0.0165927851473758
iagB.aln,0.012559925184847439
yhaJ.aln,0.010148919339381158
eptA.aln,0.019543353979014026
yigB.aln,0.00936600565631068
group_625.aln,0.015090682986454875
rimO.aln,0.005544449640927277
group_2277.aln,0.0182188826471286
group_1884.aln,0.005714810168127169
fumB.aln,0.01567706413232965
frsA.aln,0.008913586277099959
group_657.aln,0.011415662259053206
yhgH.aln,0.023517170097452494
group_1065.aln,0.011201305373369667
yegT.aln,0.012295209620624806
ssaE.aln,0.011144450671504212
group_2267.aln,0.008947666109237083
group_1894.aln,0.00942765862542162
group_1075.aln,0.015580925774813466
cpxR.aln,0.00974008791526548
alaA.aln,0.09942360234257948
group_3128.aln,0.0037323722126433516
bapA.aln,0.028334390808906994
group_1748.aln,0.011221255787613217
group_4016.aln,0.11081786248078836
group_1630.aln,0.007928749294210067
group_34.aln,0.015382886516687016
group_1758.aln,0.014541699800388021
asmA.aln,0.014035671206726818
group_2432.aln,0.009899863452148088
group_4006.aln,0.11281135884192707
group_1620.aln,0.010117546648367268
group_3040.aln,0.0036719167983477042
ybeY.aln,0.010533060773284973
focA.aln,0.004388462023069184
group_1556.aln,0.004634088451772242
group_4370.aln,0.015705337777718684
group_2754.aln,0.014379505432657145
group_374.aln,0.011120569788675639
yhjV.aln,0.013023051107836652
group_1546.aln,0.008400700966117903
group_4360.aln,0.07611962339081382
group_2888.aln,0.00834839148897208
group_2111.aln,0.010912352977685608
group_449.aln,0.01648214940578685
group_1303.aln,0.028610560519588612
ybhG.aln,0.009449990927377578
group_2069.aln,0.013330275463569371
mntH.aln,0.014525359669726462
ygfZ.aln,0.015365057402960776
group_4535.aln,0.019422026987337013
prs.aln,0.008145756909166753
ibpA.aln,0.013132425348938744
leuO.aln,0.008162633259575464
pduO.aln,0.021536157557204685
ydgK.aln,0.004607352724868346
ucpA.aln,0.010059405507559219
group_2695.aln,0.006040428708642504
group_588.aln,0.017129557642925564
phnU.aln,0.012908831682017508
manC.aln,0.016421939091214414
group_2949.aln,0.0
group_2959.aln,0.004647671597222247
sixA.aln,0.0064378317849764334
phoU.aln,0.03157394671839871
group_796.aln,0.01380206582371229
yaeH.aln,0.008585468892246467
group_1945.aln,0.010617688148819434
group_786.aln,0.012182278566316686
yadH.aln,0.0336253249995846
group_3808.aln,0.0187754934021164
group_922.aln,0.005978010357593135
sgbU.aln,0.040099003705480925
group_3818.aln,0.008210582027174429
sthA.aln,0.015773106138517956
ygaM.aln,0.013720438327689228
qmcA.aln,0.012038343521445104
group_3960.aln,0.01887740604556037
group_932.aln,0.011907822159945302
group_1478.aln,0.008194876539670942
group_3218.aln,0.008720802396075799
fnr.aln,0.006842150968890065
group_332.aln,0.013833802838568185
degS.aln,0.008653456299453419
group_2702.aln,0.018622983783288485
recC.aln,0.013719221545610161
wcaE.aln,0.014388570227950788
group_1468.aln,0.02689981708011298
group_322.aln,0.011609744715387425
sadA.aln,0.10287920974560338
group_2157.aln,0.014965168185447306
dpiB.aln,0.03789005852359556
group_1345.aln,0.013286813322326787
group_779.aln,0.0123062193636834
tsaE.aln,0.006663071080510902
group_601.aln,0.01649864372323326
kbp.aln,0.11611559714759787
yajG.aln,0.013262601191857917
group_1023.aln,0.010693944531621492
group_611.aln,0.012084810251478319
group_2474.aln,0.011317168419222562
ftsB.aln,0.004437903103472396
group_4138.aln,0.1106362227832133
group_3006.aln,0.017308880423849735
group_4128.aln,0.03388692907744328
group_2464.aln,0.00479741620869896
group_1676.aln,0.013436146291927924
ubiV.aln,0.01704362867495363
group_3016.aln,0.013798801342023515
deaD.aln,0.011504174297372154
mdtH.aln,0.011907404294248717
iscS.aln,0.01058521699375838
group_3782.aln,0.015341725949457695
group_974.aln,0.01495664684211251
panD.aln,0.014527962412836928
yfcC.aln,0.012235575393513052
bssR.aln,0.00817575224632106
group_3936.aln,0.021948782188880633
group_1294.aln,0.013426371358592799
group_2867.aln,0.007438608428749808
group_2086.aln,0.013629027201425661
group_2877.aln,0.0058869559095712
fxsA.aln,0.017448993185727176
yghU.aln,0.01169552597884048
acrR.aln,0.004450123618604934
ftsW.aln,0.009242889184115446
malG.aln,0.018148932657833447
actP.aln,0.014714086957650837
group_291.aln,0.02028401713027059
lsrB.aln,0.007464723694397601
yajR.aln,0.01610477156356635
group_281.aln,0.010064392877385605
group_4295.aln,0.02165863453446848
group_3944.aln,0.14538102442404005
lptD.aln,0.01395736624775824
mlaE.aln,0.004516209961396806
group_3954.aln,0.10816747232918907
group_1809.aln,0.02451088712163415
group_1190.aln,0.01244176352537351
group_1971.aln,0.010650549853043794
yafL.aln,0.012062127104742292
yiiM.aln,0.01489538137388774
amsJ.aln,0.11659837227502423
eutS.aln,0.014288970500695579
group_2392.aln,0.009495519700789415
group_3885.aln,0.11083359067780885
group_2416.aln,0.007054302465603784
sufD.aln,0.01751404250780953
group_1604.aln,0.015227672076254528
group_4022.aln,0.12657346087988594
potE.aln,0.0072130397184868925
group_2406.aln,0.003325321701659811
group_3895.aln,0.021433504033173244
flgC.aln,0.00629838552008853
sirB1.aln,0.008931394616720581
group_4032.aln,0.020843587350333974
sscA.aln,0.019671333876897172
group_2243.aln,0.012102675540542953
yibD.aln,0.02061451250693556
group_3759.aln,0.020788913371549266
group_1139.aln,0.014695995792355828
livH.aln,0.016455213270467287
group_2125.aln,0.00869756751877571
rapZ.aln,0.005207323967708402
tolA.aln,0.03707294176536217
hisB.aln,0.014959058796194092
group_4479.aln,0.12457389085694065
yfbV.aln,0.014200911018566572
group_1327.aln,0.010667382140122418
group_515.aln,0.018176938155046493
group_228.aln,0.009765836033875054
dsdX.aln,0.011108997773511466
group_350.aln,0.01435356919469194
group_2608.aln,0.0
group_4344.aln,0.00929826053593726
group_1562.aln,0.013110221993098567
group_4354.aln,0.03173134002616032
group_1572.aln,0.006845351066294551
group_340.aln,0.011903969629539204
group_2618.aln,0.0017226276337927503
group_1586.aln,0.019385205131148237
ssb1.aln,0.008588793723412131
group_2784.aln,0.011897789184431665
group_1596.aln,0.015188780000090734
norR.aln,0.020176863395177068
group_499.aln,0.010789937649338874
ptsJ.aln,0.019638329899561716
group_2920.aln,0.003322210436600304
dgcE.aln,0.10847175279494116
hflD.aln,0.008208177981152831
group_489.aln,0.011937086616778727
group_2930.aln,0.01782731345771956
group_1844.aln,0.018638555963280807
tcuA.aln,0.012549263014022656
group_833.aln,0.005933290048088654
group_3861.aln,0.01769564113145554
xapX.aln,0.01573829043419513
melA.aln,0.012790979956189627
group_3080.aln,0.02184075089058454
group_3871.aln,0.032270419394636235
fliG.aln,0.011899035810853574
group_1788.aln,0.015013226217947052
group_3909.aln,0.010728745023687876
pduQ.aln,0.046264204120702535
group_1995.aln,0.007795231693152151
group_1164.aln,0.017913053412768404
yigI.aln,0.005217574083122272
group_756.aln,0.013262902275241862
group_2376.aln,0.007423960984061092
group_113.aln,0.018458787963573215
group_1721.aln,0.012719493122148765
group_2533.aln,0.006525352202500311
fabR.aln,0.009837383700537678
msbA.aln,0.011362610763457485
group_1731.aln,0.012508544077897334
ycdX.aln,0.010711741393769889
group_103.aln,0.016513515968543734
xerD.aln,0.009718911881443712
steA.aln,0.059635308127025076
yqhD.aln,0.015120298851716703
group_2523.aln,0.009666339249908135
group_4261.aln,0.023150242305710816
group_1447.aln,0.02255188420420393
group_275.aln,0.027315586873507172
group_4319.aln,0.027512496613222675
group_265.aln,0.01623517301774091
elbB.aln,0.011904497047062396
group_4271.aln,0.07074914479581665
msrQ.aln,0.010650354475677798
sopD.aln,0.030450172045595764
nanQ.aln,0.017429874639417847
mtlR.aln,0.014862611579531075
group_4309.aln,0.016901381558969978
group_4434.aln,0.026350434776656738
yciF.aln,0.00830991794764654
group_420.aln,0.014664242561446347
group_3472.aln,0.007877831814834143
sitA.aln,0.012855802014489241
group_2000.aln,0.011098331490409518
group_430.aln,0.009328738719169082
group_2168.aln,0.010129807386078972
ychF.aln,0.011227472433880384
group_548.aln,0.017959362591911242
rbbA.aln,0.10641524682913826
fliR.aln,0.011751689853182427
yjfM.aln,0.028143195866779575
group_4456.aln,0.021555894512884435
group_1270.aln,0.022706337174226505
group_2062.aln,0.013785599450436635
prgJ.aln,0.008371074348773185
group_2893.aln,0.004864822489465279
yohP.aln,0.006306026179257791
group_452.aln,0.03229630915492799
yjgM.aln,0.006207909221227275
group_1318.aln,0.015182317894068615
group_217.aln,0.013088327683770192
hilC.aln,0.10168530514452676
group_1425.aln,0.03306555469084465
yejA.aln,0.00960432363514581
group_4213.aln,0.02676973200084201
group_1435.aln,0.005174836601100781
group_3255.aln,0.003853238135529326
hypA.aln,0.0024608915823548638
rfaH.aln,0.0028534322768346172
group_2429.aln,0.005086911639978574
group_171.aln,0.014215237954665736
ybdR.aln,0.018898464296019806
group_2551.aln,0.007407178503237741
group_161.aln,0.011841832852807878
csrA.aln,0.0
group_1116.aln,0.015561475400680341
group_4730.aln,0.23581074598788526
group_3776.aln,0.035657886096565686
ssaN.aln,0.10700445647442222
bamD.aln,0.004416277699743441
group_4658.aln,0.018093559865898886
narJ.aln,0.01821840694911787
group_3803.aln,0.02060158446417204
group_841.aln,0.014477341785325847
group_3813.aln,0.00553701739433384
rpoH.aln,0.007152569267299544
group_2480.aln,0.010015520400567081
group_939.aln,0.011416636331630725
group_1692.aln,0.015348161009438862
hupB.aln,0.0025555464896925414
fimF.aln,0.01967605715247531
bcfC.aln,0.1798701705484691
galP.aln,0.009115718897441692
group_2942.aln,0.007506552181613986
group_4597.aln,0.12325477919376313
group_583.aln,0.010998582088124143
yceM.aln,0.016849018892643418
group_593.aln,0.026509044967247156
fabG.aln,0.002833047564584287
yeaH.aln,0.013877045503532972
group_3384.aln,0.004505324589234289
pduD.aln,0.025125650426620395
group_3394.aln,0.008816099905549922
braG.aln,0.015429055774590908
group_2185.aln,0.00762743575080385
greB.aln,0.004442845328363723
group_2195.aln,0.0032358684895052903
viaA.aln,0.011324116717978117
group_2974.aln,0.0011627736528101065
group_1387.aln,0.006170877945992634
ubiJ.aln,0.010998314599459153
ntrC.aln,0.013111680482712188
yidZ.aln,0.017370474014162376
sifB.aln,0.06534194826416462
group_298.aln,0.012608650085894766
pstC.aln,0.014386104827439945
group_877.aln,0.01099287003151148
group_3825.aln,0.018445153185025775
group_3835.aln,0.021401503429583482
group_4092.aln,0.05995651481003521
lptM.aln,0.0
group_1189.aln,0.01085851014977311
mdsC.aln,0.09762060333583038
group_1810.aln,0.008087909446597544
group_1968.aln,0.026744111927484184
yihD.aln,0.0012919707253445628
group_1199.aln,0.010018039356824078
group_1978.aln,0.016843362739864115
nfsA.aln,0.016780247278157488
group_3105.aln,0.001306487250348434
uhpB.aln,0.015135104065764935
flgJ.aln,0.012380823950241947
group_1775.aln,0.011845366015574711
group_19.aln,0.01583802756655159
ccmE.aln,0.01721785309638436
feoC.aln,0.023468868349402962
group_147.aln,0.014841788162679616
ecfT.aln,0.01801763529134354
dkgB.aln,0.03164914940828351
group_2322.aln,0.01424815226625799
yeeY.aln,0.01190132473130849
artJ.aln,0.0059510336588009085
group_712.aln,0.018302822110071837
group_1058.aln,0.011516291822711798
group_2332.aln,0.002101398167729108
group_3.aln,0.020747401593156068
group_1256.aln,0.013461743273724505
gsiC.aln,0.01536436585298422
group_3436.aln,0.002942812216986969
group_4508.aln,0.1722375990758158
ybjJ.aln,0.00915628293315961
group_2044.aln,0.00982030147712981
group_474.aln,0.013179131557018378
group_3426.aln,0.0076247452643285665
cueR.aln,0.007125973309253904
group_2054.aln,0.009278913115329954
group_4518.aln,0.05841908904478266
group_4225.aln,0.13326982513342878
group_1403.aln,0.007657107251709809
group_349.aln,0.014797432946313104
group_2779.aln,0.006198085868015583
group_1413.aln,0.006304083339720014
yeiG.aln,0.011661698913753543
group_359.aln,0.01771879179224432
cheB.aln,0.00950984915530872
group_3201.aln,0.00549044592584723
group_253.aln,0.009669154724885675
recJ.aln,0.012658500847149722
hisF1.aln,0.012021641327637285
group_4247.aln,0.01705154605319133
wcaL.aln,0.022582297751638974
group_3379.aln,0.004976496283524468
group_1519.aln,0.016226745337096518
thiG.aln,0.07849660429597777
group_243.aln,0.007275609565173048
group_3454.aln,0.0
group_1234.aln,0.007806284213772367
nlpE.aln,0.01689688684078
minD.aln,0.006986017691432229
group_1224.aln,0.019550763594857832
group_416.aln,0.012165380774548533
group_1152.aln,0.02130690841973272
group_2238.aln,0.0
group_760.aln,0.020853579059377146
group_3722.aln,0.01334395833488117
group_1142.aln,0.01504449065334251
bigA.aln,0.30189554970096893
group_3986.aln,0.06227439011945505
aroF.aln,0.006804254154745028
group_3177.aln,0.00673398579580816
ftsK.aln,0.02453331614533532
ybaV.aln,0.005900577746350835
arnF.aln,0.02529065454046172
aaeR.aln,0.0068481800593862335
group_3996.aln,0.02941262890299841
group_4049.aln,0.010671276491297288
group_2281.aln,0.008994695239796346
group_1872.aln,0.011370523858089173
lpoA.aln,0.01855260203126842
xanP.aln,0.009709237348242859
cheW.aln,0.011008351640411028
yhhN.aln,0.010362074409320314
mdtA.aln,0.013609538648986326
yehR.aln,0.0072339062435771454
ugpE.aln,0.021076392320565768
group_1083.aln,0.012575521162187964
ascG.aln,0.012935043799726124
djlA.aln,0.016086384239663666
group_815.aln,0.013747574588954231
group_3847.aln,0.017861371696507464
group_4198.aln,0.03209441681096317
group_805.aln,0.01478747446383003
group_3857.aln,0.10486431217433452
yhdP.aln,0.013949981204609874
group_4386.aln,0.030728031390058964
group_392.aln,0.006738853251105075
group_382.aln,0.01824665829306712
group_4396.aln,0.01915490421128234
hycB.aln,0.008219354543716407
csqR.aln,0.0059408941556015294
group_1269.aln,0.01291149018268681
group_4537.aln,0.016406690494540997
group_1311.aln,0.012658163378959641
group_3571.aln,0.0
group_523.aln,0.016414620238825426
group_1279.aln,0.012105838793864973
group_533.aln,0.01652734220338266
group_1301.aln,0.0159462789624752
group_2756.aln,0.0072606470652949295
group_4362.aln,0.03828681669342299
group_376.aln,0.02597621854085207
group_2430.aln,0.011105050503048408
group_168.aln,0.01779404015787449
group_1622.aln,0.014809605484633961
group_989.aln,0.015742540420459167
iclR.aln,0.02093486785158707
hflX.aln,0.006542935116948172
yccS.aln,0.013221909111567976
smvA.aln,0.014131673120634526
group_999.aln,0.0099654725374685
group_4014.aln,0.10714116529962965
ssaG.aln,0.004780421304128636
yegV.aln,0.01571650390997842
lolE.aln,0.0110444012509284
cpxP.aln,0.003481358241946426
group_645.aln,0.009909151752575078
group_1886.aln,0.012525708375185097
rimM.aln,0.003724514867492083
group_1067.aln,0.00923962525675784
group_4641.aln,0.03182538229718668
robA.aln,0.009772195953895895
yciZ.aln,0.016541965895783488
cobW.aln,0.014163513245618558
group_3962.aln,0.016507120860077048
group_930.aln,0.017386319777280855
ynhF.aln,0.0
mdlB.aln,0.012091522767410944
rpnA.aln,0.016347681418926344
group_3972.aln,0.06682395141922846
group_920.aln,0.007414804586141198
group_784.aln,0.01574746640179318
group_1957.aln,0.0024900513216220385
mukF.aln,0.00679387473347879
surE.aln,0.009332671394708263
group_2823.aln,0.014339963569822521
yceD.aln,0.04868335773785278
ytfE.aln,0.01671481574275129
pduM.aln,0.03142171688183709
modE.aln,0.011602883091909821
group_1485.aln,0.014742475882257397
group_1495.aln,0.005626864546067235
secY.aln,0.0023409036279352902
rhmR.aln,0.00821950272190624
papD~~~safB.aln,0.09247160469718538
ssaR.aln,0.01277083715219551
group_2841.aln,0.001038190761437595
yccF.aln,0.007243048231938141
emrD.aln,0.013793805863892053
fadL.aln,0.010987026092984336
group_490.aln,0.017153711979443653
acpT.aln,0.009910546527748742
group_1935.aln,0.009655196210441301
group_3878.aln,0.015585347400413235
fliN.aln,0.007177610797002121
group_2593.aln,0.015492346403578824
yggM.aln,0.013020083294053566
group_3868.aln,0.019336756573585953
yfaE.aln,0.008875153188957152
group_2207.aln,0.010585494850732534
yaiA.aln,0.00915144057188215
group_1015.aln,0.01009897026605915
group_627.aln,0.014781886694286135
group_2217.aln,0.015772675378802607
csiD.aln,0.10892899761784686
pduX.aln,0.016642411247455247
yhaH.aln,0.0055514823816036635
group_4623.aln,0.1608747353124473
group_2452.aln,0.012845395282091965
fimZ.aln,0.010937012387704483
group_1640.aln,0.01702200117932518
group_4066.aln,0.03001768768813562
group_2442.aln,0.029823204605874745
group_3148.aln,0.0
group_883.aln,0.010989725711293415
ytfP.aln,0.0010111075241827012
phoB.aln,0.009647086272001419
group_4076.aln,0.06978453491298017
group_2734.aln,0.0
siiF.aln,0.014650262589245878
group_4278.aln,0.17605823963459694
group_314.aln,0.013545534158081372
virK.aln,0.014692889374370022
group_4300.aln,0.04931652262167776
group_1526.aln,0.013605598714124836
group_4268.aln,0.02326659331385089
group_4310.aln,0.02559607235114269
group_1536.aln,0.012088938808113283
group_3356.aln,0.015400501755317451
ychO.aln,0.01666407043755178
group_541.aln,0.013105371627673282
group_2019.aln,0.0203302887794217
cpoB.aln,0.009543224803715574
aidB.aln,0.016062402303898517
group_429.aln,0.013378783386656268
sgcB.aln,0.009941747791952017
group_1363.aln,0.022614939193111208
group_551.aln,0.012324445594929958
uvrY.aln,0.0051233195002249885
cysW.aln,0.012687249637797176
group_2333.aln,0.01913521902918134
group_4707.aln,0.026237614766524812
group_713.aln,0.017827925475928624
yicL.aln,0.010413489463133578
yeeX.aln,0.005729269590564828
group_2323.aln,0.005260708352698722
ydcP.aln,0.01092581905167805
asrC.aln,0.006806916480691831
cutC.aln,0.01728263733127451
group_1049.aln,0.009608027494622555
group_703.aln,0.012977766752353204
yibL.aln,0.0286070185484588
group_2566.aln,0.007231343508670209
group_4152.aln,0.11166930202518142
group_18.aln,0.03766401741511772
rclR.aln,0.01681456559306852
group_156.aln,0.013033294194169194
group_4142.aln,0.10328150584671353
group_1764.aln,0.008320740529529356
uhpC.aln,0.021059734879781015
group_358.aln,0.014256939655983764
sctB~~~sseD.aln,0.030204920404575713
group_2778.aln,0.0019542414332942965
group_4234.aln,0.018674409295447923
group_348.aln,0.016725143799865408
group_1402.aln,0.01893268616695692
group_4224.aln,0.0363351643730809
group_2768.aln,0.022548434827871618
yjeJ.aln,0.00866749297544962
group_4461.aln,0.029388024495027587
group_2045.aln,0.005463025859142598
sipD.aln,0.055003737888631686
clpX.aln,0.00856450139644293
gsiB.aln,0.010083209072317072
group_1257.aln,0.008885993655633842
group_4471.aln,0.016534514400767183
group_3437.aln,0.007442160460157564
pstB.aln,0.010585203127976691
yraN.aln,0.00968978044008422
yebO.aln,0.01464709900664729
yhbS.aln,0.010434419938117813
group_289.aln,0.05585860857944718
ntrB.aln,0.0071944948164396885
group_1386.aln,0.0174356913192658
ubiK.aln,0.017930814849712876
group_2184.aln,0.010045504959484313
yafD.aln,0.013000427511207927
lpp.aln,0.0
group_1801.aln,0.011480671285301215
group_1188.aln,0.016763485280901942
dsbG.aln,0.020649482416466074
group_1811.aln,0.006412305470516414
ynjH.aln,0.016689519612238222
group_3834.aln,0.007704248621257778
ygbA.aln,0.00791161374884929
group_4083.aln,0.10505296080170527
group_3824.aln,0.012783612493065248
group_3856.aln,0.0189483617753953
group_804.aln,0.01114017795792928
group_4189.aln,0.153745419885743
gsk.aln,0.015216193962529078
group_3846.aln,0.028389583122411223
group_814.aln,0.024000872536105205
group_1863.aln,0.018685148732703265
group_2290.aln,0.0032807221361089837
group_1873.aln,0.020016061056015076
group_2280.aln,0.021146804940539193
group_2917.aln,0.005537017394333841
glnH3.aln,0.007809474971514682
acrZ.aln,0.017150054093074265
yjiA.aln,0.015274937551951728
group_383.aln,0.029796471517015102
group_393.aln,0.013028435132331548
cysB.aln,0.012361753667437093
group_1225.aln,0.009496000890752938
mutS.aln,0.011208021344882371
nlpD.aln,0.00577137182489886
group_407.aln,0.027502719692439365
group_1235.aln,0.013263798952205957
group_2662.aln,0.0035232207844361
group_3368.aln,0.004902220219591268
group_4256.aln,0.01796161954907995
group_242.aln,0.01343011293610521
nrfB.aln,0.00819019172961913
group_3378.aln,0.0
thiF.aln,0.13386624362084626
group_1518.aln,0.013272276695119281
group_252.aln,0.012429925237486462
group_1460.aln,0.006380120154766543
wcaM.aln,0.01859713865053978
pmrA.aln,0.009659290469187847
dsrB.aln,0.004505324589234289
yqjC.aln,0.005707069608792425
group_2504.aln,0.010646025342417927
group_4048.aln,0.012587056149371592
group_3176.aln,0.00834966782819631
group_124.aln,0.012886694940623774
comR.aln,0.019540606448994944
group_3987.aln,0.032734535506765756
aroG.aln,0.010397220770924429
proQ.aln,0.001015522840882189
group_2514.aln,0.013733651239861023
group_1706.aln,0.010826957804221425
group_3166.aln,0.004870517423586184
group_134.aln,0.014943492364337261
group_3723.aln,0.005762302303961119
rihA.aln,0.04341838869918186
group_1143.aln,0.016498031013230004
yajO.aln,0.021633932264507404
group_619.aln,0.014678203420818839
group_1153.aln,0.007661625290256055
group_761.aln,0.01070817746490719
yebZ.aln,0.017361839565829575
dedA.aln,0.00814854202824436
group_785.aln,0.013132123265389145
group_859.aln,0.010388553112297274
bolA.aln,0.006542491205688794
group_931.aln,0.012272460976516577
group_3963.aln,0.016305295194637356
yqeG.aln,0.011005417576367105
kdgR.aln,0.009296266210805947
group_849.aln,0.014676187760979623
higB.aln,0.015463823121502141
group_1494.aln,0.014307525306506825
ibpB.aln,0.006759156716734001
yliI.aln,0.35367178662777343
group_1484.aln,0.016082655127511707
purH.aln,0.06196146520077352
phnV.aln,0.013204299796697095
group_1555.aln,0.01511484007920841
group_4373.aln,0.05305832339401353
acaP.aln,0.012779826200011295
nhaR.aln,0.012356786920231474
group_1545.aln,0.014766134058871835
group_4363.aln,0.03034134009269886
group_2757.aln,0.016966642352312798
group_532.aln,0.012418305795965815
group_1300.aln,0.010473969811605276
group_4526.aln,0.11786967084920973
fliZ.aln,0.012748966428967811
group_1278.aln,0.013795633245893169
group_1310.aln,0.010063535970437435
group_4536.aln,0.10738476695104517
group_3570.aln,0.006240334983282478
group_1268.aln,0.011517259700462492
group_4640.aln,0.2713902898151104
group_654.aln,0.005157862048209328
fepC.aln,0.024721686533234286
group_644.aln,0.010130179447527329
group_4650.aln,0.017434689240424895
group_1076.aln,0.016051564558301614
yegW.aln,0.006700919567768797
lolD.aln,0.009785571903364418
group_4015.aln,0.015462798442645545
group_998.aln,0.0169239958392154
ybdZ.aln,0.01583066542581205
group_27.aln,0.015860461945378164
aslB.aln,0.015801145858286257
group_988.aln,0.012101577075913835
group_4005.aln,0.01846507448780672
group_1623.aln,0.018988022993626997
group_169.aln,0.018952019944950514
group_2431.aln,0.009177364561647467
group_37.aln,0.012938061194541998
group_4077.aln,0.11065453032582676
fabZ.aln,0.00811606956502969
group_1651.aln,0.016718157517791172
mrdA.aln,0.11061763949439336
group_2443.aln,0.0518870431326362
group_882.aln,0.012422839112868624
group_45.aln,0.013859582462186262
group_1729.aln,0.007558851940824417
group_1641.aln,0.013035382596675237
group_3021.aln,0.017510827134859682
group_55.aln,0.016575190949606508
group_1739.aln,0.016213690801836614
group_3159.aln,0.0013679690033060075
group_636.aln,0.010839324395712502
csiE.aln,0.00849231400069335
group_1014.aln,0.010810219166959036
group_626.aln,0.009329995296955664
invC.aln,0.007560333245189613
secM.aln,0.005844138246119733
yigA.aln,0.010888275378308209
group_1362.aln,0.007843050137450121
motA.aln,0.008030767260631956
ibaG.aln,0.0033515179052307645
group_550.aln,0.005802853797888176
yciN.aln,0.0034862630750027235
rcdA.aln,0.02103942549359471
group_2018.aln,0.009444146176706721
group_540.aln,0.0242037371361839
group_2981.aln,0.014468754580297937
narW.aln,0.05283888640705055
ychN.aln,0.006761555813831033
group_1537.aln,0.0052538021174281845
group_305.aln,0.014742038916942717
group_4269.aln,0.036430153195227834
yshB.aln,0.0031426314940813686
group_315.aln,0.007446664503135507
srlR.aln,0.003498839164309462
group_1527.aln,0.009771983680179848
group_4301.aln,0.022831416322082163
group_2735.aln,0.01179832160239332
mig14.aln,0.018882692104568354
group_2928.aln,0.025559428910650765
group_491.aln,0.01723686037318008
group_2850.aln,0.0
ybdO.aln,0.04193476712491055
fadM.aln,0.010469914863471465
sapA.aln,0.014580823783693695
group_2840.aln,0.004509084711891366
group_481.aln,0.013160858462655845
rcsF.aln,0.0077572897730487905
ssaS.aln,0.014371359753832776
nupG.aln,0.014567167083959984
group_943.aln,0.0038985788134988614
group_3911.aln,0.015344001926337992
group_2582.aln,0.012482908526839432
group_1790.aln,0.009202691553275315
group_3869.aln,0.014859139305169876
glgX.aln,0.027224553659099753
ybhQ.aln,0.015302476566427388
group_2592.aln,0.013744770527109037
group_953.aln,0.014920096710371741
group_1780.aln,0.013026592854325107
yjfP.aln,0.009052228440913388
fliO.aln,0.013046351278163565
group_3879.aln,0.006704125168882882
creD.aln,0.10857846906679273
group_1934.aln,0.010215219124665246
yabI.aln,0.015340940282841303
entC.aln,0.015426353338780008
bssS.aln,0.008635349175658127
group_3937.aln,0.01672848297750905
group_184.aln,0.0224590024531105
cueO.aln,0.013536242663510594
group_975.aln,0.019292619482113492
group_3927.aln,0.02891084970179236
group_4180.aln,0.103815769169247
group_194.aln,0.012157001601860772
bacA.aln,0.0136728026572933
group_2289.aln,0.015503896805862017
group_3783.aln,0.027056948947203653
group_1912.aln,0.012795421286425822
iscR.aln,0.00961888746468676
group_3793.aln,0.021561143427824697
mdtI.aln,0.01622551216050401
ybgI.aln,0.009475969805890664
hofC.aln,0.018098698613023073
group_1285.aln,0.013480352803721592
group_2866.aln,0.0021141339142001937
ydbL.aln,0.009540910338834103
nusA.aln,0.013032345579286434
ydcL.aln,0.024167192096619813
iacP.aln,0.006330130468219881
group_576.aln,0.033316185266759724
group_1344.aln,0.009495593745466982
group_566.aln,0.01180090126396361
group_323.aln,0.0125618302357338
mnmA.aln,0.009839114902486729
group_1511.aln,0.00866141082224831
group_4337.aln,0.061962089873800696
group_2703.aln,0.001831139610724577
group_1469.aln,0.01083138716370125
recB.aln,0.015075869566143102
group_1501.aln,0.009930732892966913
hopD.aln,0.01534015548885589
group_4327.aln,0.06383729878815259
eutG.aln,0.0272308576009272
group_333.aln,0.009320138274095034
yiiY.aln,0.011403299074706122
lasT.aln,0.016613077608013983
group_4051.aln,0.014351966444955733
group_63.aln,0.014097893245829416
yoaB.aln,0.007602025432219843
group_4041.aln,0.031563419524600206
group_2475.aln,0.013272112290904357
group_73.aln,0.016727837243638754
group_4139.aln,0.10754369942002698
group_1022.aln,0.010791663407848076
yraR.aln,0.015546060191761133
group_610.aln,0.01809556093648355
yebS.aln,0.007027736818233072
group_600.aln,0.013173983048344183
group_2358.aln,0.0021270249746526337
yhbO.aln,0.00589004548943845
group_4614.aln,0.025660145792731844
group_1032.aln,0.01071594777677752
group_778.aln,0.011675563699048855
sseB.aln,0.016783152914006203
pipA.aln,0.09460077705079835
group_1040.aln,0.016025894213810697
nagC.aln,0.010585392823723843
group_2252.aln,0.01538607951394288
group_1138.aln,0.011982001670954175
group_662.aln,0.014927903504102362
group_1128.aln,0.0003523556523666989
group_1615.aln,0.009135138685652614
sugE.aln,0.00991322318608019
flgB.aln,0.010299776054798596
group_3894.aln,0.01960753328536383
group_4023.aln,0.014420361834169983
group_3065.aln,0.005102335123037467
group_11.aln,0.01751189068536833
sufE.aln,0.017202109391252805
group_2417.aln,0.009248740208582304
group_1573.aln,0.0035438194318114127
group_2619.aln,0.005576233582043137
group_341.aln,0.011407857165121774
group_2761.aln,0.01452751519635097
group_1563.aln,0.024926303285335277
group_229.aln,0.018035267795408108
group_1326.aln,0.0113014561996985
group_514.aln,0.013379685807028278
group_4478.aln,0.01898360439707467
yjdC.aln,0.009772890581305366
group_2134.aln,0.011117887598551963
group_504.aln,0.01339761315199311
group_2124.aln,0.005025098453573855
group_4294.aln,0.01453467066012633
lsrC.aln,0.007511400028461163
grxD.aln,0.005662909564010602
gmuD.aln,0.011829047375815931
yebF.aln,0.016990259624113248
ybaK.aln,0.011754377261287717
psiE.aln,0.00960139785646711
ubiB.aln,0.007983068426892967
eutR.aln,0.030157980319252906
metC.aln,0.013154413045868906
group_1181.aln,0.013272560925675633
group_1970.aln,0.0016690530901580475
group_1808.aln,0.015497290397791257
group_1191.aln,0.017595024744856833
group_907.aln,0.01243803901712788
yqfA.aln,0.005902616834402229
mlaD.aln,0.007250969347722156
hrpA.aln,0.014260035846614873
napD.aln,0.010792540996880212
lptE.aln,0.006820546984897101
group_917.aln,0.02068191137673089
group_1648.aln,0.007758440013490145
pagC.aln,0.014963384603226083
yneE.aln,0.10970450766600358
group_1730.aln,0.013381618033162285
group_102.aln,0.010669704068638678
ycdY.aln,0.006175082765836159
group_3038.aln,0.015844300039576865
group_2532.aln,0.01110997577480064
group_112.aln,0.01616356844862932
group_4106.aln,0.1116031062779873
group_1720.aln,0.01792806654149628
yfjD.aln,0.012591609745229045
group_1984.aln,0.0038151837299839307
marR.aln,0.0074114348473055406
group_4743.aln,0.13891201404420578
group_1165.aln,0.013595329429749038
secD.aln,0.009225861957497316
group_757.aln,0.01676466616909296
oxyR.aln,0.006120351154404303
group_1994.aln,0.002538168255373189
pduP.aln,0.12772846512613995
group_1175.aln,0.012985154428287593
group_549.aln,0.027211562875940426
group_2988.aln,0.0
spaK.aln,0.006240334983282478
group_431.aln,0.037687335449074426
group_4425.aln,0.024654242501276433
group_2001.aln,0.010103009584070793
group_559.aln,0.01528810046873821
nodT.aln,0.026756649615293226
group_1213.aln,0.015675085138862288
group_2179.aln,0.010269497719159226
group_421.aln,0.0066659459250931865
msrP.aln,0.009967250733212656
group_4308.aln,0.027098011447388215
group_264.aln,0.013595889775283117
group_1456.aln,0.01224003082207522
group_4270.aln,0.07070708928055502
group_4318.aln,0.04365544046677771
group_1446.aln,0.04893582206012752
group_4260.aln,0.1107233216363764
group_3226.aln,0.0
group_2931.aln,0.007833455661534282
hyaE.aln,0.027958042771761137
yjjG.aln,0.009376539240749009
ldhA.aln,0.012158805806268509
group_2921.aln,0.005578020920004358
ybeF.aln,0.008933909909516395
group_498.aln,0.010814295862953226
group_1597.aln,0.023543996224488026
rimP.aln,0.003080195106781739
group_2785.aln,0.001970802801373062
group_1587.aln,0.007974547518370022
sopE2~~~sopE.aln,0.08247282646453497
birA.aln,0.01908973588059311
yggE.aln,0.014461485789268529
group_3908.aln,0.012990631160797624
group_1789.aln,0.005049059690290584
yjfY.aln,0.1585179700142524
group_3870.aln,0.02160611416651036
group_822.aln,0.01354370476920829
group_3918.aln,0.017647204748932454
group_3081.aln,0.014432016511020758
rarA.aln,0.012948438874793558
group_1799.aln,0.008368818127697115
group_3860.aln,0.11468877083004038
yohD.aln,0.013256900092559904
pgtA.aln,0.013843609719146275
group_696.aln,0.011131506510749189
group_686.aln,0.013718409902497716
ampD.aln,0.005528517078740792
group_938.aln,0.018361358113742524
araJ.aln,0.18019225044671597
group_3812.aln,0.0040095643200348495
group_2481.aln,0.014095362426393565
group_928.aln,0.011659803816925602
narK.aln,0.01513759701674934
group_3802.aln,0.03506034549894414
group_97.aln,0.022945839175449255
group_3395.aln,0.008709936670495667
perM.aln,0.013095570854412375
ydgA.aln,0.014404345912929828
group_592.aln,0.006104366458772796
group_4596.aln,0.038745274929280336
group_2943.aln,0.0028431660029148427
group_582.aln,0.01643667313561332
rstA.aln,0.006921771776659211
bcfB.aln,0.008127404700125159
group_4212.aln,0.019923090914234717
group_206.aln,0.009604520959031181
ymdA.aln,0.010350705486913964
group_2636.aln,0.0026032245958435216
group_216.aln,0.059832118798849976
group_1319.aln,0.017863324724040695
group_2073.aln,0.008911606329855505
group_2892.aln,0.00649971816556915
group_4447.aln,0.05360255757305505
group_453.aln,0.013174021878449581
group_2063.aln,0.014345881214904006
group_3569.aln,0.005193198029977005
prgK.aln,0.0035961880676587676
yjfL.aln,0.012359701210891796
fliS.aln,0.00554697074309822
group_1271.aln,0.011554605170315587
group_4457.aln,0.02161765892661064
bamE.aln,0.0010290032325753155
group_4659.aln,0.11504444824303987
group_735.aln,0.016302564523659517
yiaJ.aln,0.011458543676893636
ssaO.aln,0.03668503065279336
hscA.aln,0.014494806840093468
group_1107.aln,0.012078713825413891
group_2305.aln,0.012861221657433513
gpmB.aln,0.01022754220610486
group_725.aln,0.0131718778610497
group_3777.aln,0.025010566445288478
dgcQ.aln,0.01286465260827472
group_160.aln,0.026020245922226286
group_1742.aln,0.011353664792511013
dolP.aln,0.009096870706121267
group_170.aln,0.015187604716936228
ompA.aln,0.014351457985372462
dnaA.aln,0.010941253061734534
ilvA.aln,0.02354192725216364
group_3476.aln,0.009829457166258531
group_1216.aln,0.01363976401036937
yciB.aln,0.005837786987358334
group_4430.aln,0.16197624978288497
group_2014.aln,0.004481083094671924
group_1206.aln,0.009620852709844658
group_4420.aln,0.032573825688527965
spaN.aln,0.011972469247581378
group_3466.aln,0.01870212233344683
group_434.aln,0.017879515828489335
group_2651.aln,0.006493537390818424
group_309.aln,0.017906238684616736
group_271.aln,0.008946272597484548
rseA.aln,0.0016075211790001472
group_1443.aln,0.010178826456703247
group_319.aln,0.018243275668873894
btuC.aln,0.012252189256104558
group_1453.aln,0.0122301712174396
group_4275.aln,0.041485556711048366
group_261.aln,0.013057597970781583
group_4103.aln,0.1316724283264514
group_1725.aln,0.0052304152113143215
group_117.aln,0.009368009910039946
group_2527.aln,0.009422485438864394
manY.aln,0.008140623446090874
fimW.aln,0.019751874622651436
group_107.aln,0.01885969966402635
group_4113.aln,0.10799321705964621
group_59.aln,0.01212367668110312
group_1991.aln,0.012631425322400847
group_2362.aln,0.011709300501916656
pduU.aln,0.06298775540739573
phsA.aln,0.014947228611611785
group_742.aln,0.011518555546676268
group_1981.aln,0.00956553519405478
group_2372.aln,0.01131887196587912
radC.aln,0.006140080001069845
yeaY.aln,0.01517089585798758
group_1160.aln,0.01071323966066594
group_3084.aln,0.015799802849404042
mntR.aln,0.013981956433662339
rarD.aln,0.017762030371850493
flhC.aln,0.00824570881797264
group_3865.aln,0.0220635538333708
hsrA.aln,0.10850210770416027
group_3875.aln,0.021130380718129064
group_1928.aln,0.014899712906352001
btsT.aln,0.015283541234922515
group_1850.aln,0.012829499564075498
group_693.aln,0.009847095681985635
group_2924.aln,0.001681606981135411
group_4489.aln,0.16720364332598725
yjjB.aln,0.012280087960200955
group_4499.aln,0.027206319305075017
group_1582.aln,0.01141621617023368
oppA.aln,0.01048132443653701
ruvC.aln,0.04579577975442801
pspC.aln,0.006286566842177982
hdfR.aln,0.007962937451938167
marB.aln,0.00938425013464614
dinG.aln,0.10608192027761343
group_587.aln,0.03169661704657774
group_4593.aln,0.040529192790915804
bcfG.aln,0.056729086750590185
yceI.aln,0.01307222980925623
sdhB.aln,0.012648914951823116
group_1832.aln,0.008809436979115556
group_799.aln,0.01794237851050265
damX.aln,0.011398305038279984
group_1822.aln,0.013523304723394273
group_3807.aln,0.023664150844976445
group_2494.aln,0.0037162396460781516
yciW.aln,0.03719232060090326
group_3817.aln,0.041865671147057346
group_845.aln,0.014242927068689215
group_658.aln,0.017548055926971187
idnR.aln,0.014498753294854153
group_2278.aln,0.009577952322160015
srfB.aln,0.016060736153764882
group_2310.aln,0.007158819520344625
group_1102.aln,0.015855773981304635
group_3762.aln,0.016598665505757903
yiaO.aln,0.01220228001611651
ssaJ.aln,0.037490444389887446
group_994.aln,0.01270089969379883
group_4019.aln,0.01272653773197781
group_3127.aln,0.003327796571593509
group_175.aln,0.017271673533571934
yjjW.aln,0.08056008842730263
group_2545.aln,0.016426773140472247
group_4171.aln,0.03704960705773495
group_3137.aln,0.02176104361354177
group_165.aln,0.012483873089824927
group_1559.aln,0.016677254678601434
yejE.aln,0.0119690556043497
sinI.aln,0.08219245819864784
hypE.aln,0.009450004217272394
group_1549.aln,0.00961043199980279
yhjY.aln,0.01781846804238643
torD.aln,0.01750470503696902
group_1274.aln,0.017027721764867238
group_3414.aln,0.007173001935381057
group_446.aln,0.020773570632432785
group_456.aln,0.013373857290628588
group_3588.aln,0.0
ycaD.aln,0.015447566064300861
group_2863.aln,0.010206770930743302
group_1290.aln,0.0102399785308213
group_2092.aln,0.011105280619379012
kdsC.aln,0.00789396952039795
ushA.aln,0.22559079244198563
yeeA.aln,0.013387556512768638
preT.aln,0.014855277604863736
group_3922.aln,0.0166499208561261
clpA.aln,0.012255015236718639
group_191.aln,0.010259974572108263
group_3932.aln,0.012615195182460492
group_181.aln,0.014063177509505458
tusC.aln,0.018679654598914373
mdtL.aln,0.018796708601347554
group_3796.aln,0.015354293318552124
yaaJ.aln,0.012797916228248166
cheZ.aln,0.015963755945284368
ppiD.aln,0.009006536614148535
group_3786.aln,0.011610895721299174
ribD.aln,0.014651710562125183
group_4044.aln,0.014592293571239156
waaO.aln,0.0226907796257161
group_1662.aln,0.014221661086946408
group_2470.aln,0.011025495915118958
ycfS.aln,0.03119803393676615
group_1672.aln,0.015073808998055514
group_138.aln,0.011671042435436528
group_2460.aln,0.013441380803874262
group_66.aln,0.011357785201662494
group_1037.aln,0.010688979298768844
sseG.aln,0.021911274287174536
fetB.aln,0.012861799845085179
dcrB.aln,0.013846961542804709
yajC.aln,0.004006541621564195
group_2235.aln,0.015635275249058847
yebV.aln,0.0043158069685014806
group_563.aln,0.011654512634295398
group_1351.aln,0.0220482781146514
group_1341.aln,0.016505644940827905
group_4567.aln,0.08659689578969187
group_573.aln,0.010067267173606457
group_2153.aln,0.012861887004815137
nudC.aln,0.03825581216573114
eutB.aln,0.01788174233171696
group_336.aln,0.015164253541849396
group_1504.aln,0.01676301245375458
group_4322.aln,0.020019411054298813
baeS.aln,0.017276808855943404
group_1514.aln,0.013285023191782533
group_326.aln,0.014526869788887434
wcaA.aln,0.023461971297701743
recG.aln,0.03067074451454299
group_4340.aln,0.012849104097947775
group_3306.aln,0.0
group_354.aln,0.05241993948035726
group_4238.aln,0.0230073578659846
rlmL.aln,0.009392431667212917
group_1576.aln,0.0188159073742828
group_4350.aln,0.02333192805197741
group_2764.aln,0.012899551974150129
ylaC.aln,0.005161617952892746
zapC.aln,0.012700368616555028
hslU.aln,0.00928830537318549
group_4515.aln,0.02394374530349465
group_2059.aln,0.013625786463790474
group_479.aln,0.016648718138822585
group_511.aln,0.00928405240533468
preA.aln,0.10615272854119448
group_1323.aln,0.008612745345574522
group_4505.aln,0.12189387253589044
group_469.aln,0.00955357890453511
group_667.aln,0.020921819785348572
chiQ.aln,0.01149748929333959
soxS.aln,0.007706476271058652
group_1045.aln,0.016107646224229104
group_677.aln,0.012708132827255865
potA.aln,0.008135572668137024
group_2412.aln,0.0022218604830766364
group_14.aln,0.016060638154555627
group_3881.aln,0.01923540534287092
group_1778.aln,0.009298651529308725
group_1610.aln,0.011719131532176666
group_3891.aln,0.037705563658539526
group_1768.aln,0.015048049236451493
ycaQ.aln,0.11988063740219522
group_2402.aln,0.024500832161206014
recR.aln,0.01468863700961842
group_2396.aln,0.007564035719609414
group_1965.aln,0.007505726126603572
group_1184.aln,0.002527768810456753
slyB.aln,0.009182094252881383
group_3838.aln,0.08957899573744414
group_902.aln,0.007706734627948717
group_3950.aln,0.02786548157010234
mlaA.aln,0.00545613112000679
yfeE.aln,0.006897859203728321
group_3828.aln,0.008523405491275822
lsrF.aln,0.007647602726068425
group_4281.aln,0.03118406221166422
yebC.aln,0.009253111154622955
iroC.aln,0.01971442917806739
group_4291.aln,0.04232143908576458
yecC.aln,0.019232755763420473
group_285.aln,0.016255044540030163
cesT.aln,0.020539985608580703
group_2198.aln,0.007909772771364667
corC.aln,0.010590537715091662
group_3399.aln,0.0
group_1481.aln,0.017461936434707313
ulaE.aln,0.020882637391186006
moeA.aln,0.02165472200379365
group_2827.aln,0.0036205616246127383
ytgA.aln,0.009518489418778704
group_1953.aln,0.009676260552567519
srmB.aln,0.012289776467938439
yijO.aln,0.01746634653269601
ampH.aln,0.016837430106233515
group_780.aln,0.013512341614950242
group_1943.aln,0.012556216645880306
surA.aln,0.10708225256472628
mukB.aln,0.11299003893613431
dedD.aln,0.01660312886268449
rpoE.aln,0.003929104276361239
group_924.aln,0.012571171351476593
spaR.aln,0.009833023439742777
group_1073.aln,0.011898476929077395
group_641.aln,0.012771939755549772
group_2261.aln,0.007906223414219548
group_1892.aln,0.018250897504352503
yiaF.aln,0.0058045690889206815
group_651.aln,0.05065388259696992
group_2309.aln,0.009002045121938269
sptP~~~sicP.aln,0.011971981511667423
group_729.aln,0.01595208056017978
group_2271.aln,0.019273785473709046
group_1626.aln,0.015377115085158488
group_32.aln,0.01591599840357361
group_1636.aln,0.015789160934923004
drpB.aln,0.023153540488706013
group_22.aln,0.01608885676097899
group_4168.aln,0.02696660719542795
group_3320.aln,0.012527496337848608
group_372.aln,0.007364462155007867
group_1540.aln,0.00782233269905164
group_2752.aln,0.007321361170449072
group_1438.aln,0.014731719173947194
group_4376.aln,0.023547991674131383
group_3330.aln,0.003031019849022918
group_362.aln,0.019081872677546793
group_1428.aln,0.00380420729967031
yejL.aln,0.005804718179351474
group_527.aln,0.018582747941075457
cbdX.aln,0.033667832515455534
group_1315.aln,0.04107992243301045
group_4533.aln,0.023227129480439045
group_2107.aln,0.007682049884970632
group_4523.aln,0.14518006449620963
group_537.aln,0.022382404793679853
group_1377.aln,0.0065774483572940785
group_4551.aln,0.06853051265917885
rluF.aln,0.014204054185049265
group_545.aln,0.009598130657269657
yjaB.aln,0.004775303142050804
group_2165.aln,0.018361148195404735
ykgJ.aln,0.00952117405907417
group_555.aln,0.014890158244074594
group_2994.aln,0.004746014909429006
group_1367.aln,0.00911082301981049
group_4541.aln,0.027842613123977504
group_2175.aln,0.0048835132727762754
azoR.aln,0.011512012286136932
yciK.aln,0.008173448616024155
group_1522.aln,0.01075425602026735
group_4304.aln,0.07426209597739131
group_310.aln,0.016992212626522073
osmW.aln,0.016710743990364225
nrdH.aln,0.013205326533828938
group_300.aln,0.013010142426055875
group_4314.aln,0.033480282268251456
group_278.aln,0.011000672832794168
mreD.aln,0.006039696890160321
yobA.aln,0.016004362123599673
group_897.aln,0.005905824920766397
group_50.aln,0.020070955503672838
group_4072.aln,0.01533319085241264
maoP.aln,0.003087009697725946
group_1654.aln,0.01838541784539025
qseD.aln,0.018498657454367472
group_887.aln,0.019724716465698282
group_3671.aln,0.04347930731040422
group_623.aln,0.012470332047505334
group_1988.aln,0.0056380629130701005
group_4637.aln,0.023363220346177774
group_1011.aln,0.00974992741642791
invF.aln,0.00501610366005972
group_1001.aln,0.02060271178464229
orgA.aln,0.006438288632257448
group_633.aln,0.015745446894320492
group_1998.aln,0.01058452111884633
group_2213.aln,0.0
group_956.aln,0.024261997410820822
group_3904.aln,0.04048605071388617
fliJ.aln,0.0027643477269002664
group_2587.aln,0.010612549903508696
group_946.aln,0.013971472990289514
group_3914.aln,0.11688051194024192
group_1795.aln,0.021147832911958337
group_1931.aln,0.0074767431293196835
group_1849.aln,0.014495702412292753
group_1921.aln,0.0055349379754262495
yhjE.aln,0.013164974394220203
nhaB.aln,0.013037994951304298
yacL.aln,0.0161741297560269
creA.aln,0.01301961954955363
group_1859.aln,0.015049997756658629
ybdJ.aln,0.009612814289542913
sapD.aln,0.012310699374744834
group_4490.aln,0.027802465083303914
mglB.aln,0.10441877671121809
ssaV.aln,0.013067124234983704
kdpE.aln,0.011200537390081774
group_2799.aln,0.004529317490191811
fixC.aln,0.02809443634930241
ettA.aln,0.012526688846183003
group_235.aln,0.008686226673519964
group_4221.aln,0.06018646366584115
topB.aln,0.010520267984530523
group_2605.aln,0.016067709547155706
group_4231.aln,0.036171429916911836
group_225.aln,0.009080299035223137
group_2040.aln,0.011789940508418997
group_518.aln,0.01102482627094957
sipA.aln,0.014990364298636025
ybjN.aln,0.006787856839063266
group_2138.aln,0.02022429471208991
cybB.aln,0.11460649499125877
group_3432.aln,0.009350058087910602
group_460.aln,0.005167714932391812
group_7.aln,0.01783758629465249
group_508.aln,0.011232753207970502
group_1242.aln,0.009444343578174573
group_4464.aln,0.10876198445592074
group_470.aln,0.011807340801049086
group_4712.aln,0.31770264057766645
group_1134.aln,0.014046042331112112
group_706.aln,0.015564013829357987
group_1124.aln,0.0110830983663798
ygiM.aln,0.008624344072624086
mhbT.aln,0.013082255545392775
group_2573.aln,0.006988271376864147
group_3898.aln,0.049700541152072966
flgN.aln,0.005628072452742251
group_4147.aln,0.1097278121034375
msgA.aln,0.007267335330063165
group_1761.aln,0.008142666641453468
group_153.aln,0.014745631568860804
group_3069.aln,0.006059086379475247
group_2563.aln,0.012687479862133411
potH.aln,0.0185205487471061
group_1609.aln,0.018472630672580766
group_143.aln,0.011706817635980728
ccmA.aln,0.023771975060948684
group_4157.aln,0.11449326549812956
group_3888.aln,0.018642088395423192
csgD.aln,0.010996649274988009
group_4086.aln,0.04655763558354905
group_3959.aln,0.020032176840715087
darP.aln,0.006600237914869127
group_3821.aln,0.01594755924887031
napH.aln,0.010255067470065523
group_873.aln,0.017659373992460696
group_3831.aln,0.019479662076602344
group_863.aln,0.010797625638761249
tamA.aln,0.010339881830123973
group_4298.aln,0.06410807548010809
zitB.aln,0.016716421054327073
group_1393.aln,0.019871787503720442
group_2181.aln,0.019365607817882657
yfiR.aln,0.008321050752458512
ftsZ.aln,0.11565244110008338
pmbA.aln,0.01280964841126202
yfhR.aln,0.024222451870941623
group_2808.aln,0.00826440659385524
ybgE.aln,0.02315819541434107
spiA.aln,0.014506860963220116
group_1289.aln,0.008464976855447934
aabA.aln,0.1040059699232385
group_2912.aln,0.0038259992945125086
group_1299.aln,0.01970348810177021
hycF.aln,0.024015004314403614
group_4382.aln,0.0250305405754975
yhdT.aln,0.007670306827319058
group_4392.aln,0.02756375400244096
group_386.aln,0.017054708203308327
group_969.aln,0.013363637790094671
group_3843.aln,0.015229234062650174
group_188.aln,0.014464369378654836
group_198.aln,0.015336987339512788
group_801.aln,0.007030041208828586
group_1097.aln,0.01018713269131221
group_1876.aln,0.005142133102578896
ugpA.aln,0.011762847600393346
group_1866.aln,0.021280348995812295
group_2295.aln,0.009879075985064677
hinT.aln,0.004648350766670298
group_131.aln,0.00960410082954597
group_2469.aln,0.01276968243121212
group_4125.aln,0.014870294821361008
group_1703.aln,0.019170620677873125
yfhG.aln,0.0332683450861269
group_3992.aln,0.006459853626722813
nirB.aln,0.025538476058354197
bglA.aln,0.015250009721543176
group_2501.aln,0.009345628703635605
group_4135.aln,0.11957572213690415
group_1713.aln,0.010791110033921813
group_121.aln,0.013725994854439694
yhcC.aln,0.015082392499758525
group_2344.aln,0.0024795361429166027
group_4608.aln,0.022030364008701106
group_764.aln,0.019087828644019398
group_1156.aln,0.015440390909147358
group_4618.aln,0.019488558561461932
group_1348.aln,0.015876937580566155
bepA.aln,0.010976642200494933
nudJ.aln,0.01700177000064863
group_402.aln,0.01018305290736009
group_2032.aln,0.01224491807242808
group_412.aln,0.006396365727347944
group_1220.aln,0.01248691734309686
group_4406.aln,0.11261965079272832
group_2677.aln,0.01260940608733444
nrfG.aln,0.015614233551326013
recN.aln,0.009574555520725973
pmrD.aln,0.00475724957652604
group_2667.aln,0.00925707316346452
eutK.aln,0.016938432200721863
ydhI.aln,0.00660548468986502
group_247.aln,0.008777329828956746
group_3215.aln,0.00797638319725434
group_1475.aln,0.014491578082047091
group_4253.aln,0.02238850689340664
plaP.aln,0.010516423686143247
ompL.aln,0.011388671050528088
group_23.aln,0.015654048881451804
group_3057.aln,0.00629776555484363
group_1637.aln,0.010041213695931509
group_4011.aln,0.11145396717823758
group_33.aln,0.01317194585872854
group_1627.aln,0.01032018139815363
group_4001.aln,0.03183330867653257
yncJ.aln,0.011088955630842402
group_3047.aln,0.023263773665009077
group_1883.aln,0.010112705038440448
fepG.aln,0.012000486712863828
group_650.aln,0.014523119159545211
yegS.aln,0.036063502544668974
group_1893.aln,0.009605704965309346
group_2260.aln,0.0013365214400116166
group_738.aln,0.01933788979813964
group_1072.aln,0.016302005630238037
group_4654.aln,0.1354935616766374
group_640.aln,0.008691012796987132
argP.aln,0.015317582770102025
group_1304.aln,0.015228812696801184
group_2106.aln,0.004218493490358069
tonB.aln,0.016892787068535416
group_526.aln,0.012738834111530862
group_4532.aln,0.02338354262296819
group_1314.aln,0.013908245632308046
entR.aln,0.019778880319110872
yejM.aln,0.009509045515638664
group_1429.aln,0.014962827626393824
decR.aln,0.010035528132849126
group_4377.aln,0.04167556914030929
group_1551.aln,0.0029793162448682386
group_363.aln,0.02864468765484537
group_373.aln,0.014941979861059067
group_3321.aln,0.006550837480620318
yhjQ.aln,0.04477866447368866
group_2836.aln,0.009850179615217766
znuA.aln,0.006651675296678888
zupT.aln,0.01551715058224009
miaE.aln,0.011761039657756066
group_2826.aln,0.0010290032325753155
lysP.aln,0.009322871844598606
phoR.aln,0.008602612664712572
group_1490.aln,0.017496075440089826
ulaD.aln,0.042081064569311245
group_1480.aln,0.009947790297701499
pduH.aln,0.046768764292349545
group_3398.aln,0.006630355919737633
spaS.aln,0.008827860833390636
group_3196.aln,0.0
rpoD.aln,0.013248892957173233
group_3967.aln,0.01702410484496738
group_935.aln,0.012413786953856731
osmC.aln,0.010353375109530247
group_791.aln,0.015104416379583074
group_1942.aln,0.006925560735153562
group_781.aln,0.009767451105524131
group_1858.aln,0.0036366530096110174
group_1920.aln,0.012018139759685615
group_1848.aln,0.028123530660636182
group_1930.aln,0.010333300228329064
cyaY.aln,0.057586784380857264
group_2586.aln,0.008913828544336503
ybiU.aln,0.019376753729714452
group_3915.aln,0.07636762850757994
group_3905.aln,0.015223818726808822
group_2596.aln,0.002527768810456753
yqcA.aln,0.016318780231729557
group_3292.aln,0.008790112248537818
rcsB.aln,0.007173073628059096
group_3282.aln,0.009104233948550451
mglC.aln,0.016431038365360046
nupC.aln,0.02160443816331292
group_4481.aln,0.036729784390785024
group_495.aln,0.01415407725506119
emrA.aln,0.01592147245346935
tatC.aln,0.00931607369847422
group_4491.aln,0.02364794996328128
group_279.aln,0.015114873826520072
asr.aln,0.04353020780322895
group_2721.aln,0.00558131353348851
group_301.aln,0.01513864404309198
nrdI.aln,0.021831578509136654
group_4315.aln,0.177441834852215
hemY.aln,0.01589013644509251
osmV.aln,0.012618820841938994
group_269.aln,0.007891083662614033
siiC.aln,0.01617670261854929
group_4305.aln,0.08143219066010847
group_1523.aln,0.013191162631749326
group_311.aln,0.020456642221231714
group_2649.aln,0.009143841284949251
group_2174.aln,0.008347338228238242
group_554.aln,0.016946862009110494
group_2995.aln,0.01425310252078683
group_4428.aln,0.021817188386839496
ychJ.aln,0.05040052916336747
group_1376.aln,0.01612743430750429
group_2985.aln,0.005307079079416668
group_544.aln,0.012027350220572094
gudP.aln,0.00812758498983292
group_2212.aln,0.007642682633745565
group_1000.aln,0.013401735768124505
group_4626.aln,0.11530732349276589
yhaM.aln,0.018127126886807815
group_632.aln,0.017036888044790414
rhlB.aln,0.005683005407843523
group_1168.aln,0.008960635092104322
invG.aln,0.01157751656768516
group_1989.aln,0.014668304047779296
group_1010.aln,0.013243883087573108
mscM.aln,0.014391264892863576
group_886.aln,0.019070973224995492
qseE.aln,0.011365858536037351
group_1655.aln,0.007341508719258168
group_4073.aln,0.023941893949983386
glmU.aln,0.019705478077512505
group_51.aln,0.016535454920006288
group_896.aln,0.024341555842190162
pagN.aln,0.028751130662880306
group_3025.aln,0.007312182936265294
adhE.aln,0.01597672715161045
group_4063.aln,0.11005399650552053
group_862.aln,0.014567423768598247
group_3830.aln,0.043901469731260356
group_4097.aln,0.11050819301183755
group_3948.aln,0.1107531616628018
hpaR.aln,0.010125120414913596
sulA.aln,0.007403927511533531
group_872.aln,0.008762480141989045
group_3820.aln,0.02814254001937612
ravA.aln,0.01609644149328933
ygbE.aln,0.009540910338834101
csgE.aln,0.005285334785500483
ppnN.aln,0.012957751624050624
dsbC.aln,0.007663766942986305
rsfS.aln,0.0069582284744703245
metN.aln,0.019062738978871483
group_2809.aln,0.01873704005618592
group_2971.aln,0.002325547305620213
group_1382.aln,0.06483940035621676
psiH.aln,0.015541598774684643
group_2819.aln,0.00783997903668996
group_2180.aln,0.02314417599606845
yifK~~~thrP.aln,0.1037635265701285
aaeB.aln,0.013476117263508947
malK.aln,0.010947781847430768
fhuC.aln,0.019632612807323774
group_4289.aln,0.018731975587511544
dacA.aln,0.10542760069943641
group_4299.aln,0.10967965530714521
group_4465.aln,0.012773960925125071
group_1243.aln,0.005921095104697583
group_471.aln,0.011824171980169235
group_509.aln,0.01794211391063436
group_2051.aln,0.017800710216437594
group_461.aln,0.012292857293896783
group_6.aln,0.015803224958859968
group_519.aln,0.01490112905820976
fur.aln,0.004485303646063887
group_2041.aln,0.01694002067173725
ygeR.aln,0.007149238012445737
group_4230.aln,0.10510561477405526
yeiB.aln,0.014089528052803469
rlmD.aln,0.011957574076836534
group_224.aln,0.012626756849468256
group_4348.aln,0.025833913947336123
group_2604.aln,0.009452614344566256
yaaW.aln,0.011907611377707593
group_234.aln,0.01659826831075216
group_4220.aln,0.13925575284763447
bcsG.aln,0.012484150352301975
group_2614.aln,0.006428183269891779
group_4358.aln,0.024864770538176664
fixB.aln,0.024504276443083235
group_142.aln,0.015311045827761098
group_1770.aln,0.020153178841260225
group_1760.aln,0.009093705642981037
group_4146.aln,0.10880548292190771
group_3899.aln,0.017845214502859398
rhtA.aln,0.017750698856392348
exbD.aln,0.005987901726844729
mddA.aln,0.011007039502198454
yicH.aln,0.017281347193553568
group_1125.aln,0.025877520140339977
group_4703.aln,0.07320666462654865
group_1147.aln,0.026110830196671493
group_775.aln,0.023169743700216225
group_4619.aln,0.11965927156020119
group_2355.aln,0.005893654942030257
group_765.aln,0.02098036949570351
group_1157.aln,0.010796304749753835
group_2345.aln,0.008209464855219962
pstS.aln,0.018674593740794755
group_4609.aln,0.17666975968241186
yfiF.aln,0.11303144538949067
ftsN.aln,0.017984372565266075
group_1712.aln,0.009063140071744174
group_4134.aln,0.10787049243993391
group_120.aln,0.022019755644864875
group_3993.aln,0.016468086941348003
yqjG.aln,0.05997152543167192
lacI.aln,0.04212446686042999
nirC.aln,0.03920640321925649
group_1702.aln,0.010714691618577424
group_3983.aln,0.00949399148312681
group_3214.aln,0.007012543565932953
group_246.aln,0.008291164859393347
group_1474.aln,0.019229247036559604
eutJ.aln,0.037912028679637
group_4242.aln,0.027884707882807922
recO.aln,0.011322492790734169
group_1464.aln,0.018509124542858135
wcaI.aln,0.01623529567405291
yihT.aln,0.0179334045088257
group_256.aln,0.016171147107052936
ydiH.aln,0.010818828900810335
group_413.aln,0.012754416810480939
yfeX.aln,0.015154091250791219
group_4407.aln,0.10995613489109439
group_1221.aln,0.01680643036890401
group_2033.aln,0.011008540571550067
group_403.aln,0.008049190364150603
yfdX.aln,0.017648868865022458
group_1349.aln,0.0061920271265524926
zraS.aln,0.029510289249957453
group_4393.aln,0.02802732349550518
group_387.aln,0.022870395487475024
group_397.aln,0.019559789396682792
group_4383.aln,0.013035960963877618
ycaL.aln,0.013268358458461423
group_1298.aln,0.011114107355718895
hycG.aln,0.02168167263098018
mgrB.aln,0.0024224451100210553
nuoB.aln,0.005534230862209565
hybG.aln,0.008886412268600655
group_1288.aln,0.020417047108940486
rspA.aln,0.015178184483224425
mdtD.aln,0.014630413594359038
scsD.aln,0.027997180086011573
group_2284.aln,0.012505849976431135
group_1877.aln,0.006546749422895693
group_1096.aln,0.007171742245687675
group_800.aln,0.00806754325995716
group_810.aln,0.009735224491223294
group_3842.aln,0.02105063936043458
group_968.aln,0.010638269007499998
group_1841.aln,0.010196090470101742
group_692.aln,0.015688418596270695
group_1939.aln,0.01159739956822454
roxA.aln,0.017935379169064607
group_1851.aln,0.014491903050996098
tctD.aln,0.013043552762416453
group_1929.aln,0.012788865243110924
fliB.aln,0.1924652133887982
group_826.aln,0.013400347593031648
pgtE.aln,0.01693939376857487
mntS.aln,0.005325283539514135
group_3864.aln,0.009472447344953111
flhB.aln,0.009280302438451423
group_3085.aln,0.016424935407308595
ruvB.aln,0.022777471127754672
pspB.aln,0.005454979514416526
yccJ.aln,0.003853238135529326
ycbJ.aln,0.014128967160406371
group_4488.aln,0.025626231355183552
group_1452.aln,0.012022667608012017
ydjN.aln,0.019094120746819522
sopA.aln,0.29218153539021047
nanT.aln,0.011241821073493299
group_4264.aln,0.023197865694039404
yadS.aln,0.015971034991346725
spaO.aln,0.012513076392619284
group_425.aln,0.017878727434943432
yciC.aln,0.005357418430405581
group_1217.aln,0.017984156466533438
sitD.aln,0.017130799886031025
pdeD.aln,0.015895169823439113
ytjB.aln,0.012276230302933991
yigL.aln,0.0061433435306580365
group_753.aln,0.010879222795042108
group_2373.aln,0.0034629844770039274
group_1980.aln,0.003546020280258915
group_1019.aln,0.011594029127686565
group_1171.aln,0.007908401467488446
pduT.aln,0.040709591416575354
ackA.aln,0.006150604883806713
group_743.aln,0.015356966400848247
group_1009.aln,0.008773410425726845
group_2363.aln,0.003566790346043271
group_1990.aln,0.008811480832998748
steD.aln,0.04118040207791695
group_2526.aln,0.004668398772267474
yqhA.aln,0.018819642703147454
group_1724.aln,0.018118575551158082
group_48.aln,0.01933091374008381
group_116.aln,0.007843073310451169
yqiA.aln,0.0063516892815427915
group_1756.aln,0.007051999382782337
group_4170.aln,0.10809156710909275
tcdA.aln,0.010198858139740093
group_164.aln,0.011135562018270984
group_3136.aln,0.0111098782815283
csrD.aln,0.010601644896886368
group_4008.aln,0.00622914456862557
group_2544.aln,0.0088763358502644
group_174.aln,0.009596588639374036
yjjV.aln,0.02284134924896575
group_1746.aln,0.06531726194891996
group_4160.aln,0.11888410693327092
group_2554.aln,0.002414437464895933
cbiN.aln,0.006073564007894422
group_4018.aln,0.10467829626843676
group_995.aln,0.015902746774983968
group_1103.aln,0.019069136264801705
group_2269.aln,0.022447364592032986
ssaK.aln,0.014269214895962253
group_3763.aln,0.020224639259522347
group_731.aln,0.023446370161219452
srfC.aln,0.017755706237881627
bamA.aln,0.04318965060795602
group_2279.aln,0.007973125022551146
group_3773.aln,0.01470501261997942
group_721.aln,0.012430540694312453
group_1113.aln,0.009977015763322408
group_457.aln,0.01910702028846625
pgtP.aln,0.012089172914094707
group_1265.aln,0.009470346418470773
rodZ.aln,0.017474851821769968
group_4453.aln,0.11466844128093967
yggT.aln,0.00983251835872084
group_202.aln,0.010851485947046895
group_1430.aln,0.009831167726412878
group_1548.aln,0.013090120416371588
group_3240.aln,0.0030201913060002765
group_212.aln,0.014801280567062237
sinH.aln,0.13006759898094541
htpX.aln,0.00935473307675356
yceH.aln,0.013021884729340178
group_2957.aln,0.002302522084772488
adiY.aln,0.06642138888357486
group_596.aln,0.012897169668129827
fimC.aln,0.01750892579194213
group_1489.aln,0.012856732882459877
pduA.aln,0.0012239722661159015
treR.aln,0.012512808315083229
marC.aln,0.006267677717382201
group_1499.aln,0.01320303291844501
yrbL.aln,0.016312297929424836
cadA.aln,0.007262732905313651
group_2485.aln,0.013572160173953211
yciV.aln,0.013637919273781432
group_83.aln,0.01598587824205987
group_844.aln,0.04208169280856435
group_3806.aln,0.01590476704088237
group_93.aln,0.01170004234445227
group_2495.aln,0.0007751824352067376
group_1823.aln,0.009377089814516347
group_798.aln,0.01553572360761327
group_1833.aln,0.026801248662498094
msrA.aln,0.016175879819115276
yidC.aln,0.006514064208018293
group_2234.aln,0.009106243745757834
tdcA.aln,0.011309137182545089
lsrR.aln,0.006758226609436559
group_614.aln,0.013498498988872728
group_1026.aln,0.012233814999962461
sseF.aln,0.028951834539567654
group_2224.aln,0.000653243625174217
cbpM.aln,0.002279948338843346
group_1036.aln,0.01155386245106021
group_604.aln,0.016791506545593898
group_2461.aln,0.005580716232515458
ycgR.aln,0.015936072861617474
group_139.aln,0.020745543402730802
group_1673.aln,0.017787176464826367
group_4055.aln,0.12853204988723077
group_77.aln,0.012985043519808179
ycfR.aln,0.01907293863588018
group_2471.aln,0.012138800693379267
aldB.aln,0.021977728920856112
group_129.aln,0.026755612675821723
group_1663.aln,0.0315575847656266
group_4045.aln,0.014564826566434385
citT.aln,0.10727751534429243
recF.aln,0.016505994628961386
pocR.aln,0.008634587912221818
group_4333.aln,0.035669262928794576
mnmE.aln,0.021089806353566973
group_3375.aln,0.008191214305215442
group_337.aln,0.015291971820015043
metR.aln,0.009337508818783745
group_2152.aln,0.005821703095558994
nlpI.aln,0.0007883211205492247
group_572.aln,0.018080064700880343
group_562.aln,0.015011667352799633
group_1350.aln,0.008846250788374251
ydbH.aln,0.10713389261112542
gltJ.aln,0.01209806320232324
group_2093.aln,0.016563884455826527
group_1291.aln,0.013500333084112703
group_2862.aln,0.008786903731754201
group_2083.aln,0.007960714940902586
group_3787.aln,0.02461262172183829
mdtM.aln,0.012224874793767678
tusB.aln,0.014154865326111439
tolQ.aln,0.009202448159914093
amiC.aln,0.005728853453940319
group_809.aln,0.016315342046854513
ssrA.aln,0.014548664168412115
group_3923.aln,0.020488616655008705
group_971.aln,0.013741964208912088
group_3829.aln,0.03775186136919747
yfeD.aln,0.005010442363006804
group_3951.aln,0.10709676543863147
group_913.aln,0.016184678394623994
lptA.aln,0.004289503869387338
arcA.aln,0.009968268868588754
group_1185.aln,0.011676410671200418
group_1964.aln,0.001107403478866768
group_2397.aln,0.008546333781803132
tehB.aln,0.004048613357553764
group_2810.aln,0.006723259780054266
group_2189.aln,0.012684674060616245
citA.aln,0.014825463964488719
group_284.aln,0.014662077622947958
iroB.aln,0.014128250411693907
erfK.aln,0.009482522645660284
group_294.aln,0.01131782433895939
yebB.aln,0.05422470193401239
group_4280.aln,0.09705783438619078
group_468.aln,0.008442384870852334
group_1322.aln,0.013819603927263406
group_478.aln,0.014526482134635905
sohB.aln,0.010961921016977417
zapB.aln,0.004360401198037899
group_345.aln,0.004569650719018271
group_4351.aln,0.028123500270592596
group_1577.aln,0.009932225414362906
group_4239.aln,0.09747156499726214
group_4341.aln,0.012685595783612004
gstA.aln,0.014925178156522662
yhhW.aln,0.05718843630455909
flgF.aln,0.00869927383106408
group_3890.aln,0.11673356167315178
ypjD.aln,0.007806199368136994
ycaP.aln,0.008702277019444309
group_1611.aln,0.008600581505482895
group_4037.aln,0.01217083437453071
group_2413.aln,0.001481240322051091
group_1779.aln,0.01913042680716606
group_3880.aln,0.011994963759202034
acrB.aln,0.10321608661827594
group_4027.aln,0.02194601698928614
livM.aln,0.01649053317563835
group_2246.aln,0.003943730984790628
chiP.aln,0.09955869689314747
gndA.aln,0.01785778759687508
group_1054.aln,0.015074105115486802
dcuA.aln,0.00860447870796943
cysZ.aln,0.010684846599687676
soxR.aln,0.006734760239177014
group_4493.aln,0.01845566384840157
yccA.aln,0.006453734498239998
tatA.aln,0.003445248215296809
group_487.aln,0.017010327193109055
group_1598.aln,0.013155230376241658
mglA.aln,0.17924373813638325
group_3290.aln,0.00241874976738655
yegD.aln,0.14327834713278292
ssaU.aln,0.014384280129181606
group_1588.aln,0.017046880769058265
group_1786.aln,0.013607184492032184
yqcC.aln,0.02100188333197901
group_3907.aln,0.019490099722625207
group_955.aln,0.012748134380045068
yohK.aln,0.010880113678589026
group_3917.aln,0.02316397005269016
group_945.aln,0.006936293118862056
ybiW.aln,0.019753045674060065
entE.aln,0.015220132598843127
group_699.aln,0.018983172122807715
creB.aln,0.01903647915838917
group_1922.aln,0.012014723871572233
nhaA.aln,0.012189469886174855
group_894.aln,0.014816842830536562
group_2455.aln,0.0187534185361028
yobB.aln,0.012434289947304422
group_4061.aln,0.022159787864813416
yneJ.aln,0.009299978335711905
group_43.aln,0.013679531410148299
group_884.aln,0.009836171471180828
group_3037.aln,0.011855919376259755
yqiJ.aln,0.014063375257971583
phoE.aln,0.07102420036135808
invE.aln,0.008311522369950228
group_758.aln,0.01799909687857939
group_1012.aln,0.010001531386612585
group_620.aln,0.01128690947093563
group_3672.aln,0.02928989811166579
group_748.aln,0.010119953191447026
group_2210.aln,0.006326793185093199
orgB.aln,0.014127871208721063
mlrA.aln,0.013443992276121175
group_1002.aln,0.015184072586381622
group_2166.aln,0.007433749812586325
narQ.aln,0.014507015390327739
ychH.aln,0.026514548367803113
rpoS.aln,0.006417873047073548
sgcE.aln,0.025111056945135164
kdgA.aln,0.010021272797126345
dnaK.aln,0.009329464830555474
group_556.aln,0.018337160772637702
siiA.aln,0.02074582140939547
group_3239.aln,0.010524337903950144
group_1459.aln,0.01688804621258467
iraM.aln,0.005801401337863374
group_1521.aln,0.017007151978135404
group_1449.aln,0.008730922386774228
group_2723.aln,0.023708297100640062
group_4317.aln,0.02050314297915085
lexA.aln,0.011455302866008179
group_303.aln,0.01327593574311954
group_4365.aln,0.11751034663913489
group_371.aln,0.010776671708016015
group_3323.aln,0.0016377093701550795
group_2741.aln,0.011473866101516973
group_219.aln,0.021177421196056433
group_361.aln,0.02089374754429153
group_3333.aln,0.018587825083695005
group_4375.aln,0.029834951016211773
group_2104.aln,0.01052474341095097
ybiB.aln,0.11781020445701121
group_524.aln,0.018123749445579693
group_4458.aln,0.016625173439451295
group_3768.aln,0.014126803034333094
group_2262.aln,0.02830961301744931
group_1891.aln,0.007382363956754936
lolB.aln,0.013155566167616626
clcA.aln,0.011762728473854667
group_1108.aln,0.02375478163465334
group_642.aln,0.013038381940096988
group_4656.aln,0.06577586666894888
group_1070.aln,0.012646852710389057
group_3778.aln,0.18157711083773134
group_1881.aln,0.010115362290919278
group_652.aln,0.017899212319845318
fepE.aln,0.1088160764613336
group_31.aln,0.03370779752129744
group_4003.aln,0.015759183642811866
yccT.aln,0.009128330625418382
group_4013.aln,0.008794599862044127
group_783.aln,0.013603123998118078
group_1838.aln,0.00913139388662752
group_793.aln,0.010587787250917378
srlA.aln,0.01357223260391679
group_1940.aln,0.01351435238739896
group_88.aln,0.012676571895317122
group_3965.aln,0.015294454438248586
araE.aln,0.011654621598957589
spaQ.aln,0.0040095643200348495
group_98.aln,0.01758626670452329
group_3975.aln,0.031412266426424515
group_927.aln,0.009873841727087643
pduJ.aln,0.02577430832704771
modB.aln,0.010176720856876648
group_1482.aln,0.011562278498462485
moeB.aln,0.020500945262728262
group_2680.aln,0.010718003455154102
yrbG.aln,0.009692118270173616
group_2824.aln,0.022892242083540577
fabI.aln,0.00938198685953369
phoP.aln,0.008807815163578116
group_4589.aln,0.02308400623505983
znuC.aln,0.014217702141728066
fimH.aln,0.025835415658815017
group_4599.aln,0.02955840687688291
group_2159.aln,0.007546303865970911
nudI.aln,0.016299384061359827
group_401.aln,0.014322671182709636
group_3453.aln,0.003948055037915651
group_1233.aln,0.011236013252285215
mioC.aln,0.009588908371925036
group_4415.aln,0.050603866565961414
group_579.aln,0.013623964408981044
minC.aln,0.0027038587109336747
group_1223.aln,0.009965344192431683
yfeZ.aln,0.011598228567994685
group_569.aln,0.011430110250057243
group_254.aln,0.02072206915833283
group_4240.aln,0.04892684932116071
pmrG.aln,0.013103272196074264
nrfD.aln,0.055163206762485706
chbG.aln,0.012696323474612812
group_4338.aln,0.11452811641434812
group_4250.aln,0.025373774665916053
group_3216.aln,0.0
group_4328.aln,0.03159967289085727
eutH.aln,0.01819372652565521
group_4126.aln,0.016130707129729617
ubiX.aln,0.013243428933714241
group_3981.aln,0.10699779008614392
group_1678.aln,0.00906007174609816
group_2512.aln,0.017209913968075113
proW.aln,0.012090639178367864
group_122.aln,0.012765218531212453
group_4136.aln,0.10783063153447728
group_1710.aln,0.014968790659467397
ftsL.aln,0.008124984605071996
arnA.aln,0.017656469375071947
group_3008.aln,0.00839875658556253
group_2502.aln,0.011566716418351523
yqjE.aln,0.005664013514875949
group_767.aln,0.00940366613380529
pgk.aln,0.0077132897421749586
hdeB.aln,0.0019288308130145841
group_2347.aln,0.014634617763994506
group_777.aln,0.010938538346004188
eamA.aln,0.017446992933060856
rapA.aln,0.012697875696899844
group_812.aln,0.009926670943128964
group_802.aln,0.01611816289532239
group_3850.aln,0.011744592737949606
bipA.aln,0.008621572825845495
dsdC.aln,0.01709349731154716
group_1094.aln,0.013371487332622538
group_1865.aln,0.009632913622196204
ugpB.aln,0.009959738303768905
group_1084.aln,0.016650255053470325
trmJ.aln,0.010982106284790839
group_2879.aln,0.015388668932365963
mppA.aln,0.01278514894505394
group_2098.aln,0.010673938470140287
hycE.aln,0.03176581198414135
rclA.aln,0.015325587343505895
group_2869.aln,0.0031387687043647134
ysaB.aln,0.018321515457820996
gluA.aln,0.022484501318542058
group_395.aln,0.012388216894469894
sigE.aln,0.023364525987315365
tamB.aln,0.015067923928184167
fhuA.aln,0.18031826610810464
ycgL.aln,0.019902892465642395
mgtB.aln,0.014585849516797464
group_1380.aln,0.012586903330861777
group_1817.aln,0.014642170247631703
dsbA.aln,0.007829908393108846
metL.aln,0.017576323827038397
pmrR.aln,0.0
recX.aln,0.006459853626722813
selO.aln,0.01804697028774661
csgG.aln,0.008182030611889586
ttrC.aln,0.019792655647414607
chbR.aln,0.005803762169299023
trkH.aln,0.009120907778257359
group_3822.aln,0.01729847473293932
group_908.aln,0.01056146528666263
group_860.aln,0.009760468490789976
group_3832.aln,0.011120737910135273
group_918.aln,0.010916793021284659
group_705.aln,0.010776520182392028
group_1137.aln,0.013145800053714993
group_4701.aln,0.020647426115882345
artM.aln,0.01798430973359573
yicJ.aln,0.10997662654774873
cysQ.aln,0.014595221970194814
group_150.aln,0.015320190989590487
group_1762.aln,0.007521623661607743
ygiN.aln,0.01038771127935515
group_4154.aln,0.11486167300662145
group_1772.aln,0.011875608885802557
group_140.aln,0.012031058406074175
group_2418.aln,0.004064399081403485
group_1404.aln,0.011977205827893089
group_236.aln,0.02633818228343311
bcsE.aln,0.006330974454063798
group_226.aln,0.013082505408753537
yaaU.aln,0.013519635255428252
group_2606.aln,0.004275125522631078
group_1251.aln,0.02216825875124103
gsiD.aln,0.01136785731845371
group_4.aln,0.018680407230266594
ybjM.aln,0.00935500634860767
group_1329.aln,0.011688342427788684
group_2043.aln,0.014089367876021571
hspQ.aln,0.004956611593040095
group_3549.aln,0.014876548828158961
sipB.aln,0.007119086786360961
group_473.aln,0.006928769028719891
group_1241.aln,0.00723055611240918
group_2053.aln,0.01599110672205939
group_3559.aln,0.0032299268133614066
group_2748.aln,0.0024003778549199083
group_3242.aln,0.011409588245463459
group_210.aln,0.017372564936032113
hilD.aln,0.006313128066062113
group_368.aln,0.010240280202131453
group_3252.aln,0.0
group_2620.aln,0.01277418496234988
hypF.aln,0.01605273781810057
dppF.aln,0.016317283813221613
group_378.aln,0.009417225795179196
group_445.aln,0.01268519415960557
group_1277.aln,0.020385108721175837
kefB.aln,0.016352030828618594
glgB.aln,0.011828961154209408
group_4441.aln,0.01830145381891203
group_455.aln,0.01115847659205877
group_2075.aln,0.007722872853626255
group_1111.aln,0.016462375423005757
group_3771.aln,0.038858572843570284
group_723.aln,0.010609910799113125
group_1888.aln,0.012252896756460177
group_2303.aln,0.012117157980955032
dagR.aln,0.08311229441698822
aspC.aln,0.010105804725406755
group_3761.aln,0.012136221528677483
group_733.aln,0.02161985565406804
group_1898.aln,0.0196152714460434
ssaI.aln,0.016077875782380693
group_1101.aln,0.013050725258316933
bamC.aln,0.010563436308691502
group_1079.aln,0.009389755846550985
group_3124.aln,0.007655833093099243
yoeI.aln,0.0
cnoX.aln,0.015517383300714071
stbD.aln,0.015331716037419627
group_3134.aln,0.0040095643200348495
group_4172.aln,0.05305513826663037
group_38.aln,0.014103022534098899
group_987.aln,0.014837436673797864
group_1831.aln,0.013515431520275052
sdiA.aln,0.014856956931109737
group_91.aln,0.012934434259710841
group_856.aln,0.01236410704057372
group_3804.aln,0.015306424832167174
group_3814.aln,0.010789517421253702
yciT.aln,0.011136677608648834
group_1695.aln,0.011691398796294607
marA.aln,0.006012557315182242
cadC.aln,0.08741615346100771
yrbN.aln,0.0
ghxP.aln,0.0173423197004647
pduC.aln,0.02234172965414292
rbsC.aln,0.014940426161021302
glpE.aln,0.0067667175990261865
fimA.aln,0.02830842811759321
pagP.aln,0.017167094367415533
group_584.aln,0.03102633884360651
ompR.aln,0.012182668504041838
hflC.aln,0.008443202742251087
yjjA.aln,0.019795679230444316
sicA.aln,0.00671609574592437
group_1581.aln,0.010890862213417354
group_3289.aln,0.0
group_2783.aln,0.013329205747641196
deoR.aln,0.013543320156971357
group_1591.aln,0.06699828994459389
oppB.aln,0.022383135498823363
group_3866.aln,0.05007886398769443
group_824.aln,0.012885395671926581
group_3876.aln,0.10749682946654694
group_3097.aln,0.0012919707253445628
torR.aln,0.10710899305218996
group_680.aln,0.016897498210393103
group_690.aln,0.0212289393852069
group_114.aln,0.01590097056598145
group_4100.aln,0.10810338665649802
group_2534.aln,0.0072223042714592185
group_4078.aln,0.10995372405744658
group_4110.aln,0.13469233467491062
group_1736.aln,0.01952751855920781
group_104.aln,0.016351455573920703
group_3156.aln,0.010464143999850014
group_4068.aln,0.04075148150549614
purR.aln,0.010635235233253628
group_2524.aln,0.007470614276248567
group_741.aln,0.006314694279898817
group_2219.aln,0.013913713787137693
pduV.aln,0.038821073841152354
phsB.aln,0.0070870982669216775
group_1173.aln,0.01187059604929528
group_639.aln,0.010084567218683373
group_1992.aln,0.01642540190916395
group_2361.aln,0.006376449146032324
group_4745.aln,0.36225810995890184
group_1163.aln,0.026019535758376736
secB.aln,0.008378921555735271
group_751.aln,0.015334043812400916
yciA.aln,0.007955380395570666
group_4433.aln,0.015200746985377787
group_427.aln,0.009445750144584705
group_3475.aln,0.03200213866053854
ilvB.aln,0.0
group_2007.aln,0.02359562157395227
pdeF.aln,0.014902446334664289
dnaB.aln,0.011216372129720584
adeP.aln,0.029486015493306088
spaM.aln,0.0078083687573262135
yjaH.aln,0.01060886035190414
group_1205.aln,0.0038363725779962535
ompS1.aln,0.19944851688031087
foxA.aln,0.011429035914903811
group_1440.aln,0.018116415553540714
group_4266.aln,0.026140774944075476
group_272.aln,0.010346260739291917
rseB.aln,0.011090247295483491
group_1538.aln,0.006766571531397206
group_2652.aln,0.004250026403595729
group_262.aln,0.01743009473449137
group_4276.aln,0.05356813746946028
yaeQ.aln,0.009124483867121499
iraD.aln,0.013780394050177948
chaA.aln,0.012352469346425744
group_1528.aln,0.005848136744131719
rdgC.aln,0.006852065104611652
group_4282.aln,0.028801775943034156
group_296.aln,0.018626963977596656
lsrE.aln,0.014618702423831615
group_286.aln,0.006464564359317982
group_4292.aln,0.06941015728122406
group_2802.aln,0.0020047821600174247
hydN.aln,0.015775882702155648
ftsP.aln,0.009103312543794826
waaY.aln,0.018123292182160453
group_1399.aln,0.011867444122084165
recQ.aln,0.012370064618574496
group_1197.aln,0.011742568297660412
ydiV.aln,0.018255524215380226
trkA.aln,0.015499816591449651
group_1187.aln,0.01993046670634276
eutT.aln,0.016538316387455666
group_1966.aln,0.021829929403753952
brnQ.aln,0.008689292224626843
yjbR.aln,0.014284254273877414
slyA.aln,0.008997854422394851
lptC.aln,0.00545434437167493
group_3943.aln,0.011176876279389543
group_901.aln,0.015623381747720811
group_4708.aln,0.2756824826822624
yicC.aln,0.01384174713645183
group_4670.aln,0.03435718576818174
dcuC.aln,0.015706492517743066
insA.aln,0.12095504713724674
sptP.aln,0.12083824482345985
dctC.aln,0.012469115965468265
group_1046.aln,0.009077565900460806
group_17.aln,0.01595721423540115
group_2411.aln,0.015265170666397659
sufC.aln,0.01520947558469381
group_4025.aln,0.04869957303003597
potB.aln,0.009957094143852131
group_1603.aln,0.019001687536940027
fdhE.aln,0.026114084526582447
group_159.aln,0.015432461579854385
group_3892.aln,0.1086978727169595
flgD.aln,0.0035117893869634287
group_3073.aln,0.005489320518824272
group_2579.aln,0.013858956412226795
group_4035.aln,0.010393612108032689
group_2777.aln,0.012783021191084779
group_357.aln,0.008314893704967612
group_3305.aln,0.0032299268133614066
iscA.aln,0.007403035877643569
group_2767.aln,0.010495045906609924
hslV.aln,0.0023114319976341212
group_4353.aln,0.019653265957932133
group_347.aln,0.01737814244028743
group_1248.aln,0.016106113348297035
group_3550.aln,0.0
group_502.aln,0.01874980511569975
group_1258.aln,0.009914411708115536
group_2132.aln,0.009839017177699095
group_1320.aln,0.007938492933451467
ybjD.aln,0.017422108713195605
rlpA.aln,0.016616765448804048
group_512.aln,0.02103541588372158
group_418.aln,0.010098040229136166
group_1352.aln,0.009156867926509996
group_560.aln,0.011872129929766767
yjbG.aln,0.019143797258205843
group_408.aln,0.009362878589348183
group_2028.aln,0.008238730703856563
group_570.aln,0.009421560404392886
group_1342.aln,0.010051245823268272
sstT.aln,0.01116545204202403
ydhC.aln,0.03244265835670231
group_4321.aln,0.10668288311364363
eutA.aln,0.01884427122133327
group_335.aln,0.020780766119987196
group_3367.aln,0.011008540571550065
group_2705.aln,0.010043177005733886
cecR.aln,0.01583871474502197
recD.aln,0.016930010493329664
group_4249.aln,0.03955408351729873
mnmG.aln,0.012570136819853172
group_4331.aln,0.23726994529663661
group_2473.aln,0.012807287599163612
ycfP.aln,0.007464056147781106
group_1719.aln,0.013692292160607572
ftsE.aln,0.006044632853005083
yfiM.aln,0.007057971570552553
group_3998.aln,0.015842496116368406
group_4047.aln,0.0144126220592277
group_1661.aln,0.016736396885493412
group_65.aln,0.04365785032473162
group_1709.aln,0.017119927640048646
smrB.aln,0.0071722656333228175
group_2463.aln,0.011921415244645364
group_4057.aln,0.010033520060024547
group_3988.aln,0.011163265729628585
aroH.aln,0.017016407026014528
group_2226.aln,0.013028932925431894
tsaB.aln,0.01175927888141191
yidA.aln,0.0445065283650866
group_4602.aln,0.02227151502677673
tdcC.aln,0.10480836637725945
fetA.aln,0.01045409568892735
group_4186.aln,0.017305665183731764
group_3859.aln,0.026432122398721745
group_192.aln,0.007123601254597801
group_3921.aln,0.01021528252553181
group_973.aln,0.010585015769629634
clpB.aln,0.022161232209220897
group_3849.aln,0.02684972153071359
hisP.aln,0.013368333100133592
group_3931.aln,0.020642975245340794
envC.aln,0.015169119464088913
group_3795.aln,0.007719592701919161
cheY.aln,0.006971292636575036
group_1904.aln,0.01488408926128982
group_1283.aln,0.007267777116422896
yjiN.aln,0.014637992631277437
sgcX.aln,0.01695082289881532
group_80.aln,0.0140723475717558
group_847.aln,0.031188135626398196
group_1684.aln,0.008407258581787298
group_2496.aln,0.01666682775961
narL.aln,0.01325462605447107
group_3805.aln,0.0156014217611892
group_857.aln,0.01287795254068669
group_1958.aln,0.007811116735753618
yijD.aln,0.012668470742032895
iraP.aln,0.0
msrB.aln,0.009114558125417801
mtlA.aln,0.02237459685410958
group_1830.aln,0.01024371101716191
ytfJ.aln,0.011565548753217567
group_595.aln,0.014966218432783653
yceK.aln,0.004589895997934631
pduB.aln,0.01918119675790772
rbsB.aln,0.013259156419633964
yigZ.aln,0.00882320593731108
group_4538.aln,0.020845199685894822
group_2074.aln,0.004378715813204436
group_1266.aln,0.007864955834573412
group_454.aln,0.019746905732726347
gcvA.aln,0.010598466449489077
yiaX1.aln,0.023464462370359433
group_444.aln,0.010625579681675639
kefC.aln,0.016340218626621925
group_2621.aln,0.01574391950510955
group_4215.aln,0.07668597527213025
group_201.aln,0.013602741457996559
group_369.aln,0.01985054378998319
group_2631.aln,0.01574393697018763
tcuR.aln,0.11548535206916667
lplT.aln,0.01441155106777875
grpE.aln,0.042701226621760756
group_3135.aln,0.006407309734617502
group_167.aln,0.022269477673307357
group_4173.aln,0.0994480366125371
cbiM.aln,0.09944609821362582
stbE.aln,0.027218716899340436
group_1745.aln,0.011882297611519554
ompF.aln,0.007085446113529092
group_2312.aln,0.00138425434858346
bamB.aln,0.016989365227164384
group_1899.aln,0.008766532221832577
group_3760.aln,0.024873270602788957
group_1100.aln,0.01294004370584718
group_1068.aln,0.008956752029174966
yhgE.aln,0.0156339857775016
group_2302.aln,0.00275212698889966
tcyL.aln,0.011597477408297831
group_1110.aln,0.016394796580552335
group_3770.aln,0.011956030688910787
radA.aln,0.022439060519714844
group_1983.aln,0.010662887888125056
group_2208.aln,0.0073275502483272645
group_750.aln,0.010620451940552587
hprR.aln,0.014352611230336708
group_1993.aln,0.014562121300842331
group_638.aln,0.006622732363578323
yahN.aln,0.010718329742647104
group_740.aln,0.012986231157289321
group_1172.aln,0.012981702505259844
phsC.aln,0.01377314123177685
pduW.aln,0.013909852703771099
pagD.aln,0.03110521395557693
group_2525.aln,0.010025369792236147
group_1737.aln,0.015424495716903209
group_3157.aln,0.00679787397696635
yqiB.aln,0.005772635155794854
group_2535.aln,0.0016038257280139398
lysO.aln,0.013875504262116636
group_4079.aln,0.0216492801665355
group_3147.aln,0.001352062386988496
group_1727.aln,0.009515815341953879
group_4101.aln,0.021891242237602793
sopB.aln,0.017261156340594965
group_2643.aln,0.006994127234948008
ydjM.aln,0.016009968629114836
group_1529.aln,0.01182842071824481
group_4277.aln,0.03259266816480388
group_1539.aln,0.016737565665225138
group_2653.aln,0.005587668320407988
group_4267.aln,0.01830687902826749
rseC.aln,0.010932523007769094
group_273.aln,0.007347819744336694
group_2016.aln,0.01619688319140365
group_436.aln,0.015934374596000948
group_1204.aln,0.01634311265316455
pipB2.aln,0.04086620066856779
dnaC.aln,0.016738126935685986
group_2006.aln,0.00602300876813351
ytjA.aln,0.004220610529930577
group_1214.aln,0.017578662830366642
group_426.aln,0.013593090989475008
group_1590.aln,0.0081121373752207
ruvA.aln,0.02950291453336882
group_3288.aln,0.006371362481151268
group_1580.aln,0.016450847575530298
group_2792.aln,0.01567228426044801
dgcC.aln,0.01530378367070213
group_691.aln,0.008485971475666855
lplA.aln,0.05725814991671071
yacG.aln,0.006320026588054209
group_681.aln,0.013360686717404154
torS.aln,0.02031475223940351
group_1852.aln,0.012920626427474796
argO.aln,0.10360906857754147
fliA.aln,0.003864121732156927
group_3877.aln,0.008450872227191791
group_825.aln,0.012852413314966914
group_3867.aln,0.019760267383010108
flhA.aln,0.015093636583836608
mntP.aln,0.013069690088715504
group_3072.aln,0.0012638844052283765
phoE~~~ompS2.aln,0.11963495742227688
asnC.aln,0.015367223390695094
flgE.aln,0.019021286150169132
group_3893.aln,0.01243893468050178
group_1602.aln,0.0068774038674858234
acrA.aln,0.011945871012347266
potC.aln,0.0075437502718256125
fdhD.aln,0.025447355158998534
group_3883.aln,0.10834773676780618
group_16.aln,0.013664585198545442
sufB.aln,0.015061925689239164
group_148.aln,0.003674999980232905
hofQ.aln,0.02740028740692637
group_1047.aln,0.011820313835955833
nagD.aln,0.01454088000934199
group_4661.aln,0.18359915225228904
group_4719.aln,0.03761700131280389
group_1057.aln,0.013511516336631463
dcuB.aln,0.010656572951348591
group_4671.aln,0.15830654805769523
yhdJ.aln,0.006820753766455651
tsgA.aln,0.019516943104915873
group_2245.aln,0.013990332489823365
group_1321.aln,0.01153168974353368
group_513.aln,0.007786244595695683
group_1259.aln,0.010399901844227637
group_2133.aln,0.014163926227241812
group_503.aln,0.011535943731987576
group_3551.aln,0.0
gntR.aln,0.1183448996804097
group_2123.aln,0.014281262534213428
fieF.aln,0.00949564661032087
group_1249.aln,0.009805869108110899
group_4352.aln,0.031319028453243615
zapA.aln,0.0010570669571000968
group_2766.aln,0.013643597384645403
group_3304.aln,0.006176751666578133
group_356.aln,0.014913949835289842
group_4342.aln,0.06695475025442979
group_1564.aln,0.008971033931864065
rlmN.aln,0.01520318082455848
group_2776.aln,0.0019542414332942965
yeiH.aln,0.015310099037733942
ybaL.aln,0.014976309823435247
citB.aln,0.009760940991638259
ftsQ.aln,0.004633055553380944
ubiE.aln,0.0077315005407456085
wzxC.aln,0.012332706455383934
yecA.aln,0.007732621898013135
group_4293.aln,0.18297906945345183
lsrD.aln,0.007631127356138672
group_4283.aln,0.02731361073770603
group_297.aln,0.010148220369819164
group_878.aln,0.017595300702797443
napC.aln,0.006861942350433409
mlaC.aln,0.015642208027281966
arcB.aln,0.011809261435371901
mutH.aln,0.011422810906118743
group_910.aln,0.007913336435588166
group_3942.aln,0.011364540655034429
lptB.aln,0.009462081923087909
group_868.aln,0.011648365949008935
iprA.aln,0.01176049353140581
group_1186.aln,0.010350163275010734
dsbI.aln,0.011841001748345358
yafJ.aln,0.006265360290784447
tehA.aln,0.013575073896609231
group_1905.aln,0.007797368158676201
yhhA.aln,0.023976155985450644
yaaH.aln,0.00869756751877571
group_1915.aln,0.01683867083537165
group_3794.aln,0.015360960810788592
iscU.aln,0.009356488756692259
group_3930.aln,0.10696651374022365
group_183.aln,0.009367343577602794
tolR.aln,0.009650267442444795
group_3848.aln,0.10821122304740127
aegA.aln,0.020782549476066985
group_972.aln,0.014499059988922378
murJ.aln,0.011939465399232461
group_3920.aln,0.01261227003109299
ssrB.aln,0.012213412100152045
group_3858.aln,0.10261095233799085
group_4187.aln,0.18332669012800185
group_193.aln,0.02429288730726481
artP.aln,0.005891641446983559
ydcK.aln,0.016790036353349417
group_4399.aln,0.11753371632254185
pat.aln,0.014233320374293973
group_2090.aln,0.010494535268257018
group_2080.aln,0.004971066425008471
group_1292.aln,0.010098364312675684
group_3376.aln,0.009262786979112434
group_324.aln,0.01364078513727741
group_4330.aln,0.026329420834624643
thiH.aln,0.09360170109731837
diaA.aln,0.0048210335417535975
group_4248.aln,0.0531087878370957
wcaC.aln,0.02602331256845084
group_4320.aln,0.03807408580139953
metQ.aln,0.014399184181318504
tyrB.aln,0.017938283117134645
group_3366.aln,0.0017354830638956812
group_4258.aln,0.029868055908532934
sctE~~~sseC.aln,0.029529530771907658
group_571.aln,0.00433940066625112
group_2029.aln,0.0014497331599021227
group_1343.aln,0.019533238106284826
yjbF.aln,0.018793942152023946
group_1353.aln,0.012781379513067336
group_561.aln,0.015219464703355489
group_419.aln,0.01096546893184614
yfeR.aln,0.016223476206043672
group_1025.aln,0.011576494063638008
group_4603.aln,0.1071350721395113
tdcB.aln,0.00983315996654244
group_617.aln,0.01285827619215532
yebT.aln,0.013639265113454039
group_2237.aln,0.003308995461019534
group_607.aln,0.013777757216705693
group_1035.aln,0.023633826299486762
group_4613.aln,0.11606303847183064
group_2227.aln,0.0016452027994394876
sseE.aln,0.005452917693699794
group_4056.aln,0.010584519847335003
yoaE.aln,0.010992255521883229
glnP.aln,0.007934709740364278
group_2462.aln,0.004930640660531751
ybaY.aln,0.00922622394528312
bglJ.aln,0.014208131999886754
group_1660.aln,0.010495935667975532
malT.aln,0.016291742333563397
group_3999.aln,0.05586254484431269
group_74.aln,0.010237262681545067
orgC.aln,0.011573557574553117
group_2211.aln,0.00991559076475245
group_749.aln,0.01825224489970917
group_1013.aln,0.02054344980282436
group_4635.aln,0.11327966587939722
ydfZ.aln,0.011733288029883262
group_621.aln,0.012915123347600602
sgrT.aln,0.00997862106295706
ulaR.aln,0.012985957169901783
group_759.aln,0.012566749582767402
group_3036.aln,0.002447944532231803
group_1656.aln,0.014179715721891162
group_4070.aln,0.10646742409849587
group_2444.aln,0.015338764833736673
group_885.aln,0.014472092530959997
qseF.aln,0.01402178298741989
group_4108.aln,0.10311592168045094
group_1646.aln,0.006557241218577819
nsrR.aln,0.003275418740310159
group_3026.aln,0.009440292112028695
group_52.aln,0.014480037784995662
group_895.aln,0.013944436079372034
group_4316.aln,0.01897243993877813
group_1448.aln,0.015720699116017485
group_2722.aln,0.0074191137257413
group_3340.aln,0.0
group_4306.aln,0.03265958193426985
group_1520.aln,0.012172300592937207
group_2996.aln,0.002165014177873513
dnaJ.aln,0.0071825945250854
pdeN.aln,0.014489366808529004
cobD.aln,0.015702206014332972
group_3515.aln,0.006100960381254766
group_1375.aln,0.013368777234287671
narP.aln,0.005810648789804567
group_2167.aln,0.01107584640948752
shdA.aln,0.29967677002534016
yrdD.aln,0.01520091573562654
rcsA.aln,0.010325861958007677
group_3291.aln,0.003185681240575634
ssaT.aln,0.025276075519102676
tcyP.aln,0.009948966148357332
group_496.aln,0.013935795261678943
group_4482.aln,0.02994160035703113
cbiQ.aln,0.015651392854552477
sapF.aln,0.013482039622693507
group_4492.aln,0.01789133125877077
yjjI.aln,0.014115996639634898
emrB.aln,0.015383730313457246
hflK.aln,0.00818423372122717
group_486.aln,0.01263213415889447
group_1923.aln,0.00566575394620743
bioA.aln,0.008496427194574071
group_698.aln,0.011548855733537174
group_1933.aln,0.017767117607200535
htpG.aln,0.012973589830119356
group_3916.aln,0.01856117852305124
group_2585.aln,0.015162658634331203
ybiV.aln,0.008346234582008878
yohJ.aln,0.007720682543091501
group_2595.aln,0.007151759069734632
group_954.aln,0.024481956228428643
group_3906.aln,0.01577583397032229
fliH.aln,0.014193086344580339
group_1787.aln,0.013340692206686511
frdB.aln,0.007759525318107966
group_926.aln,0.01686525072415704
group_3974.aln,0.029097900418133135
group_99.aln,0.011122985378270478
spaP.aln,0.010377315012637833
group_3964.aln,0.021775655290523943
araD.aln,0.019611184972414996
sgcQ.aln,0.018676687372319072
sthE.aln,0.11158965166198238
group_89.aln,0.007543496052353148
group_1941.aln,0.021433697170530022
nanK.aln,0.01417110468256565
group_792.aln,0.009664576063228925
group_1839.aln,0.01878380487840675
group_1951.aln,0.016729866893718956
group_782.aln,0.019833884575774886
group_4598.aln,0.057631607840815155
znuB.aln,0.01583741608484886
fimI.aln,0.1109852887003162
phoQ.aln,0.014472754248987132
fabH.aln,0.0058662925991322815
ybbJ.aln,0.012032062620562342
yceB.aln,0.015383563384421348
zntB.aln,0.010395913856887706
group_1493.aln,0.011846939053580138
yeaG.aln,0.009886267167364935
ulaG.aln,0.014371851952418455
corA.aln,0.01639317707757725
pduK.aln,0.027662536359632492
group_1483.aln,0.011451015614005657
modC.aln,0.010522259547531027
group_535.aln,0.011366484740062193
ybhC.aln,0.011642217889427217
group_4531.aln,0.13247434978791653
group_1317.aln,0.006742616542041008
group_525.aln,0.01350103404083328
group_3577.aln,0.010901002995094748
group_1552.aln,0.01737224724777633
group_218.aln,0.027817838250629306
group_2740.aln,0.00612025637053515
group_4364.aln,0.05110579461744651
group_370.aln,0.013856056586906166
group_1634.aln,0.010734288540358189
group_4012.aln,0.02302468552948293
alaE.aln,0.007508748938297845
group_4002.aln,0.026091727843019396
yodA.aln,0.012092113205661364
group_30.aln,0.013554839862906353
group_653.aln,0.0163429411291488
group_1119.aln,0.02062574764141924
slmA.aln,0.0066279348979844605
group_1880.aln,0.00690030750433785
group_643.aln,0.008027353688609606
group_4657.aln,0.04441298897720895
yiaD.aln,0.008100369653853906
group_1109.aln,0.008710320982378169
lolC.aln,0.011963015568457509
group_1085.aln,0.01845079243588052
mdtG.aln,0.012804776588896906
ugpC.aln,0.02014225533374961
group_2297.aln,0.0013679690033060075
group_1864.aln,0.018314106745074926
group_1095.aln,0.015289134461111383
group_1874.aln,0.01048969169524178
group_3929.aln,0.04105275612306745
group_3851.aln,0.014768176327143981
group_803.aln,0.011285277444795936
dmsD.aln,0.01865121906748115
group_3841.aln,0.010623419137213454
group_813.aln,0.019554635452605485
yfcL.aln,0.005876305914611078
group_4380.aln,0.03014624462259047
hexR.aln,0.009866365063917509
group_2868.aln,0.01180523366880446
ycaO.aln,0.01981784524101439
group_2900.aln,0.014017132223490936
dgaE.aln,0.017201226995756724
group_2099.aln,0.0092651274998672
group_2878.aln,0.015494608380778417
hofM.aln,0.016622606565584765
nuoA.aln,0.0043115584850023465
spiC.aln,0.00771049024705765
group_4329.aln,0.023819976147570532
ydhK.aln,0.01675154542298305
group_4251.aln,0.030743042066712883
group_1477.aln,0.012873329708316889
group_3217.aln,0.025272538589326175
yafV.aln,0.011284235493720006
misL.aln,0.1137609808606649
ydiK.aln,0.006852574159475342
group_1467.aln,0.015475176577119233
group_568.aln,0.02021198155698329
group_2030.aln,0.015757697691758728
group_4404.aln,0.020865402800434446
ycjF.aln,0.01993999359835869
yjcO.aln,0.014157893654132466
nlpC.aln,0.006029188983506384
group_2158.aln,0.010104107648025964
group_4414.aln,0.021201909816186696
group_1232.aln,0.009466496916526092
sseL.aln,0.07087892414381927
group_776.aln,0.011598397844007602
cytR.aln,0.010660766122760533
group_1154.aln,0.009319969290698445
group_766.aln,0.011778374718391422
yqjD.aln,0.006290962687679027
group_2503.aln,0.015470088192411028
ybaP.aln,0.01673349510932948
group_3990.aln,0.032963894335001354
group_123.aln,0.01912456206233601
group_1711.aln,0.00827702407261116
yfiE.aln,0.0336029933545286
group_4137.aln,0.10828440737631305
proV.aln,0.10349373210281648
group_2513.aln,0.013415792433552799
abrB.aln,0.014714862779944804
group_4127.aln,0.036323506965572634
group_133.aln,0.017543746884234736
group_1773.aln,0.012333112974333078
group_141.aln,0.01620468415197843
group_151.aln,0.020204926538710366
group_1763.aln,0.012733268529951002
group_4145.aln,0.027874465183319725
cysP.aln,0.026465432179413106
group_2334.aln,0.013260700047953804
group_1126.aln,0.015356342485618051
group_4700.aln,0.31782626427883687
livG.aln,0.017091207694926804
group_704.aln,0.017995745620088918
group_1136.aln,0.012536709258958719
ygdQ.aln,0.009631862796503993
group_2052.aln,0.0047198196588055024
hisM.aln,0.015223289929183014
group_1338.aln,0.01329251256723347
group_472.aln,0.009860107804568575
yjeM.aln,0.012886835992842387
group_1240.aln,0.012425974012179347
group_1328.aln,0.00790317077144242
ybjL.aln,0.012648468463576255
sipC.aln,0.006271291406747004
group_2042.aln,0.017242992368914172
group_5.aln,0.009395966588211516
group_1250.aln,0.014194992354910318
dprA.aln,0.01657694089359288
group_2607.aln,0.0076700850928795635
fixA.aln,0.01257281326150523
group_2617.aln,0.011524586262639504
group_4223.aln,0.05232229619255782
ycgM.aln,0.008331451939272391
mgtC.aln,0.016070708517428794
group_1391.aln,0.021861889056211375
ybaE.aln,0.10904593744179916
aaeA.aln,0.014449890254061744
ftsX.aln,0.018078275350009883
group_2183.aln,0.011611291716308002
dacB.aln,0.11114517929014553
group_4094.aln,0.11105881601712227
group_919.aln,0.01120715431129622
group_3833.aln,0.021961950434992886
group_861.aln,0.008338669142385098
group_4084.aln,0.022911270017579408
group_3823.aln,0.027207664850845564
group_871.aln,0.012290763510086997
csgF.aln,0.004182639038885275
